{"type":"FeatureCollection","features":[{"type":"Feature","id":"1001","properties":{"id":"1001","name":"Division No. 1","regionAbbrev":"NL","pruid":"10","cdtype":"CDR"},"geometry":{"type":"Polygon","coordinates":[[[-54.068,47.854],[-54.04,47.79],[-53.98,47.86],[-53.92,47.43],[-53.79,47.44],[-54.01,47.32],[-53.84,47.27],[-54.02,47.24],[-54.2,46.82],[-53.96,46.85],[-53.55,47.22],[-53.55,47.13],[-53.4,47.18],[-53.66,46.99],[-53.51,46.98],[-53.62,46.64],[-53.28,46.77],[-53.07,46.66],[-52.62,47.52],[-52.79,47.81],[-53.13,47.39],[-53.29,47.6],[-52.85,48.1],[-53.31,48],[-53.56,47.52],[-53.94,47.85],[-53.8,47.77],[-53.73,47.89],[-53.97,47.96],[-54.08,47.88],[-54.068,47.854]]]}},{"type":"Feature","id":"1002","properties":{"id":"1002","name":"Division No. 2","regionAbbrev":"NL","pruid":"10","cdtype":"CDR"},"geometry":{"type":"Polygon","coordinates":[[[-53.97,47.96],[-54.32,48.06],[-54.43,48.2],[-54.73,48.11],[-54.741,48.114],[-54.76,48.1],[-54.69,48.03],[-54.88,47.86],[-55.09,47.59],[-54.7,47.67],[-55.98,46.92],[-55.3,46.9],[-55.07,47.1],[-55.25,47.17],[-55.06,47.15],[-54.41,47.62],[-54.52,47.37],[-54.27,47.9],[-54.1,47.82],[-54.068,47.854],[-54.08,47.88],[-53.97,47.96]]]}},{"type":"Feature","id":"1003","properties":{"id":"1003","name":"Division No. 3","regionAbbrev":"NL","pruid":"10","cdtype":"CDR"},"geometry":{"type":"Polygon","coordinates":[[[-55.94,47.7],[-56.11,47.64],[-55.89,47.61],[-55.91,47.646],[-55.86,47.61],[-55.62,47.68],[-56.19,47.49],[-55.72,47.62],[-55.94,47.44],[-55.58,47.58],[-55.6,47.4],[-55.41,47.49],[-55.44,47.75],[-55.38,47.65],[-55.12,47.7],[-55.14,47.58],[-54.94,47.79],[-55.09,47.59],[-54.88,47.86],[-54.69,48.03],[-54.76,48.1],[-54.741,48.114],[-54.88,48.17],[-55.06,48.17],[-55.04,48.23],[-55.25,48.21],[-55.91,48.25],[-56.09,48.54],[-56.52,48.53],[-56.99,48.29],[-57.3,48.37],[-57.25,48.47],[-57.71,48.24],[-57.945,48.24],[-57.92,48.22],[-58.1,48.19],[-58.16,48.09],[-58.38,48.07],[-58.33,47.99],[-59.04,47.76],[-59.31,47.62],[-58.69,47.6],[-58.54,47.75],[-58.53,47.65],[-58.33,47.8],[-58.36,47.65],[-57.91,47.75],[-57.66,47.6],[-57.35,47.64],[-57.27,47.78],[-57.34,47.59],[-57.18,47.7],[-57.14,47.58],[-56.87,47.54],[-56.87,47.64],[-56.81,47.53],[-56.77,47.65],[-56.53,47.62],[-56.6,47.75],[-56.51,47.61],[-56.32,47.63],[-56.33,47.79],[-56.17,47.64],[-56.17,47.87],[-56.05,47.7],[-55.86,47.78],[-55.78,47.95],[-55.82,47.78],[-55.66,47.87],[-55.921,47.667],[-55.94,47.7]]]}},{"type":"Feature","id":"1004","properties":{"id":"1004","name":"Division No. 4","regionAbbrev":"NL","pruid":"10","cdtype":"CDR"},"geometry":{"type":"Polygon","coordinates":[[[-57.945,48.24],[-57.97,48.24],[-57.957,48.25],[-57.84,48.34],[-57.39,48.52],[-57.5,48.58],[-57.56,48.51],[-58.19,48.73],[-58.115,48.805],[-58.119,48.818],[-58.165,48.858],[-58.501,48.938],[-58.71,48.56],[-58.97,48.63],[-58.76,48.79],[-59.22,48.55],[-59.27,48.47],[-58.43,48.49],[-59.4,47.92],[-59.31,47.66],[-59.04,47.76],[-58.33,47.99],[-58.38,48.07],[-58.16,48.09],[-58.1,48.19],[-57.92,48.22],[-57.945,48.24]]]}},{"type":"Feature","id":"1005","properties":{"id":"1005","name":"Division No. 5","regionAbbrev":"NL","pruid":"10","cdtype":"CDR"},"geometry":{"type":"Polygon","coordinates":[[[-57.5,48.58],[-57.38,48.84],[-57.1,48.83],[-56.69,49.04],[-56.657,49.174],[-56.77,49.2],[-56.77,49.218],[-56.99,49.25],[-56.72,49.47],[-56.78,49.63],[-56.88,49.54],[-56.66,50.12],[-56.95,50.07],[-57.11,50.23],[-57.2,50.03],[-57.41,49.85],[-57.58,49.72],[-57.69,49.6],[-57.43,49.37],[-58.24,49.32],[-57.93,49.25],[-58.11,49.15],[-57.85,49.18],[-58.15,49.12],[-57.89,48.96],[-58.37,49.15],[-58.51,48.94],[-58.501,48.938],[-58.165,48.858],[-58.119,48.818],[-58.115,48.805],[-58.19,48.73],[-57.56,48.51],[-57.5,48.58]]]}},{"type":"Feature","id":"1006","properties":{"id":"1006","name":"Division No. 6","regionAbbrev":"NL","pruid":"10","cdtype":"CDR"},"geometry":{"type":"Polygon","coordinates":[[[-55.25,48.21],[-54.86,48.64],[-54.83,48.7],[-54.71,48.84],[-54.445,48.802],[-54.43,48.8],[-54.409,48.816],[-54.344,48.864],[-54.23,48.95],[-54.34,48.99],[-54.345,49.007],[-54.368,48.993],[-54.809,49.126],[-55.045,49.197],[-55.12,49.22],[-55.242,49.177],[-55.31,49.17],[-55.31,49.23],[-55.59,49.23],[-55.78,49.06],[-55.63,49.29],[-56.51,49.35],[-56.77,49.25],[-56.77,49.218],[-56.77,49.2],[-56.657,49.174],[-56.69,49.04],[-57.1,48.83],[-57.38,48.84],[-57.5,48.58],[-57.39,48.52],[-57.84,48.34],[-57.957,48.25],[-57.97,48.24],[-57.945,48.24],[-57.71,48.24],[-57.25,48.47],[-57.3,48.37],[-56.99,48.29],[-56.52,48.53],[-56.09,48.54],[-55.91,48.25],[-55.25,48.21]]]}},{"type":"Feature","id":"1007","properties":{"id":"1007","name":"Division No. 7","regionAbbrev":"NL","pruid":"10","cdtype":"CDR"},"geometry":{"type":"MultiPolygon","coordinates":[[[[-54.741,48.114],[-54.73,48.11],[-54.43,48.2],[-54.32,48.06],[-53.7,47.89],[-53.61,48.05],[-53.96,48.02],[-53.68,48.06],[-53.94,48.08],[-53.96,48.24],[-53.64,48.17],[-53.39,48.27],[-53.37,48.4],[-53.1,48.41],[-53.01,48.54],[-53.09,48.7],[-53.28,48.52],[-53.45,48.63],[-53.65,48.39],[-53.64,48.54],[-54.16,48.34],[-53.62,48.68],[-53.85,48.76],[-53.97,48.62],[-53.88,48.84],[-54.22,48.77],[-53.81,48.94],[-53.88,49.04],[-53.6,49.04],[-53.71,49.09],[-53.46,49.25],[-53.75,49.28],[-53.93,49.16],[-54.372,49.15],[-54.39,49.15],[-54.387,49.141],[-54.351,49.025],[-54.345,49.007],[-54.34,48.99],[-54.23,48.95],[-54.344,48.864],[-54.409,48.816],[-54.43,48.8],[-54.445,48.802],[-54.71,48.84],[-54.83,48.7],[-54.86,48.64],[-55.25,48.21],[-55.04,48.23],[-55.06,48.17],[-54.88,48.17],[-54.741,48.114]]],[[[-53.79,48.78],[-53.8,48.78],[-53.8,48.77],[-53.79,48.78]]],[[[-53.78,48.78],[-53.79,48.78],[-53.79,48.77],[-53.78,48.78]]],[[[-53.69,48.93],[-53.715,48.93],[-53.7,48.94],[-53.77,48.93],[-53.73,48.92],[-53.69,48.93]]],[[[-53.53,48.2],[-53.69,48.15],[-53.93,48.21],[-53.95,48.17],[-53.64,48.08],[-53.53,48.2]]]]}},{"type":"Feature","id":"1008","properties":{"id":"1008","name":"Division No. 8","regionAbbrev":"NL","pruid":"10","cdtype":"CDR"},"geometry":{"type":"MultiPolygon","coordinates":[[[[-56.77,49.218],[-56.77,49.25],[-56.51,49.35],[-55.63,49.29],[-55.78,49.06],[-55.59,49.23],[-55.24,49.27],[-55.16,49.54],[-55.34,49.54],[-55.33,49.3],[-55.4,49.51],[-55.58,49.36],[-55.54,49.49],[-55.69,49.38],[-55.85,49.53],[-56.14,49.43],[-55.84,49.57],[-56,49.57],[-55.89,49.72],[-56.19,49.57],[-56.14,49.7],[-55.48,49.94],[-56.02,50.04],[-56.22,49.92],[-56.17,50.15],[-56.78,49.63],[-56.72,49.47],[-56.99,49.25],[-56.77,49.218]]],[[[-54.345,49.007],[-54.351,49.025],[-54.387,49.141],[-54.39,49.15],[-54.372,49.15],[-53.93,49.16],[-53.75,49.28],[-53.53,49.28],[-53.94,49.46],[-54.38,49.44],[-54.52,49.26],[-54.47,49.57],[-54.84,49.27],[-54.86,49.42],[-54.89,49.29],[-55.05,49.22],[-55.09,49.36],[-55.31,49.17],[-55.242,49.177],[-55.12,49.22],[-55.045,49.197],[-54.809,49.126],[-54.368,48.993],[-54.345,49.007]]],[[[-54.55,49.65],[-54.77,49.53],[-54.9,49.6],[-54.89,49.48],[-54.6,49.55],[-54.55,49.65]]],[[[-54.1,49.74],[-54.32,49.58],[-54,49.65],[-54.1,49.74]]]]}},{"type":"Feature","id":"1009","properties":{"id":"1009","name":"Division No. 9","regionAbbrev":"NL","pruid":"10","cdtype":"CDR"},"geometry":{"type":"Polygon","coordinates":[[[-56.95,50.07],[-56.61,50.13],[-56.51,50.42],[-56.11,50.67],[-56.26,50.9],[-56.09,50.72],[-55.83,50.92],[-55.72,51.19],[-56.1,51.13],[-56,51.19],[-56.09,51.36],[-55.6,51.3],[-55.42,51.58],[-55.75,51.58],[-55.65,51.47],[-55.9,51.5],[-55.9,51.63],[-56.74,51.31],[-56.91,51.02],[-57.1,51.02],[-56.83,50.92],[-57.41,50.7],[-57.16,50.62],[-57.48,50.48],[-57.83,49.91],[-57.66,49.82],[-57.82,49.87],[-57.96,49.6],[-57.7,49.45],[-58.02,49.56],[-58.24,49.32],[-57.43,49.37],[-57.69,49.6],[-57.58,49.72],[-57.41,49.85],[-57.2,50.03],[-57.11,50.23],[-56.95,50.07]]]}},{"type":"Feature","id":"1010","properties":{"id":"1010","name":"Division No. 10","regionAbbrev":"NL","pruid":"10","cdtype":"CDR"},"geometry":{"type":"MultiPolygon","coordinates":[[[[-55.86,52.81],[-55.86,52.82],[-55.87,52.82],[-55.86,52.81]]],[[[-55.77,53.48],[-56,53.47],[-55.79,53.39],[-55.77,53.48]]],[[[-60.99,56.11],[-61.21,56.05],[-60.94,56.01],[-60.99,56.11]]],[[[-62.17,56.3],[-61.94,56.27],[-61.84,56.4],[-62.09,56.43],[-62.17,56.3]]],[[[-61.21,55.51],[-61.015,55.789],[-60.944,55.819],[-60.87,55.85],[-61.52,56.02],[-61.3,56.04],[-62.93,55.99],[-63.74,56.14],[-63.86,56.21],[-64.03,56.07],[-63.44,56.03],[-63.85,55.91],[-63.64,55.64],[-63.79,55.47],[-63.32,55.41],[-63.68,55.27],[-63.4,55.26],[-63.414,55.251],[-63.6,55.13],[-63.56,55],[-63.59,54.9],[-63.82,54.938],[-63.83,54.94],[-63.82,54.82],[-63.71,54.62],[-63.983,54.604],[-64.058,54.608],[-64.18,54.72],[-64.77,54.73],[-65.09,54.97],[-65.69,54.71],[-65.85,54.93],[-66.26,55],[-66.5,55.21],[-66.811,55.356],[-66.812,55.35],[-66.67,55.18],[-66.63,54.98],[-66.756,54.984],[-66.757,54.984],[-66.65,54.86],[-66.622,54.795],[-66.628,54.791],[-66.74,54.81],[-66.67,54.71],[-67.132,54.954],[-67.181,54.999],[-67.22,55],[-67.341,55.073],[-67.37,55.09],[-67.47,55.06],[-67.42,55],[-67.38,54.95],[-67.081,54.68],[-67.28,54.59],[-67.27,54.49],[-67.49,54.58],[-67.77,54.44],[-67.62,54.2],[-67.76,54.09],[-67.5,53.84],[-67.6,53.76],[-67.32,53.55],[-66.89,53.41],[-66.99,53.08],[-67.39,53.13],[-67.24,52.98],[-67.16,52.82],[-66.76,52.67],[-66.46,53.06],[-66.337,52.975],[-66.326,52.96],[-66.291,52.868],[-66.42,52.86],[-66.38,52.15],[-66.27,52.31],[-66,52.05],[-65.67,52.12],[-65.65,51.99],[-65.5,52.11],[-65.36,51.82],[-64.71,51.76],[-64.55,51.57],[-64.27,51.74],[-64.14,52.73],[-63.62,52.88],[-63.38,52.66],[-63.95,52.61],[-64.1,52.47],[-63.74,52.32],[-63.64,52.05],[-63.83,52.09],[-63.8,52],[-57.11,52],[-57.11,51.42],[-55.83,52],[-55.62,52.22],[-56.24,52.45],[-55.81,52.34],[-55.63,52.45],[-55.77,52.44],[-55.84,52.53],[-56.084,52.552],[-55.84,52.58],[-56.14,52.66],[-55.75,52.62],[-56.19,52.83],[-55.94,52.78],[-55.88,53.01],[-56.15,52.99],[-55.89,53.02],[-55.74,53.25],[-56.29,53.56],[-55.96,53.54],[-56.73,53.68],[-56.4,53.72],[-56.48,53.79],[-57.02,53.71],[-57.37,53.43],[-57.3,53.57],[-57.5,53.61],[-57.07,53.81],[-57.33,54.05],[-58.12,54.04],[-58.79,53.88],[-58.86,53.73],[-59.42,53.54],[-60.41,53.35],[-60.03,53.44],[-60.12,53.76],[-59.94,53.78],[-60.13,53.86],[-59.83,54.22],[-60.16,54.33],[-60.92,54.42],[-61.01,54.71],[-61.46,54.87],[-61.48,55.04],[-62.23,54.92],[-62.27,55.01],[-61.58,55.18],[-61.21,55.51]]]]}},{"type":"Feature","id":"1011","properties":{"id":"1011","name":"Division No. 11","regionAbbrev":"NL","pruid":"10","cdtype":"CDR"},"geometry":{"type":"MultiPolygon","coordinates":[[[[-62.09,56.43],[-62.23,56.47],[-61.65,56.54],[-62.52,56.76],[-61.67,56.62],[-61.93,56.81],[-61.69,56.8],[-61.54,56.97],[-61.34,56.96],[-61.41,57.15],[-62.04,57.26],[-61.79,57.24],[-61.81,57.38],[-62.55,57.5],[-61.9,57.62],[-62.17,57.83],[-61.95,57.78],[-61.97,57.92],[-62.67,57.93],[-62.32,58.02],[-62.53,58.11],[-63.35,57.97],[-63.06,58.16],[-62.59,58.2],[-62.92,58.2],[-62.56,58.48],[-63.17,58.36],[-63.09,58.46],[-63.28,58.47],[-63.61,58.29],[-63.34,58.46],[-63.46,58.55],[-63.16,58.51],[-62.85,58.7],[-63.09,58.66],[-63.02,58.9],[-63.18,58.76],[-63.15,58.88],[-63.34,58.86],[-63.14,58.93],[-63.35,59.03],[-63.14,59.05],[-63.85,59.05],[-63.88,58.92],[-63.9,59.06],[-64.07,59.02],[-63.36,59.2],[-63.64,59.21],[-63.64,59.36],[-63.84,59.23],[-63.7,59.37],[-64.12,59.37],[-63.72,59.51],[-64,59.63],[-64.15,59.5],[-64.04,59.64],[-63.91,59.67],[-64.21,59.72],[-63.94,59.76],[-64.06,59.87],[-64.17,59.78],[-64.17,60.04],[-64.48,59.89],[-64.61,60],[-64.36,60.13],[-64.7,60.02],[-64.36,60.17],[-64.75,60.24],[-64.37,60.24],[-64.86,60.26],[-64.59,60.12],[-64.92,60.06],[-64.63,59.93],[-64.94,59.57],[-64.68,59.45],[-64.32,59.51],[-64.54,59.31],[-64.26,59.01],[-64.78,59.07],[-64.89,58.94],[-64.29,58.9],[-64.14,58.75],[-63.71,58.89],[-63.47,58.76],[-64.05,58.7],[-64.1,58.56],[-63.81,58.49],[-64.22,58.25],[-64.426,58.162],[-64.43,58.145],[-64.43,58.097],[-64.22,58.04],[-64.07,57.77],[-63.69,57.65],[-63.6,57.74],[-63.86,56.87],[-64.15,56.7],[-63.87,56.44],[-64.146,56.431],[-64.1,56.33],[-64.15,56.3],[-63.86,56.21],[-63.74,56.14],[-62.93,55.99],[-61.33,56.11],[-61.34,56.23],[-61.77,56.16],[-62.17,56.3],[-62.09,56.43]]],[[[-60.13,53.86],[-59.57,53.82],[-58.62,54.04],[-58.38,54.23],[-59.59,54.02],[-57.41,54.46],[-57.71,54.48],[-57.4,54.49],[-57.46,54.66],[-58.2,54.75],[-57.84,54.81],[-58,54.79],[-57.94,54.93],[-58.4,54.73],[-58.96,54.78],[-58.95,55.13],[-59.4,54.97],[-59.21,55.22],[-59.93,54.74],[-59.51,55.22],[-59.99,55.11],[-59.78,55.33],[-60.29,55.02],[-60.03,55.27],[-60.31,55.11],[-60.25,55.27],[-60.69,54.99],[-60.36,55.24],[-60.62,55.16],[-60.2,55.43],[-60.28,55.51],[-60.52,55.34],[-60.34,55.78],[-60.68,55.57],[-60.6,55.81],[-60.77,55.72],[-60.96,55.73],[-60.75,55.85],[-60.944,55.819],[-61.015,55.789],[-61.21,55.51],[-61.58,55.18],[-62.27,55.01],[-62.23,54.92],[-61.48,55.04],[-61.46,54.87],[-61.01,54.71],[-60.92,54.42],[-60.16,54.33],[-59.83,54.22],[-60.13,53.86]]],[[[-57.33,54.05],[-57.35,54.16],[-58.36,54.2],[-58.33,54.09],[-58.11,54.14],[-57.78,54.07],[-58.11,54.11],[-58.85,53.95],[-59.42,53.54],[-58.86,53.73],[-58.79,53.88],[-58.12,54.04],[-57.33,54.05]]],[[[-60.06,55.39],[-60.07,55.38],[-60.05,55.38],[-60.06,55.39]]],[[[-60.99,56.11],[-61.08,56.18],[-61.23,56.06],[-60.99,56.11]]],[[[-61.71,57.83],[-61.91,57.76],[-61.69,57.71],[-61.71,57.83]]],[[[-61.46,56.4],[-61.78,56.41],[-61.41,56.32],[-61.46,56.4]]],[[[-61.66,57.53],[-61.92,57.44],[-61.65,57.39],[-61.83,57.43],[-61.66,57.53]]],[[[-61.85,57.58],[-62.05,57.52],[-61.87,57.46],[-61.85,57.58]]],[[[-61.33,56.52],[-61.64,56.49],[-61.14,56.44],[-61.33,56.52]]],[[[-61.36,56.94],[-61.55,56.95],[-61.71,56.67],[-61.38,56.6],[-61.36,56.94]]]]}},{"type":"Feature","id":"1101","properties":{"id":"1101","name":"Kings","regionAbbrev":"PE","pruid":"11","cdtype":"CTY"},"geometry":{"type":"Polygon","coordinates":[[[-62.67,45.96],[-62.45,46.02],[-62.61,46.01],[-62.47,46.15],[-62.64,46.24],[-62.41,46.21],[-62.53,46.32],[-62.38,46.25],[-61.99,46.46],[-62.83,46.43],[-62.74,46.23],[-62.67,45.96]]]}},{"type":"Feature","id":"1102","properties":{"id":"1102","name":"Queens","regionAbbrev":"PE","pruid":"11","cdtype":"CTY"},"geometry":{"type":"MultiPolygon","coordinates":[[[[-62.74,46.23],[-62.83,46.36],[-63.13,46.21],[-62.88,46.17],[-63.04,46.05],[-62.67,45.96],[-62.74,46.23]]],[[[-62.86,46.41],[-63.04,46.42],[-62.98,46.35],[-63.35,46.4],[-63.33,46.5],[-63.47,46.51],[-63.47,46.44],[-63.48,46.5],[-63.587,46.471],[-63.59,46.47],[-63.572,46.423],[-63.49,46.21],[-63.25,46.13],[-63.13,46.2],[-63.36,46.22],[-63.16,46.21],[-62.86,46.41]]]]}},{"type":"Feature","id":"1103","properties":{"id":"1103","name":"Prince","regionAbbrev":"PE","pruid":"11","cdtype":"CTY"},"geometry":{"type":"Polygon","coordinates":[[[-63.587,46.471],[-63.6,46.51],[-63.56,46.54],[-63.97,46.46],[-63.83,46.58],[-64.15,46.69],[-64.08,46.88],[-64.03,46.8],[-63.99,47.04],[-64.41,46.66],[-64.08,46.65],[-64.14,46.4],[-63.75,46.4],[-63.65,46.34],[-63.81,46.32],[-63.5,46.2],[-63.572,46.423],[-63.59,46.47],[-63.587,46.471]]]}},{"type":"Feature","id":"1201","properties":{"id":"1201","name":"Shelburne","regionAbbrev":"NS","pruid":"12","cdtype":"CTY"},"geometry":{"type":"Polygon","coordinates":[[[-65.4,44.23],[-65.65,43.75],[-65.61,43.64],[-65.78,43.6],[-65.47,43.45],[-65.38,43.75],[-65.24,43.66],[-65.23,43.81],[-65.13,43.65],[-65.05,43.83],[-64.92,43.79],[-65.4,44.23]]]}},{"type":"Feature","id":"1202","properties":{"id":"1202","name":"Yarmouth","regionAbbrev":"NS","pruid":"12","cdtype":"CTY"},"geometry":{"type":"Polygon","coordinates":[[[-65.4,44.23],[-66.15,44],[-66.13,43.74],[-65.98,43.69],[-65.97,43.89],[-65.78,43.6],[-65.61,43.64],[-65.65,43.75],[-65.4,44.23]]]}},{"type":"Feature","id":"1203","properties":{"id":"1203","name":"Digby","regionAbbrev":"NS","pruid":"12","cdtype":"CTY"},"geometry":{"type":"Polygon","coordinates":[[[-65.4,44.23],[-65.33,44.31],[-65.78,44.69],[-66.21,44.41],[-65.85,44.57],[-66.13,44.33],[-66.15,44],[-65.4,44.23]]]}},{"type":"Feature","id":"1204","properties":{"id":"1204","name":"Queens","regionAbbrev":"NS","pruid":"12","cdtype":"CTY"},"geometry":{"type":"Polygon","coordinates":[[[-64.88,44.42],[-64.95,44.54],[-65.4,44.23],[-64.83,43.81],[-64.54,44.1],[-64.88,44.42]]]}},{"type":"Feature","id":"1205","properties":{"id":"1205","name":"Annapolis","regionAbbrev":"NS","pruid":"12","cdtype":"CTY"},"geometry":{"type":"Polygon","coordinates":[[[-64.77,44.66],[-64.772,44.663],[-65,45.03],[-65.07,45.05],[-65.76,44.69],[-65.6,44.7],[-65.69,44.62],[-65.33,44.31],[-65.4,44.23],[-64.95,44.54],[-64.839,44.617],[-64.77,44.66]]]}},{"type":"Feature","id":"1206","properties":{"id":"1206","name":"Lunenburg","regionAbbrev":"NS","pruid":"12","cdtype":"CTY"},"geometry":{"type":"MultiPolygon","coordinates":[[[[-64.88,44.42],[-64.49,44.14],[-64.45,44.23],[-64.23,44.29],[-64.34,44.34],[-64.22,44.36],[-64.38,44.45],[-64.31,44.57],[-64.01,44.51],[-64.186,44.723],[-64.24,44.76],[-64.429,44.899],[-64.43,44.9],[-64.772,44.663],[-64.77,44.66],[-64.839,44.617],[-64.95,44.54],[-64.88,44.42]]],[[[-64.21,44.36],[-64.22,44.36],[-64.22,44.355],[-64.23,44.35],[-64.22,44.35],[-64.21,44.36]]]]}},{"type":"Feature","id":"1207","properties":{"id":"1207","name":"Kings","regionAbbrev":"NS","pruid":"12","cdtype":"CTY"},"geometry":{"type":"Polygon","coordinates":[[[-64.43,44.9],[-64.17,45.08],[-64.39,45.1],[-64.33,45.28],[-64.5,45.33],[-64.4,45.28],[-65.02,45.07],[-64.772,44.663],[-64.43,44.9]]]}},{"type":"Feature","id":"1208","properties":{"id":"1208","name":"Hants","regionAbbrev":"NS","pruid":"12","cdtype":"CTY"},"geometry":{"type":"Polygon","coordinates":[[[-64.17,45.08],[-64.43,44.9],[-64.429,44.899],[-64.24,44.76],[-64.23,44.761],[-63.85,44.79],[-63.53,44.93],[-63.42,45.06],[-63.4,45.05],[-63.392,45.058],[-63.398,45.164],[-63.53,45.34],[-64.17,45.19],[-64.17,45.08]]]}},{"type":"Feature","id":"1209","properties":{"id":"1209","name":"Halifax","regionAbbrev":"NS","pruid":"12","cdtype":"CTY"},"geometry":{"type":"Polygon","coordinates":[[[-64.24,44.76],[-64.186,44.723],[-64.05,44.63],[-63.89,44.69],[-63.94,44.51],[-63.65,44.43],[-63.52,44.5],[-63.66,44.73],[-63.45,44.59],[-63.15,44.78],[-63.09,44.69],[-63.13,44.79],[-63.05,44.67],[-63.08,44.8],[-62.84,44.7],[-62.88,44.82],[-62.55,44.79],[-62.55,44.93],[-62.44,44.85],[-62.18,44.99],[-62.48,45.15],[-62.716,45.278],[-62.72,45.28],[-62.88,45.218],[-63.373,45.036],[-63.391,45.045],[-63.4,45.05],[-63.42,45.06],[-63.53,44.93],[-63.85,44.79],[-64.23,44.761],[-64.24,44.76]]]}},{"type":"Feature","id":"1210","properties":{"id":"1210","name":"Colchester","regionAbbrev":"NS","pruid":"12","cdtype":"CTY"},"geometry":{"type":"Polygon","coordinates":[[[-63.398,45.164],[-63.392,45.058],[-63.4,45.05],[-63.391,45.045],[-63.373,45.036],[-62.88,45.218],[-62.72,45.28],[-62.716,45.278],[-62.71,45.28],[-63.15,45.75],[-63.4,45.76],[-63.72,45.49],[-64.13,45.55],[-63.91,45.35],[-63.35,45.37],[-63.48,45.32],[-63.4,45.2],[-63.398,45.164]]]}},{"type":"Feature","id":"1211","properties":{"id":"1211","name":"Cumberland","regionAbbrev":"NS","pruid":"12","cdtype":"CTY"},"geometry":{"type":"Polygon","coordinates":[[[-63.4,45.76],[-63.25,45.81],[-64.15,45.98],[-64.31,45.77],[-64.38,45.8],[-64.85,45.48],[-64.94,45.33],[-64.12,45.4],[-64.13,45.55],[-63.72,45.49],[-63.4,45.76]]]}},{"type":"Feature","id":"1212","properties":{"id":"1212","name":"Pictou","regionAbbrev":"NS","pruid":"12","cdtype":"CTY"},"geometry":{"type":"Polygon","coordinates":[[[-62.231,45.699],[-62.44,45.67],[-62.34,45.68],[-62.5,45.59],[-62.66,45.69],[-62.65,45.56],[-62.75,45.66],[-62.88,45.54],[-62.68,45.76],[-63.15,45.75],[-62.71,45.28],[-62.09,45.38],[-62.22,45.7],[-62.231,45.699]]]}},{"type":"Feature","id":"1213","properties":{"id":"1213","name":"Guysborough","regionAbbrev":"NS","pruid":"12","cdtype":"CTY"},"geometry":{"type":"Polygon","coordinates":[[[-61.42,45.64],[-61.94,45.4],[-62.09,45.38],[-62.71,45.28],[-62.1,44.95],[-61.88,45.03],[-62,45.19],[-61.85,45.04],[-61.65,45.12],[-61.8,45.25],[-61.47,45.15],[-61.17,45.31],[-61.04,45.24],[-60.98,45.34],[-61.49,45.37],[-61.23,45.48],[-61.42,45.64]]]}},{"type":"Feature","id":"1214","properties":{"id":"1214","name":"Antigonish","regionAbbrev":"NS","pruid":"12","cdtype":"CTY"},"geometry":{"type":"Polygon","coordinates":[[[-62.09,45.38],[-61.94,45.4],[-61.44,45.65],[-61.89,45.69],[-61.92,45.6],[-61.91,45.88],[-62.24,45.72],[-62.231,45.699],[-62.22,45.7],[-62.09,45.38]]]}},{"type":"Feature","id":"1215","properties":{"id":"1215","name":"Inverness","regionAbbrev":"NS","pruid":"12","cdtype":"CTY"},"geometry":{"type":"Polygon","coordinates":[[[-60.56,47.03],[-61.55,46.04],[-61.42,45.64],[-60.93,45.84],[-61.14,45.94],[-61.05,46.11],[-60.56,47.03]]]}},{"type":"Feature","id":"1216","properties":{"id":"1216","name":"Richmond","regionAbbrev":"NS","pruid":"12","cdtype":"CTY"},"geometry":{"type":"MultiPolygon","coordinates":[[[[-60.89,45.58],[-61.14,45.55],[-61.01,45.47],[-60.89,45.58]]],[[[-60.23,45.73],[-60.68,45.82],[-60.83,45.65],[-60.94,45.77],[-61.37,45.6],[-60.92,45.66],[-60.69,45.57],[-60.23,45.73]]]]}},{"type":"Feature","id":"1217","properties":{"id":"1217","name":"Cape Breton","regionAbbrev":"NS","pruid":"12","cdtype":"CTY"},"geometry":{"type":"Polygon","coordinates":[[[-60.23,45.73],[-60.15,45.88],[-59.79,45.95],[-59.97,46.03],[-59.82,46.18],[-60.13,46.27],[-60.24,46.1],[-60.28,46.31],[-60.8,45.94],[-60.36,46.03],[-60.68,45.82],[-60.23,45.73]]]}},{"type":"Feature","id":"1218","properties":{"id":"1218","name":"Victoria","regionAbbrev":"NS","pruid":"12","cdtype":"CTY"},"geometry":{"type":"Polygon","coordinates":[[[-61.05,46.11],[-60.98,46],[-60.42,46.29],[-60.62,46.21],[-60.3,46.85],[-60.56,47.03],[-61.05,46.11]]]}},{"type":"Feature","id":"1301","properties":{"id":"1301","name":"Saint John","regionAbbrev":"NB","pruid":"13","cdtype":"CT"},"geometry":{"type":"Polygon","coordinates":[[[-66.46,45.22],[-66.46,45.13],[-66.46,45.06],[-66.04,45.28],[-65.91,45.19],[-65.09,45.53],[-65.118,45.615],[-65.121,45.62],[-66.46,45.22]]]}},{"type":"Feature","id":"1302","properties":{"id":"1302","name":"Charlotte","regionAbbrev":"NB","pruid":"13","cdtype":"CT"},"geometry":{"type":"Polygon","coordinates":[[[-66.46,45.22],[-66.46,45.31],[-66.46,45.5],[-67.5,45.49],[-67.35,45.13],[-67.19,45.24],[-67.04,45.07],[-67,45.25],[-66.89,45.11],[-66.78,45.21],[-66.89,45.04],[-66.46,45.13],[-66.46,45.22]]]}},{"type":"Feature","id":"1303","properties":{"id":"1303","name":"Sunbury","regionAbbrev":"NB","pruid":"13","cdtype":"CT"},"geometry":{"type":"Polygon","coordinates":[[[-66.56,45.5],[-65.85,46.34],[-66.16,46.4],[-66.204,46.349],[-66.2,46.35],[-66.94,45.5],[-66.56,45.5]]]}},{"type":"Feature","id":"1304","properties":{"id":"1304","name":"Queens","regionAbbrev":"NB","pruid":"13","cdtype":"CT"},"geometry":{"type":"Polygon","coordinates":[[[-65.34,46.1],[-65.41,46.25],[-65.416,46.251],[-65.42,46.26],[-65.85,46.34],[-66.56,45.5],[-66.46,45.5],[-66.46,45.31],[-65.343,46.098],[-65.34,46.1]]]}},{"type":"Feature","id":"1305","properties":{"id":"1305","name":"Kings","regionAbbrev":"NB","pruid":"13","cdtype":"CT"},"geometry":{"type":"Polygon","coordinates":[[[-65.12,45.62],[-65.16,45.71],[-65.22,45.84],[-65.34,46.1],[-65.343,46.098],[-66.46,45.31],[-66.46,45.22],[-65.121,45.62],[-65.12,45.62]]]}},{"type":"Feature","id":"1306","properties":{"id":"1306","name":"Albert","regionAbbrev":"NB","pruid":"13","cdtype":"CT"},"geometry":{"type":"Polygon","coordinates":[[[-65.12,45.62],[-65.121,45.62],[-65.118,45.615],[-65.08,45.53],[-64.64,45.72],[-64.75,45.75],[-64.57,45.82],[-64.732,46.059],[-64.742,46.069],[-64.77,46.1],[-65,46.05],[-65.22,45.84],[-65.16,45.71],[-65.12,45.62]]]}},{"type":"Feature","id":"1307","properties":{"id":"1307","name":"Westmorland","regionAbbrev":"NB","pruid":"13","cdtype":"CT"},"geometry":{"type":"Polygon","coordinates":[[[-65.34,46.1],[-65.22,45.84],[-65,46.05],[-64.77,46.1],[-64.742,46.069],[-64.732,46.059],[-64.56,45.87],[-64.53,46.09],[-64.52,45.72],[-64.33,45.96],[-64.27,45.84],[-64.15,45.98],[-64.09,46.05],[-63.77,46.1],[-64.72,46.23],[-64.57,46.28],[-64.778,46.275],[-64.79,46.27],[-65.42,46.26],[-65.416,46.251],[-65.41,46.25],[-65.34,46.1]]]}},{"type":"Feature","id":"1308","properties":{"id":"1308","name":"Kent","regionAbbrev":"NB","pruid":"13","cdtype":"CT"},"geometry":{"type":"Polygon","coordinates":[[[-65.42,46.26],[-64.79,46.27],[-64.778,46.275],[-64.62,46.34],[-64.71,46.47],[-64.99,46.34],[-64.69,46.53],[-64.61,46.46],[-64.76,46.71],[-64.91,46.53],[-65.23,46.5],[-64.87,46.65],[-64.92,46.83],[-65.16,46.75],[-64.91,46.84],[-64.83,47.05],[-65.59,46.63],[-65.85,46.34],[-65.42,46.26]]]}},{"type":"Feature","id":"1309","properties":{"id":"1309","name":"Northumberland","regionAbbrev":"NB","pruid":"13","cdtype":"CT"},"geometry":{"type":"Polygon","coordinates":[[[-65.59,46.63],[-64.8,47.07],[-65.1,47.07],[-65.117,46.999],[-65.14,47.04],[-65.31,46.98],[-65.21,47.08],[-65.56,47],[-65.35,47.09],[-64.95,47.35],[-65.82,47.23],[-66.22,47.55],[-67.05,47.36],[-66.756,46.911],[-66.756,46.91],[-66.5,46.52],[-66.91,46.53],[-66.52,46.39],[-66.51,46.29],[-66.204,46.349],[-66.16,46.4],[-65.85,46.34],[-65.59,46.63]]]}},{"type":"Feature","id":"1310","properties":{"id":"1310","name":"York","regionAbbrev":"NB","pruid":"13","cdtype":"CT"},"geometry":{"type":"Polygon","coordinates":[[[-66.94,45.5],[-66.2,46.35],[-66.204,46.349],[-66.51,46.29],[-66.52,46.39],[-66.91,46.53],[-66.5,46.52],[-66.756,46.91],[-66.756,46.911],[-66.87,46.77],[-67.52,45.94],[-67.78,45.94],[-67.72,45.66],[-67.57,45.6],[-67.5,45.7],[-67.42,45.51],[-66.94,45.5]]]}},{"type":"Feature","id":"1311","properties":{"id":"1311","name":"Carleton","regionAbbrev":"NB","pruid":"13","cdtype":"CT"},"geometry":{"type":"Polygon","coordinates":[[[-66.87,46.77],[-67.79,46.6],[-67.78,45.94],[-67.52,45.94],[-66.87,46.77]]]}},{"type":"Feature","id":"1312","properties":{"id":"1312","name":"Victoria","regionAbbrev":"NB","pruid":"13","cdtype":"CT"},"geometry":{"type":"Polygon","coordinates":[[[-67.05,47.36],[-67.69,47.57],[-67.67,47.17],[-67.68,46.96],[-67.79,47.07],[-67.79,46.6],[-66.87,46.77],[-66.756,46.911],[-67.05,47.36]]]}},{"type":"Feature","id":"1313","properties":{"id":"1313","name":"Madawaska","regionAbbrev":"NB","pruid":"13","cdtype":"CT"},"geometry":{"type":"Polygon","coordinates":[[[-68.25,47.61],[-67.95,47.18],[-67.77,47.06],[-67.67,47.17],[-67.69,47.57],[-68.18,47.73],[-68.38,47.79],[-68.38,47.55],[-69.05,47.3],[-68.9,47.18],[-68.29,47.38],[-68.13,47.31],[-68.25,47.61]]]}},{"type":"Feature","id":"1314","properties":{"id":"1314","name":"Restigouche","regionAbbrev":"NB","pruid":"13","cdtype":"CT"},"geometry":{"type":"Polygon","coordinates":[[[-67.69,47.57],[-67.05,47.36],[-66.22,47.55],[-66.11,47.58],[-65.79,47.88],[-66.36,48.07],[-66.92,47.98],[-67.37,47.84],[-67.592,47.932],[-67.598,47.984],[-67.6,48],[-67.95,48],[-68.12,48],[-68.12,47.92],[-68.38,47.92],[-68.38,47.88],[-68.38,47.79],[-68.18,47.73],[-67.69,47.57]]]}},{"type":"Feature","id":"1315","properties":{"id":"1315","name":"Gloucester","regionAbbrev":"NB","pruid":"13","cdtype":"CT"},"geometry":{"type":"Polygon","coordinates":[[[-65.82,47.23],[-64.96,47.35],[-64.78,47.66],[-64.8,47.8],[-65.19,47.82],[-65.67,47.6],[-65.79,47.88],[-66.11,47.58],[-66.22,47.55],[-65.82,47.23]]]}},{"type":"Feature","id":"2401","properties":{"id":"2401","name":"Communauté maritime des Îles-de-la-Madeleine","regionAbbrev":"QC","pruid":"24","cdtype":"TÉ"},"geometry":{"type":"Polygon","coordinates":[[[-61.55,47.62],[-61.94,47.41],[-62.02,47.23],[-61.82,47.23],[-61.86,47.42],[-61.55,47.62]]]}},{"type":"Feature","id":"2402","properties":{"id":"2402","name":"Le Rocher-Percé","regionAbbrev":"QC","pruid":"24","cdtype":"MRC"},"geometry":{"type":"Polygon","coordinates":[[[-65.03,48.11],[-64.74,48.34],[-64.32,48.42],[-64.2,48.52],[-64.33,48.61],[-64.17,48.62],[-65.5,48.68],[-64.96,48.33],[-65.14,48.25],[-65.03,48.11]]]}},{"type":"Feature","id":"2403","properties":{"id":"2403","name":"La Côte-de-Gaspé","regionAbbrev":"QC","pruid":"24","cdtype":"MRC"},"geometry":{"type":"Polygon","coordinates":[[[-65.5,48.68],[-64.26,48.7],[-64.49,48.87],[-64.16,48.75],[-64.39,49.01],[-65.2,49.23],[-65.31,49],[-65.53,49],[-65.5,48.68]]]}},{"type":"Feature","id":"2404","properties":{"id":"2404","name":"La Haute-Gaspésie","regionAbbrev":"QC","pruid":"24","cdtype":"MRC"},"geometry":{"type":"Polygon","coordinates":[[[-65.2,49.23],[-66.06,49.22],[-66.91,49.03],[-66.73,49.02],[-66.71,48.9],[-66.54,48.96],[-66.101,48.67],[-66.1,48.67],[-65.95,48.57],[-65.5,48.68],[-65.53,49],[-65.31,49],[-65.2,49.23]]]}},{"type":"Feature","id":"2405","properties":{"id":"2405","name":"Bonaventure","regionAbbrev":"QC","pruid":"24","cdtype":"MRC"},"geometry":{"type":"Polygon","coordinates":[[[-65.5,48.68],[-66.28,48.48],[-66.23,48.24],[-66.03,48.26],[-65.928,48.195],[-65.81,48.12],[-65.4,48],[-65.03,48.11],[-65.14,48.25],[-64.96,48.33],[-65.5,48.68]]]}},{"type":"Feature","id":"2406","properties":{"id":"2406","name":"Avignon","regionAbbrev":"QC","pruid":"24","cdtype":"MRC"},"geometry":{"type":"Polygon","coordinates":[[[-66.92,47.98],[-66.48,48.12],[-66.13,48.09],[-65.928,48.195],[-66.03,48.26],[-66.23,48.24],[-66.28,48.48],[-66.98,48.3],[-66.88,48.14],[-67.28,48.03],[-67.38,48.2],[-67.67,48.12],[-67.58,48.05],[-67.598,47.984],[-67.592,47.932],[-67.37,47.84],[-66.92,47.98]]]}},{"type":"Feature","id":"2407","properties":{"id":"2407","name":"La Matapédia","regionAbbrev":"QC","pruid":"24","cdtype":"MRC"},"geometry":{"type":"Polygon","coordinates":[[[-66.28,48.48],[-65.5,48.68],[-65.95,48.57],[-66.1,48.67],[-66.101,48.67],[-66.28,48.62],[-66.54,48.79],[-67.13,48.54],[-67.42,48.7],[-67.56,48.62],[-67.773,48.713],[-67.79,48.72],[-67.837,48.678],[-67.87,48.66],[-67.98,48.55],[-67.62,48.21],[-67.67,48.12],[-67.38,48.2],[-67.28,48.03],[-66.88,48.14],[-66.98,48.3],[-66.28,48.48]]]}},{"type":"Feature","id":"2408","properties":{"id":"2408","name":"La Matanie","regionAbbrev":"QC","pruid":"24","cdtype":"MRC"},"geometry":{"type":"Polygon","coordinates":[[[-66.91,49.03],[-67.95,48.69],[-67.87,48.66],[-67.837,48.678],[-67.79,48.72],[-67.773,48.713],[-67.56,48.62],[-67.42,48.7],[-67.13,48.54],[-66.54,48.79],[-66.28,48.62],[-66.101,48.67],[-66.54,48.96],[-66.71,48.9],[-66.73,49.02],[-66.91,49.03]]]}},{"type":"Feature","id":"2409","properties":{"id":"2409","name":"La Mitis","regionAbbrev":"QC","pruid":"24","cdtype":"MRC"},"geometry":{"type":"Polygon","coordinates":[[[-67.598,47.984],[-67.58,48.05],[-67.67,48.12],[-67.62,48.21],[-67.98,48.55],[-67.87,48.66],[-67.95,48.69],[-68.43,48.53],[-67.95,48],[-67.6,48],[-67.598,47.984]]]}},{"type":"Feature","id":"2410","properties":{"id":"2410","name":"Rimouski-Neigette","regionAbbrev":"QC","pruid":"24","cdtype":"MRC"},"geometry":{"type":"Polygon","coordinates":[[[-67.95,48],[-68.43,48.53],[-68.97,48.27],[-68.664,48.067],[-68.66,48.07],[-68.38,47.88],[-68.38,47.92],[-68.12,47.92],[-68.12,48],[-67.95,48]]]}},{"type":"Feature","id":"2411","properties":{"id":"2411","name":"Les Basques","regionAbbrev":"QC","pruid":"24","cdtype":"MRC"},"geometry":{"type":"Polygon","coordinates":[[[-68.97,48.27],[-69.25,48.02],[-69.19,47.89],[-68.99,47.96],[-68.906,47.9],[-68.901,47.896],[-68.896,47.9],[-68.664,48.067],[-68.97,48.27]]]}},{"type":"Feature","id":"2412","properties":{"id":"2412","name":"Rivière-du-Loup","regionAbbrev":"QC","pruid":"24","cdtype":"MRC"},"geometry":{"type":"Polygon","coordinates":[[[-69.25,48.02],[-69.51,47.94],[-69.66,47.73],[-69.53,47.73],[-69.44,47.72],[-69.331,47.636],[-69.27,47.684],[-69.2,47.74],[-68.98,47.85],[-68.85,47.86],[-68.91,47.89],[-68.901,47.896],[-68.906,47.9],[-68.99,47.96],[-69.19,47.89],[-69.25,48.02]]]}},{"type":"Feature","id":"2413","properties":{"id":"2413","name":"Témiscouata","regionAbbrev":"QC","pruid":"24","cdtype":"MRC"},"geometry":{"type":"Polygon","coordinates":[[[-68.38,47.79],[-68.38,47.88],[-68.66,48.07],[-68.664,48.067],[-68.896,47.9],[-68.901,47.896],[-68.91,47.89],[-68.85,47.86],[-68.98,47.85],[-69.2,47.74],[-69.27,47.684],[-69.331,47.636],[-69.59,47.43],[-69.39,47.3],[-69.1,47.51],[-69.05,47.3],[-68.38,47.55],[-68.38,47.79]]]}},{"type":"Feature","id":"2414","properties":{"id":"2414","name":"Kamouraska","regionAbbrev":"QC","pruid":"24","cdtype":"MRC"},"geometry":{"type":"Polygon","coordinates":[[[-69.53,47.73],[-70.1,47.34],[-70.082,47.33],[-70.08,47.33],[-69.62,47.07],[-69.39,47.3],[-69.59,47.43],[-69.331,47.636],[-69.44,47.72],[-69.53,47.73]]]}},{"type":"Feature","id":"2415","properties":{"id":"2415","name":"Charlevoix-Est","regionAbbrev":"QC","pruid":"24","cdtype":"MRC"},"geometry":{"type":"Polygon","coordinates":[[[-69.71,48.13],[-69.96,48.06],[-70.17,48.12],[-70.26,48],[-70.53,48],[-70.53,47.72],[-70.21,47.51],[-69.71,48.13]]]}},{"type":"Feature","id":"2416","properties":{"id":"2416","name":"Charlevoix","regionAbbrev":"QC","pruid":"24","cdtype":"MRC"},"geometry":{"type":"Polygon","coordinates":[[[-70.53,48],[-71.41,48],[-71.43,48],[-71.64,48.19],[-71.38,47.95],[-71.4,47.95],[-70.71,47.26],[-70.62,47.23],[-70.5,47.44],[-70.21,47.51],[-70.53,47.72],[-70.53,48]]]}},{"type":"Feature","id":"2417","properties":{"id":"2417","name":"L'Islet","regionAbbrev":"QC","pruid":"24","cdtype":"MRC"},"geometry":{"type":"Polygon","coordinates":[[[-70.082,47.33],[-70.19,47.31],[-70.43,47.08],[-70.402,47.059],[-69.96,46.73],[-69.62,47.07],[-70.08,47.33],[-70.082,47.33]]]}},{"type":"Feature","id":"2418","properties":{"id":"2418","name":"Montmagny","regionAbbrev":"QC","pruid":"24","cdtype":"MRC"},"geometry":{"type":"Polygon","coordinates":[[[-70.05,46.46],[-70.02,46.59],[-70.089,46.546],[-69.96,46.73],[-70.402,47.059],[-70.75,46.93],[-70.7,46.81],[-70.58,46.84],[-70.329,46.666],[-70.3,46.68],[-70.107,46.535],[-70.13,46.52],[-70.05,46.46]]]}},{"type":"Feature","id":"2419","properties":{"id":"2419","name":"Bellechasse","regionAbbrev":"QC","pruid":"24","cdtype":"MRC"},"geometry":{"type":"Polygon","coordinates":[[[-70.7,46.81],[-70.79,46.91],[-71.07,46.83],[-71.068,46.827],[-71.01,46.74],[-71.15,46.65],[-71.102,46.627],[-70.703,46.431],[-70.67,46.414],[-70.644,46.402],[-70.62,46.39],[-70.58,46.55],[-70.329,46.666],[-70.58,46.84],[-70.7,46.81]]]}},{"type":"Feature","id":"2420","properties":{"id":"2420","name":"L'Île-d'Orléans","regionAbbrev":"QC","pruid":"24","cdtype":"MRC"},"geometry":{"type":"Polygon","coordinates":[[[-70.8,47.02],[-71.14,46.85],[-71,46.86],[-70.8,47.02]]]}},{"type":"Feature","id":"2421","properties":{"id":"2421","name":"La Côte-de-Beaupré","regionAbbrev":"QC","pruid":"24","cdtype":"MRC"},"geometry":{"type":"Polygon","coordinates":[[[-71.4,47.95],[-72.07,47.95],[-71.89,47.77],[-71.891,47.769],[-71.26,47.13],[-71.09,47.05],[-71.16,46.89],[-70.62,47.23],[-70.71,47.26],[-71.4,47.95]]]}},{"type":"Feature","id":"2422","properties":{"id":"2422","name":"La Jacques-Cartier","regionAbbrev":"QC","pruid":"24","cdtype":"MRC"},"geometry":{"type":"Polygon","coordinates":[[[-71.891,47.769],[-72.24,47.54],[-72.14,47.41],[-72.153,47.392],[-72.148,47.383],[-72.074,47.392],[-72.01,47.4],[-71.63,47.19],[-71.81,47.11],[-71.63,46.99],[-71.718,46.911],[-71.714,46.882],[-71.645,46.805],[-71.637,46.8],[-71.608,46.78],[-71.535,46.793],[-71.5,46.79],[-71.506,46.797],[-71.55,46.85],[-71.42,46.98],[-71.19,46.94],[-71.09,47.05],[-71.26,47.13],[-71.891,47.769]]]}},{"type":"Feature","id":"2423","properties":{"id":"2423","name":"Québec","regionAbbrev":"QC","pruid":"24","cdtype":"TÉ"},"geometry":{"type":"Polygon","coordinates":[[[-71.608,46.78],[-71.52,46.72],[-71.17,46.91],[-71.42,46.98],[-71.55,46.85],[-71.506,46.797],[-71.5,46.79],[-71.535,46.793],[-71.608,46.78]]]}},{"type":"Feature","id":"2425","properties":{"id":"2425","name":"Lévis","regionAbbrev":"QC","pruid":"24","cdtype":"TÉ"},"geometry":{"type":"Polygon","coordinates":[[[-71.068,46.827],[-71.5,46.69],[-71.304,46.589],[-71.22,46.65],[-71.21,46.61],[-71.102,46.627],[-71.15,46.65],[-71.01,46.74],[-71.068,46.827]]]}},{"type":"Feature","id":"2426","properties":{"id":"2426","name":"La Nouvelle-Beauce","regionAbbrev":"QC","pruid":"24","cdtype":"MRC"},"geometry":{"type":"Polygon","coordinates":[[[-71.102,46.627],[-71.21,46.61],[-71.22,46.65],[-71.304,46.589],[-71.19,46.53],[-71.23,46.48],[-71.124,46.341],[-70.76,46.36],[-70.67,46.414],[-70.703,46.431],[-71.102,46.627]]]}},{"type":"Feature","id":"2427","properties":{"id":"2427","name":"Robert-Cliche","regionAbbrev":"QC","pruid":"24","cdtype":"MRC"},"geometry":{"type":"MultiPolygon","coordinates":[[[[-70.67,46.414],[-70.76,46.36],[-71.124,46.341],[-71.1,46.31],[-71.12,46.314],[-70.98,46.19],[-71,46.157],[-70.97,46.12],[-70.86,46.06],[-70.67,46.26],[-70.582,46.332],[-70.56,46.35],[-70.62,46.39],[-70.644,46.402],[-70.67,46.414]]],[[[-70.659,46.253],[-70.67,46.26],[-70.661,46.251],[-70.659,46.253]]]]}},{"type":"Feature","id":"2428","properties":{"id":"2428","name":"Les Etchemins","regionAbbrev":"QC","pruid":"24","cdtype":"MRC"},"geometry":{"type":"Polygon","coordinates":[[[-70.329,46.666],[-70.58,46.55],[-70.62,46.39],[-70.56,46.35],[-70.582,46.332],[-70.67,46.26],[-70.659,46.253],[-70.48,46.14],[-70.28,46.06],[-70.05,46.46],[-70.13,46.52],[-70.107,46.535],[-70.3,46.68],[-70.329,46.666]]]}},{"type":"Feature","id":"2429","properties":{"id":"2429","name":"Beauce-Sartigan","regionAbbrev":"QC","pruid":"24","cdtype":"MRC"},"geometry":{"type":"Polygon","coordinates":[[[-70.659,46.253],[-70.661,46.251],[-70.67,46.26],[-70.86,46.06],[-70.97,46.12],[-70.971,46.119],[-71.02,46.08],[-71.01,45.992],[-71.105,45.952],[-71.096,45.95],[-70.9,45.89],[-70.89,45.78],[-70.4,45.8],[-70.28,46.06],[-70.48,46.14],[-70.659,46.253]]]}},{"type":"Feature","id":"2430","properties":{"id":"2430","name":"Le Granit","regionAbbrev":"QC","pruid":"24","cdtype":"MRC"},"geometry":{"type":"Polygon","coordinates":[[[-71.105,45.952],[-71.13,45.96],[-71.141,45.929],[-71.18,45.82],[-71.35,45.87],[-71.39,45.77],[-71.13,45.25],[-71.01,45.35],[-70.86,45.23],[-70.8,45.43],[-70.62,45.4],[-70.69,45.57],[-70.38,45.73],[-70.89,45.78],[-70.9,45.89],[-71.096,45.95],[-71.105,45.952]]]}},{"type":"Feature","id":"2431","properties":{"id":"2431","name":"Les Appalaches","regionAbbrev":"QC","pruid":"24","cdtype":"MRC"},"geometry":{"type":"Polygon","coordinates":[[[-71.12,46.314],[-71.32,46.35],[-71.389,46.279],[-71.631,46.031],[-71.69,45.97],[-71.46,45.87],[-71.39,45.77],[-71.35,45.87],[-71.18,45.82],[-71.141,45.929],[-71.13,45.96],[-71.105,45.952],[-71.01,45.992],[-71.02,46.08],[-70.971,46.119],[-70.97,46.12],[-71,46.157],[-70.98,46.19],[-71.12,46.314]]]}},{"type":"Feature","id":"2432","properties":{"id":"2432","name":"L'Érable","regionAbbrev":"QC","pruid":"24","cdtype":"MRC"},"geometry":{"type":"Polygon","coordinates":[[[-71.389,46.279],[-71.51,46.34],[-71.62,46.45],[-71.76,46.36],[-71.883,46.448],[-71.97,46.39],[-72.01,46.32],[-71.99,46.25],[-71.964,46.122],[-71.82,46.14],[-71.69,46.07],[-71.631,46.031],[-71.389,46.279]]]}},{"type":"Feature","id":"2433","properties":{"id":"2433","name":"Lotbinière","regionAbbrev":"QC","pruid":"24","cdtype":"MRC"},"geometry":{"type":"Polygon","coordinates":[[[-71.304,46.589],[-71.5,46.69],[-72.04,46.56],[-71.944,46.491],[-71.883,46.448],[-71.76,46.36],[-71.62,46.45],[-71.51,46.34],[-71.389,46.279],[-71.32,46.35],[-71.12,46.314],[-71.1,46.31],[-71.124,46.341],[-71.23,46.48],[-71.19,46.53],[-71.304,46.589]]]}},{"type":"Feature","id":"2434","properties":{"id":"2434","name":"Portneuf","regionAbbrev":"QC","pruid":"24","cdtype":"MRC"},"geometry":{"type":"Polygon","coordinates":[[[-72.148,47.383],[-72.161,47.381],[-72.25,47.26],[-72.259,47.262],[-72.43,47.3],[-72.44,47.4],[-72.55,47.31],[-72.54,47.18],[-72.39,47.13],[-72.17,46.87],[-72.39,46.79],[-72.07,46.58],[-71.52,46.72],[-71.608,46.78],[-71.637,46.8],[-71.645,46.805],[-71.714,46.882],[-71.718,46.911],[-71.63,46.99],[-71.81,47.11],[-71.63,47.19],[-72.01,47.4],[-72.074,47.392],[-72.148,47.383]]]}},{"type":"Feature","id":"2435","properties":{"id":"2435","name":"Mékinac","regionAbbrev":"QC","pruid":"24","cdtype":"MRC"},"geometry":{"type":"Polygon","coordinates":[[[-72.54,47.18],[-72.71,47.06],[-72.9,47.22],[-73.25,47.17],[-73.74,47.5],[-73.92,47.47],[-74.03,47.18],[-73.65,46.94],[-73.42,46.89],[-73.13,46.83],[-73.04,46.92],[-72.82,46.86],[-72.91,46.79],[-72.7,46.65],[-72.686,46.647],[-72.608,46.598],[-72.576,46.626],[-72.49,46.61],[-72.29,46.72],[-72.39,46.79],[-72.17,46.87],[-72.39,47.13],[-72.54,47.18]]]}},{"type":"Feature","id":"2436","properties":{"id":"2436","name":"Shawinigan","regionAbbrev":"QC","pruid":"24","cdtype":"TÉ"},"geometry":{"type":"Polygon","coordinates":[[[-73.13,46.83],[-73.18,46.75],[-72.91,46.72],[-72.74,46.478],[-72.608,46.598],[-72.686,46.647],[-72.7,46.65],[-72.91,46.79],[-72.82,46.86],[-73.04,46.92],[-73.13,46.83]]]}},{"type":"Feature","id":"2437","properties":{"id":"2437","name":"Francheville","regionAbbrev":"QC","pruid":"24","cdtype":"CDR"},"geometry":{"type":"Polygon","coordinates":[[[-72.608,46.598],[-72.74,46.478],[-72.738,46.475],[-72.7,46.42],[-72.69,46.37],[-72.65,46.28],[-72.1,46.58],[-72.29,46.72],[-72.49,46.61],[-72.576,46.626],[-72.608,46.598]]]}},{"type":"Feature","id":"2438","properties":{"id":"2438","name":"Bécancour","regionAbbrev":"QC","pruid":"24","cdtype":"MRC"},"geometry":{"type":"Polygon","coordinates":[[[-71.883,46.448],[-71.944,46.491],[-72.05,46.56],[-72.6,46.28],[-72.49,46.19],[-72.363,46.244],[-72.323,46.231],[-72.15,46.11],[-72.01,46.32],[-71.97,46.39],[-71.883,46.448]]]}},{"type":"Feature","id":"2439","properties":{"id":"2439","name":"Arthabaska","regionAbbrev":"QC","pruid":"24","cdtype":"MRC"},"geometry":{"type":"Polygon","coordinates":[[[-71.631,46.031],[-71.69,46.07],[-71.82,46.14],[-71.964,46.122],[-71.99,46.25],[-72.01,46.32],[-72.15,46.11],[-72.31,45.94],[-72.09,45.8],[-72.03,45.85],[-71.77,45.89],[-71.54,45.79],[-71.499,45.805],[-71.46,45.82],[-71.46,45.87],[-71.69,45.97],[-71.631,46.031]]]}},{"type":"Feature","id":"2440","properties":{"id":"2440","name":"Les Sources","regionAbbrev":"QC","pruid":"24","cdtype":"MRC"},"geometry":{"type":"Polygon","coordinates":[[[-72.03,45.85],[-72.13,45.76],[-72.013,45.698],[-71.786,45.622],[-71.45,45.79],[-71.499,45.805],[-71.54,45.79],[-71.77,45.89],[-72.03,45.85]]]}},{"type":"Feature","id":"2441","properties":{"id":"2441","name":"Le Haut-Saint-François","regionAbbrev":"QC","pruid":"24","cdtype":"MRC"},"geometry":{"type":"Polygon","coordinates":[[[-71.83,45.45],[-71.829,45.439],[-71.822,45.336],[-71.821,45.32],[-71.82,45.31],[-71.61,45.24],[-71.41,45.24],[-71.13,45.24],[-71.44,45.8],[-71.63,45.57],[-71.83,45.45]]]}},{"type":"Feature","id":"2442","properties":{"id":"2442","name":"Le Val-Saint-François","regionAbbrev":"QC","pruid":"24","cdtype":"MRC"},"geometry":{"type":"Polygon","coordinates":[[[-71.786,45.622],[-72.013,45.698],[-72.13,45.76],[-72.31,45.69],[-72.24,45.65],[-72.323,45.608],[-72.326,45.607],[-72.36,45.59],[-72.424,45.456],[-72.456,45.389],[-72.46,45.38],[-72.456,45.38],[-72.25,45.37],[-72.24,45.45],[-72.11,45.39],[-71.98,45.44],[-72.04,45.47],[-72,45.51],[-71.967,45.51],[-71.848,45.458],[-71.83,45.45],[-71.63,45.57],[-71.786,45.622]]]}},{"type":"Feature","id":"2443","properties":{"id":"2443","name":"Sherbrooke","regionAbbrev":"QC","pruid":"24","cdtype":"TÉ"},"geometry":{"type":"Polygon","coordinates":[[[-71.83,45.45],[-71.848,45.458],[-71.967,45.51],[-72,45.51],[-72.04,45.47],[-71.98,45.44],[-72.11,45.39],[-72.11,45.3],[-71.874,45.347],[-71.86,45.35],[-71.822,45.336],[-71.829,45.439],[-71.83,45.45]]]}},{"type":"Feature","id":"2444","properties":{"id":"2444","name":"Coaticook","regionAbbrev":"QC","pruid":"24","cdtype":"MRC"},"geometry":{"type":"Polygon","coordinates":[[[-71.822,45.336],[-71.86,45.35],[-71.869,45.344],[-71.92,45.31],[-71.92,45.16],[-72.1,45.16],[-72.1,45.03],[-71.5,45.01],[-71.41,45.24],[-71.61,45.24],[-71.82,45.31],[-71.821,45.32],[-71.822,45.336]]]}},{"type":"Feature","id":"2445","properties":{"id":"2445","name":"Memphrémagog","regionAbbrev":"QC","pruid":"24","cdtype":"MRC"},"geometry":{"type":"Polygon","coordinates":[[[-72.46,45.38],[-72.46,45.31],[-72.4,45.31],[-72.4,45.28],[-72.49,45.01],[-72.26,45],[-72.3,45.18],[-72.16,45.28],[-72.27,45.1],[-72.1,45.03],[-72.1,45.16],[-71.92,45.16],[-71.92,45.31],[-71.869,45.344],[-71.86,45.35],[-71.874,45.347],[-72.11,45.3],[-72.11,45.39],[-72.24,45.45],[-72.25,45.37],[-72.456,45.38],[-72.46,45.38]]]}},{"type":"Feature","id":"2446","properties":{"id":"2446","name":"Brome-Missisquoi","regionAbbrev":"QC","pruid":"24","cdtype":"MRC"},"geometry":{"type":"Polygon","coordinates":[[[-72.49,45.01],[-72.4,45.28],[-72.4,45.31],[-72.46,45.31],[-72.67,45.35],[-72.873,45.282],[-72.88,45.26],[-73.006,45.337],[-73.01,45.34],[-73.012,45.336],[-73.031,45.291],[-73.12,45.08],[-73.114,45.069],[-73.09,45.02],[-72.49,45.01]]]}},{"type":"Feature","id":"2447","properties":{"id":"2447","name":"La Haute-Yamaska","regionAbbrev":"QC","pruid":"24","cdtype":"MRC"},"geometry":{"type":"Polygon","coordinates":[[[-72.424,45.456],[-72.451,45.464],[-72.45,45.49],[-72.6,45.537],[-72.61,45.54],[-72.8,45.54],[-72.825,45.46],[-72.88,45.28],[-72.873,45.282],[-72.67,45.35],[-72.46,45.31],[-72.46,45.38],[-72.456,45.389],[-72.424,45.456]]]}},{"type":"Feature","id":"2448","properties":{"id":"2448","name":"Acton","regionAbbrev":"QC","pruid":"24","cdtype":"MRC"},"geometry":{"type":"Polygon","coordinates":[[[-72.326,45.607],[-72.45,45.69],[-72.59,45.78],[-72.7,45.76],[-72.73,45.6],[-72.62,45.61],[-72.6,45.537],[-72.45,45.49],[-72.451,45.464],[-72.424,45.456],[-72.36,45.59],[-72.326,45.607]]]}},{"type":"Feature","id":"2449","properties":{"id":"2449","name":"Drummond","regionAbbrev":"QC","pruid":"24","cdtype":"MRC"},"geometry":{"type":"Polygon","coordinates":[[[-72.31,45.94],[-72.51,46.08],[-72.75,45.94],[-72.85,45.86],[-72.7,45.76],[-72.59,45.78],[-72.45,45.69],[-72.326,45.607],[-72.323,45.608],[-72.24,45.65],[-72.31,45.69],[-72.13,45.76],[-72.03,45.85],[-72.09,45.8],[-72.31,45.94]]]}},{"type":"Feature","id":"2450","properties":{"id":"2450","name":"Nicolet-Yamaska","regionAbbrev":"QC","pruid":"24","cdtype":"MRC"},"geometry":{"type":"MultiPolygon","coordinates":[[[[-72.49,46.19],[-72.62,46.27],[-72.67,46.19],[-72.92,46.13],[-72.927,46.089],[-72.93,46.07],[-72.895,46.062],[-72.75,45.94],[-72.51,46.08],[-72.31,45.94],[-72.15,46.11],[-72.323,46.231],[-72.363,46.244],[-72.49,46.19]]],[[[-72.96,46.1],[-72.97,46.1],[-72.96,46.09],[-72.96,46.1]]]]}},{"type":"Feature","id":"2451","properties":{"id":"2451","name":"Maskinongé","regionAbbrev":"QC","pruid":"24","cdtype":"MRC"},"geometry":{"type":"Polygon","coordinates":[[[-72.69,46.37],[-72.7,46.42],[-72.738,46.475],[-72.74,46.478],[-72.91,46.72],[-73.18,46.75],[-73.13,46.83],[-73.42,46.89],[-73.44,46.6],[-73.28,46.53],[-73.33,46.5],[-73.17,46.38],[-73.04,46.16],[-72.69,46.37]]]}},{"type":"Feature","id":"2452","properties":{"id":"2452","name":"D'Autray","regionAbbrev":"QC","pruid":"24","cdtype":"MRC"},"geometry":{"type":"MultiPolygon","coordinates":[[[[-73.33,46.5],[-73.46,46.59],[-73.35,46.19],[-73.37,46.14],[-73.376,46.138],[-73.414,46.127],[-73.4,46.12],[-73.41,46.07],[-73.23,46.06],[-73.39,45.91],[-73.31,45.85],[-73.04,46.16],[-73.17,46.38],[-73.33,46.5]]],[[[-73.05,46.13],[-73.04,46.12],[-73.03,46.14],[-73.05,46.13]]]]}},{"type":"Feature","id":"2453","properties":{"id":"2453","name":"Pierre-De Saurel","regionAbbrev":"QC","pruid":"24","cdtype":"MRC"},"geometry":{"type":"Polygon","coordinates":[[[-72.927,46.089],[-72.94,46.1],[-73.2,45.88],[-72.75,45.94],[-72.895,46.062],[-72.93,46.07],[-72.927,46.089]]]}},{"type":"Feature","id":"2454","properties":{"id":"2454","name":"Les Maskoutains","regionAbbrev":"QC","pruid":"24","cdtype":"MRC"},"geometry":{"type":"Polygon","coordinates":[[[-72.73,45.6],[-72.9,45.91],[-73.06,45.75],[-73.07,45.48],[-72.8,45.54],[-72.61,45.54],[-72.6,45.537],[-72.62,45.61],[-72.73,45.6]]]}},{"type":"Feature","id":"2455","properties":{"id":"2455","name":"Rouville","regionAbbrev":"QC","pruid":"24","cdtype":"MRC"},"geometry":{"type":"Polygon","coordinates":[[[-72.8,45.54],[-73.07,45.48],[-73.23,45.54],[-73.246,45.408],[-73.248,45.398],[-73.24,45.398],[-73.082,45.384],[-73.038,45.381],[-73.03,45.38],[-73.007,45.357],[-72.99,45.34],[-73.006,45.337],[-72.88,45.26],[-72.873,45.282],[-72.88,45.28],[-72.825,45.46],[-72.8,45.54]]]}},{"type":"Feature","id":"2456","properties":{"id":"2456","name":"Le Haut-Richelieu","regionAbbrev":"QC","pruid":"24","cdtype":"MRC"},"geometry":{"type":"Polygon","coordinates":[[[-73.006,45.337],[-72.99,45.34],[-73.007,45.357],[-73.03,45.38],[-73.038,45.381],[-73.082,45.384],[-73.24,45.398],[-73.248,45.398],[-73.368,45.408],[-73.39,45.41],[-73.403,45.309],[-73.41,45.25],[-73.379,45.24],[-73.41,45.01],[-73.25,45.25],[-73.22,45.09],[-73.34,45.01],[-73.114,45.069],[-73.12,45.08],[-73.031,45.291],[-73.012,45.336],[-73.01,45.34],[-73.006,45.337]]]}},{"type":"Feature","id":"2457","properties":{"id":"2457","name":"La Vallée-du-Richelieu","regionAbbrev":"QC","pruid":"24","cdtype":"MRC"},"geometry":{"type":"Polygon","coordinates":[[[-73.06,45.75],[-73.18,45.86],[-73.218,45.83],[-73.27,45.79],[-73.236,45.763],[-73.256,45.682],[-73.317,45.568],[-73.321,45.56],[-73.39,45.43],[-73.382,45.422],[-73.39,45.41],[-73.368,45.408],[-73.248,45.398],[-73.246,45.408],[-73.23,45.54],[-73.07,45.48],[-73.06,45.75]]]}},{"type":"Feature","id":"2458","properties":{"id":"2458","name":"Longueuil","regionAbbrev":"QC","pruid":"24","cdtype":"TÉ"},"geometry":{"type":"Polygon","coordinates":[[[-73.321,45.56],[-73.35,45.57],[-73.368,45.602],[-73.44,45.65],[-73.53,45.52],[-73.39,45.41],[-73.382,45.422],[-73.39,45.43],[-73.321,45.56]]]}},{"type":"Feature","id":"2459","properties":{"id":"2459","name":"Marguerite-D'Youville","regionAbbrev":"QC","pruid":"24","cdtype":"MRC"},"geometry":{"type":"Polygon","coordinates":[[[-73.218,45.83],[-73.18,45.98],[-73.23,45.87],[-73.43,45.71],[-73.368,45.602],[-73.35,45.57],[-73.321,45.56],[-73.317,45.568],[-73.256,45.682],[-73.236,45.763],[-73.27,45.79],[-73.218,45.83]]]}},{"type":"Feature","id":"2460","properties":{"id":"2460","name":"L'Assomption","regionAbbrev":"QC","pruid":"24","cdtype":"MRC"},"geometry":{"type":"Polygon","coordinates":[[[-73.31,45.85],[-73.58,45.83],[-73.573,45.821],[-73.55,45.82],[-73.49,45.71],[-73.31,45.85]]]}},{"type":"Feature","id":"2461","properties":{"id":"2461","name":"Joliette","regionAbbrev":"QC","pruid":"24","cdtype":"MRC"},"geometry":{"type":"Polygon","coordinates":[[[-73.414,46.127],[-73.47,46.11],[-73.544,46.192],[-73.56,46.2],[-73.58,46.17],[-73.629,46.072],[-73.581,46.04],[-73.58,46.04],[-73.578,46.038],[-73.39,45.91],[-73.23,46.06],[-73.41,46.07],[-73.4,46.12],[-73.414,46.127]]]}},{"type":"Feature","id":"2462","properties":{"id":"2462","name":"Matawinie","regionAbbrev":"QC","pruid":"24","cdtype":"MRC"},"geometry":{"type":"Polygon","coordinates":[[[-73.92,47.47],[-74.51,47.76],[-74.89,47.76],[-74.54,47.51],[-74.41,47.52],[-74.66,47.24],[-74.49,47.22],[-74.41,47.1],[-74.58,47],[-74.34,46.55],[-74.48,46.45],[-74.41,46.3],[-74.18,46.25],[-74.03,46.15],[-73.96,46.07],[-73.98,45.98],[-73.66,46.01],[-73.65,46.029],[-73.629,46.072],[-73.58,46.17],[-73.56,46.2],[-73.544,46.192],[-73.47,46.11],[-73.414,46.127],[-73.376,46.138],[-73.37,46.14],[-73.35,46.19],[-73.46,46.59],[-73.33,46.5],[-73.28,46.53],[-73.44,46.6],[-73.42,46.89],[-73.65,46.94],[-74.03,47.18],[-73.92,47.47]]]}},{"type":"Feature","id":"2463","properties":{"id":"2463","name":"Montcalm","regionAbbrev":"QC","pruid":"24","cdtype":"MRC"},"geometry":{"type":"Polygon","coordinates":[[[-73.787,45.815],[-73.67,45.79],[-73.608,45.822],[-73.573,45.821],[-73.58,45.83],[-73.31,45.85],[-73.39,45.91],[-73.578,46.038],[-73.58,46.04],[-73.581,46.04],[-73.629,46.072],[-73.65,46.029],[-73.66,46.01],[-73.98,45.98],[-73.81,45.82],[-73.787,45.815]]]}},{"type":"Feature","id":"2464","properties":{"id":"2464","name":"Les Moulins","regionAbbrev":"QC","pruid":"24","cdtype":"MRC"},"geometry":{"type":"Polygon","coordinates":[[[-73.573,45.821],[-73.608,45.822],[-73.67,45.79],[-73.787,45.815],[-73.73,45.75],[-73.85,45.72],[-73.75,45.67],[-73.49,45.71],[-73.55,45.82],[-73.573,45.821]]]}},{"type":"Feature","id":"2465","properties":{"id":"2465","name":"Laval","regionAbbrev":"QC","pruid":"24","cdtype":"TÉ"},"geometry":{"type":"Polygon","coordinates":[[[-73.53,45.7],[-73.89,45.53],[-73.812,45.517],[-73.644,45.609],[-73.53,45.7]]]}},{"type":"Feature","id":"2466","properties":{"id":"2466","name":"Montréal","regionAbbrev":"QC","pruid":"24","cdtype":"TÉ"},"geometry":{"type":"MultiPolygon","coordinates":[[[[-73.53,45.52],[-73.53,45.51],[-73.53,45.5],[-73.52,45.5],[-73.53,45.52]]],[[[-73.644,45.609],[-73.812,45.517],[-73.97,45.43],[-73.59,45.47],[-73.48,45.7],[-73.644,45.609]]]]}},{"type":"Feature","id":"2467","properties":{"id":"2467","name":"Roussillon","regionAbbrev":"QC","pruid":"24","cdtype":"MRC"},"geometry":{"type":"Polygon","coordinates":[[[-73.45,45.307],[-73.403,45.309],[-73.39,45.41],[-73.69,45.42],[-73.83,45.33],[-73.7,45.23],[-73.699,45.232],[-73.654,45.283],[-73.65,45.3],[-73.638,45.3],[-73.569,45.303],[-73.45,45.307]]]}},{"type":"Feature","id":"2468","properties":{"id":"2468","name":"Les Jardins-de-Napierville","regionAbbrev":"QC","pruid":"24","cdtype":"MRC"},"geometry":{"type":"Polygon","coordinates":[[[-73.403,45.309],[-73.45,45.307],[-73.569,45.303],[-73.638,45.3],[-73.65,45.3],[-73.654,45.283],[-73.699,45.232],[-73.67,45.21],[-73.67,45.1],[-73.69,45],[-73.41,45.01],[-73.379,45.24],[-73.41,45.25],[-73.403,45.309]]]}},{"type":"Feature","id":"2469","properties":{"id":"2469","name":"Le Haut-Saint-Laurent","regionAbbrev":"QC","pruid":"24","cdtype":"MRC"},"geometry":{"type":"Polygon","coordinates":[[[-73.67,45.21],[-73.804,45.192],[-73.83,45.21],[-73.947,45.173],[-74.087,45.154],[-74.129,45.157],[-74.32,45.17],[-74.64,45],[-73.69,45],[-73.67,45.1],[-73.67,45.21]]]}},{"type":"Feature","id":"2470","properties":{"id":"2470","name":"Beauharnois-Salaberry","regionAbbrev":"QC","pruid":"24","cdtype":"MRC"},"geometry":{"type":"Polygon","coordinates":[[[-73.83,45.33],[-74.18,45.2],[-74.129,45.157],[-74.087,45.154],[-73.947,45.173],[-73.83,45.21],[-73.804,45.192],[-73.67,45.21],[-73.699,45.232],[-73.7,45.23],[-73.83,45.33]]]}},{"type":"Feature","id":"2471","properties":{"id":"2471","name":"Vaudreuil-Soulanges","regionAbbrev":"QC","pruid":"24","cdtype":"MRC"},"geometry":{"type":"Polygon","coordinates":[[[-74.34,45.21],[-73.95,45.33],[-74.01,45.42],[-74.34,45.5],[-74.36,45.53],[-74.387,45.541],[-74.389,45.542],[-74.44,45.39],[-74.47,45.3],[-74.34,45.21]]]}},{"type":"Feature","id":"2472","properties":{"id":"2472","name":"Deux-Montagnes","regionAbbrev":"QC","pruid":"24","cdtype":"MRC"},"geometry":{"type":"Polygon","coordinates":[[[-73.84,45.58],[-74.07,45.52],[-74.24,45.55],[-74.277,45.529],[-74.05,45.46],[-73.84,45.58]]]}},{"type":"Feature","id":"2473","properties":{"id":"2473","name":"Thérèse-De Blainville","regionAbbrev":"QC","pruid":"24","cdtype":"MRC"},"geometry":{"type":"Polygon","coordinates":[[[-73.85,45.72],[-73.84,45.58],[-73.75,45.67],[-73.85,45.72]]]}},{"type":"Feature","id":"2474","properties":{"id":"2474","name":"Mirabel","regionAbbrev":"QC","pruid":"24","cdtype":"TÉ"},"geometry":{"type":"Polygon","coordinates":[[[-74.24,45.552],[-74.24,45.55],[-74.07,45.52],[-73.84,45.58],[-73.85,45.72],[-73.73,45.75],[-73.787,45.815],[-73.81,45.82],[-73.928,45.776],[-73.95,45.79],[-74.2,45.712],[-74.24,45.7],[-74.24,45.552]]]}},{"type":"Feature","id":"2475","properties":{"id":"2475","name":"La Rivière-du-Nord","regionAbbrev":"QC","pruid":"24","cdtype":"MRC"},"geometry":{"type":"Polygon","coordinates":[[[-73.81,45.82],[-73.98,45.98],[-73.96,46.07],[-74.09,45.94],[-74.09,45.83],[-74.1,45.79],[-74.18,45.8],[-74.2,45.712],[-73.95,45.79],[-73.928,45.776],[-73.81,45.82]]]}},{"type":"Feature","id":"2476","properties":{"id":"2476","name":"Argenteuil","regionAbbrev":"QC","pruid":"24","cdtype":"MRC"},"geometry":{"type":"Polygon","coordinates":[[[-74.36,45.53],[-74.31,45.51],[-74.277,45.529],[-74.24,45.55],[-74.24,45.552],[-74.24,45.7],[-74.2,45.712],[-74.18,45.8],[-74.1,45.79],[-74.09,45.83],[-74.42,45.85],[-74.44,45.75],[-74.41,46.02],[-74.44,45.91],[-74.8,45.94],[-74.81,45.64],[-74.63,45.64],[-74.57,45.616],[-74.38,45.57],[-74.389,45.542],[-74.387,45.541],[-74.36,45.53]]]}},{"type":"Feature","id":"2477","properties":{"id":"2477","name":"Les Pays-d'en-Haut","regionAbbrev":"QC","pruid":"24","cdtype":"MRC"},"geometry":{"type":"Polygon","coordinates":[[[-73.96,46.07],[-74.25,45.95],[-74.41,46.02],[-74.44,45.75],[-74.42,45.85],[-74.09,45.83],[-74.09,45.94],[-73.96,46.07]]]}},{"type":"Feature","id":"2478","properties":{"id":"2478","name":"Les Laurentides","regionAbbrev":"QC","pruid":"24","cdtype":"MRC"},"geometry":{"type":"Polygon","coordinates":[[[-74.48,46.45],[-74.65,46.35],[-75.04,46.31],[-75.12,46.22],[-75.09,46.11],[-75.088,46.11],[-74.86,46.06],[-74.8,45.94],[-74.44,45.91],[-74.41,46.02],[-74.25,45.95],[-73.96,46.07],[-74.03,46.15],[-74.18,46.25],[-74.41,46.3],[-74.48,46.45]]]}},{"type":"Feature","id":"2479","properties":{"id":"2479","name":"Antoine-Labelle","regionAbbrev":"QC","pruid":"24","cdtype":"MRC"},"geometry":{"type":"Polygon","coordinates":[[[-74.89,47.76],[-75.52,47.76],[-75.54,47.76],[-75.41,47.59],[-75.31,47.55],[-75.63,47.18],[-75.65,47.28],[-76.1,47.19],[-76.13,46.92],[-75.75,46.84],[-75.82,46.31],[-75.76,46.02],[-75.7,46.02],[-75.41,45.97],[-75.12,46.22],[-75.04,46.31],[-74.65,46.35],[-74.48,46.45],[-74.34,46.55],[-74.58,47],[-74.41,47.1],[-74.49,47.22],[-74.66,47.24],[-74.41,47.52],[-74.54,47.51],[-74.89,47.76]]]}},{"type":"Feature","id":"2480","properties":{"id":"2480","name":"Papineau","regionAbbrev":"QC","pruid":"24","cdtype":"MRC"},"geometry":{"type":"Polygon","coordinates":[[[-75.12,46.22],[-75.41,45.97],[-75.7,46.02],[-75.8,45.98],[-75.74,45.83],[-75.727,45.796],[-75.51,45.82],[-75.49,45.71],[-75.36,45.6],[-75.35,45.54],[-75.334,45.543],[-74.992,45.606],[-74.81,45.64],[-74.8,45.94],[-74.86,46.06],[-75.088,46.11],[-75.09,46.11],[-75.12,46.22]]]}},{"type":"Feature","id":"2481","properties":{"id":"2481","name":"Gatineau","regionAbbrev":"QC","pruid":"24","cdtype":"TÉ"},"geometry":{"type":"Polygon","coordinates":[[[-75.36,45.6],[-75.72,45.55],[-75.78,45.46],[-75.91,45.48],[-75.9,45.402],[-75.82,45.37],[-75.35,45.54],[-75.36,45.6]]]}},{"type":"Feature","id":"2482","properties":{"id":"2482","name":"Les Collines-de-l'Outaouais","regionAbbrev":"QC","pruid":"24","cdtype":"MRC"},"geometry":{"type":"Polygon","coordinates":[[[-75.36,45.6],[-75.49,45.71],[-75.51,45.82],[-75.727,45.796],[-75.72,45.78],[-76.15,45.75],[-76.15,45.8],[-76.33,45.8],[-76.3,45.46],[-76.273,45.466],[-76.2,45.52],[-76.143,45.497],[-75.909,45.405],[-75.9,45.402],[-75.91,45.48],[-75.78,45.46],[-75.72,45.55],[-75.36,45.6]]]}},{"type":"Feature","id":"2483","properties":{"id":"2483","name":"La Vallée-de-la-Gatineau","regionAbbrev":"QC","pruid":"24","cdtype":"MRC"},"geometry":{"type":"Polygon","coordinates":[[[-75.52,47.76],[-75.521,47.85],[-75.73,47.825],[-75.79,47.67],[-75.86,47.8],[-76.23,47.73],[-76.49,47.6],[-76.42,47.51],[-76.57,47.6],[-76.58,47.29],[-77,47.29],[-77,47.15],[-77,47],[-76.8,47],[-76.8,46.64],[-76.61,46.65],[-76.5,46.34],[-76.6,46.32],[-76.32,46.27],[-76.32,46.02],[-76.15,46.02],[-76.15,45.8],[-76.15,45.75],[-75.72,45.78],[-75.727,45.796],[-75.74,45.83],[-75.8,45.98],[-75.7,46.02],[-75.76,46.02],[-75.82,46.31],[-75.75,46.84],[-76.13,46.92],[-76.1,47.19],[-75.65,47.28],[-75.63,47.18],[-75.31,47.55],[-75.41,47.59],[-75.54,47.76],[-75.52,47.76]]]}},{"type":"Feature","id":"2484","properties":{"id":"2484","name":"Pontiac","regionAbbrev":"QC","pruid":"24","cdtype":"MRC"},"geometry":{"type":"Polygon","coordinates":[[[-76.15,45.8],[-76.15,46.02],[-76.32,46.02],[-76.32,46.27],[-76.6,46.32],[-76.5,46.34],[-76.61,46.65],[-76.8,46.64],[-76.8,47],[-77,47],[-77,47.15],[-77.43,47.14],[-77.43,47.29],[-77.93,47.27],[-77.74,46.41],[-77.84,46.31],[-77.85,46.21],[-77.57,46.16],[-77.19,45.86],[-76.78,45.87],[-76.66,45.56],[-76.3,45.46],[-76.33,45.8],[-76.15,45.8]]]}},{"type":"Feature","id":"2485","properties":{"id":"2485","name":"Témiscamingue","regionAbbrev":"QC","pruid":"24","cdtype":"MRC"},"geometry":{"type":"Polygon","coordinates":[[[-77.93,47.27],[-77.43,47.49],[-77.42,47.7],[-78.22,47.7],[-78.65,47.7],[-78.65,47.88],[-79.39,47.85],[-79.39,47.91],[-79.515,47.91],[-79.52,47.91],[-79.51,47.54],[-79.43,47.25],[-79.41,47.06],[-78.99,46.55],[-78.71,46.33],[-78.4,46.29],[-78.399,46.287],[-78.391,46.269],[-78.185,46.257],[-77.85,46.21],[-77.84,46.31],[-77.74,46.41],[-77.93,47.27]]]}},{"type":"Feature","id":"2486","properties":{"id":"2486","name":"Rouyn-Noranda","regionAbbrev":"QC","pruid":"24","cdtype":"TÉ"},"geometry":{"type":"Polygon","coordinates":[[[-78.22,47.7],[-78.22,48],[-78.31,48],[-78.3,48.332],[-78.305,48.336],[-78.43,48.24],[-78.65,48.43],[-78.648,48.57],[-79.08,48.56],[-79.08,48.43],[-79.52,48.43],[-79.52,48.28],[-79.52,48.26],[-79.515,47.91],[-79.39,47.91],[-79.39,47.85],[-78.65,47.88],[-78.65,47.7],[-78.22,47.7]]]}},{"type":"Feature","id":"2487","properties":{"id":"2487","name":"Abitibi-Ouest","regionAbbrev":"QC","pruid":"24","cdtype":"MRC"},"geometry":{"type":"Polygon","coordinates":[[[-78.648,48.57],[-78.64,49],[-79.52,49.01],[-79.52,48.43],[-79.08,48.43],[-79.08,48.56],[-78.648,48.57]]]}},{"type":"Feature","id":"2488","properties":{"id":"2488","name":"Abitibi","regionAbbrev":"QC","pruid":"24","cdtype":"MRC"},"geometry":{"type":"Polygon","coordinates":[[[-78.3,48.332],[-78.3,48.34],[-78.22,48.26],[-77.56,48.29],[-77.56,48.5],[-77.14,48.58],[-77.08,48.73],[-77.06,49],[-78.64,49],[-78.648,48.57],[-78.65,48.43],[-78.43,48.24],[-78.305,48.336],[-78.3,48.332]]]}},{"type":"Feature","id":"2489","properties":{"id":"2489","name":"La Vallée-de-l'Or","regionAbbrev":"QC","pruid":"24","cdtype":"MRC"},"geometry":{"type":"Polygon","coordinates":[[[-75.521,47.85],[-75.53,49],[-77.06,49],[-77.08,48.73],[-77.14,48.58],[-77.56,48.5],[-77.56,48.29],[-78.22,48.26],[-78.3,48.34],[-78.3,48.332],[-78.31,48],[-78.22,48],[-78.22,47.7],[-77.42,47.7],[-77.43,47.49],[-77.93,47.27],[-77.43,47.29],[-77.43,47.14],[-77,47.15],[-77,47.29],[-76.58,47.29],[-76.57,47.6],[-76.42,47.51],[-76.49,47.6],[-76.23,47.73],[-75.86,47.8],[-75.79,47.67],[-75.73,47.825],[-75.521,47.85]]]}},{"type":"Feature","id":"2490","properties":{"id":"2490","name":"La Tuque","regionAbbrev":"QC","pruid":"24","cdtype":"TÉ"},"geometry":{"type":"Polygon","coordinates":[[[-74.415,48.93],[-74.44,48.93],[-74.51,49],[-75.53,49],[-75.521,47.85],[-75.52,47.76],[-74.89,47.76],[-74.51,47.76],[-73.92,47.47],[-73.74,47.5],[-73.25,47.17],[-72.9,47.22],[-72.71,47.06],[-72.54,47.18],[-72.55,47.31],[-72.44,47.4],[-72.43,47.3],[-72.259,47.262],[-72.25,47.26],[-72.161,47.381],[-72.148,47.383],[-72.153,47.392],[-72.14,47.41],[-72.24,47.54],[-71.891,47.769],[-71.89,47.77],[-72.07,47.95],[-72.12,48],[-73.02,48],[-74.415,48.93]]]}},{"type":"Feature","id":"2491","properties":{"id":"2491","name":"Le Domaine-du-Roy","regionAbbrev":"QC","pruid":"24","cdtype":"MRC"},"geometry":{"type":"Polygon","coordinates":[[[-72.12,48],[-71.97,48.05],[-71.96,48.25],[-71.98,48.39],[-72.1,48.73],[-72.106,48.729],[-72.32,48.68],[-72.32,48.85],[-72.53,48.75],[-73.06,48.96],[-73.14,49.15],[-73.34,49.31],[-73.66,50.02],[-73.85,50.01],[-74.26,49.51],[-74.39,49.47],[-74.428,49.329],[-74.403,49.314],[-74.256,49.283],[-74.24,49.28],[-74.33,48.93],[-74.415,48.93],[-73.02,48],[-72.12,48]]]}},{"type":"Feature","id":"2492","properties":{"id":"2492","name":"Maria-Chapdelaine","regionAbbrev":"QC","pruid":"24","cdtype":"MRC"},"geometry":{"type":"Polygon","coordinates":[[[-72.106,48.729],[-72.11,48.74],[-71.86,48.74],[-71.77,48.83],[-71.51,48.77],[-71.46,48.85],[-71.17,49.49],[-71.43,51.61],[-71.1,52.12],[-70.88,52.28],[-71.14,52.17],[-71.57,51.81],[-71.58,51.5],[-72.22,51.03],[-72.43,50.79],[-72.505,50.763],[-72.533,50.753],[-72.57,50.74],[-72.57,50.89],[-73.05,50.65],[-73.15,50.75],[-73.77,50.22],[-73.82,50.03],[-73.66,50.02],[-73.34,49.31],[-73.14,49.15],[-73.06,48.96],[-72.53,48.75],[-72.32,48.85],[-72.32,48.68],[-72.106,48.729]]]}},{"type":"Feature","id":"2493","properties":{"id":"2493","name":"Lac-Saint-Jean-Est","regionAbbrev":"QC","pruid":"24","cdtype":"MRC"},"geometry":{"type":"Polygon","coordinates":[[[-71.4,47.95],[-71.38,47.95],[-71.64,48.19],[-71.32,48.77],[-71.46,48.85],[-71.51,48.77],[-71.77,48.83],[-71.86,48.74],[-72.11,48.74],[-72.106,48.729],[-72.1,48.73],[-71.98,48.39],[-71.96,48.25],[-71.97,48.05],[-72.12,48],[-72.07,47.95],[-71.4,47.95]]]}},{"type":"Feature","id":"2494","properties":{"id":"2494","name":"Le Saguenay-et-son-Fjord","regionAbbrev":"QC","pruid":"24","cdtype":"CDR"},"geometry":{"type":"Polygon","coordinates":[[[-70.014,50],[-70.018,51.56],[-70.02,51.56],[-70.018,51.865],[-70.02,52.62],[-70.02,52.7],[-70.044,52.684],[-70.05,52.65],[-70.18,52.59],[-70.29,52.35],[-70.88,52.28],[-71.1,52.12],[-71.43,51.61],[-71.17,49.49],[-71.46,48.85],[-71.32,48.77],[-71.64,48.19],[-71.43,48],[-71.41,48],[-70.53,48],[-70.26,48],[-70.17,48.12],[-69.96,48.06],[-69.71,48.13],[-70.08,48.26],[-70.01,48.36],[-70.014,50]]]}},{"type":"Feature","id":"2495","properties":{"id":"2495","name":"La Haute-Côte-Nord","regionAbbrev":"QC","pruid":"24","cdtype":"MRC"},"geometry":{"type":"Polygon","coordinates":[[[-69.71,48.13],[-69.13,48.58],[-69.07,48.84],[-69.01,48.76],[-68.62,48.92],[-68.76,48.94],[-68.79,49.06],[-69.15,49.08],[-69.27,49.67],[-69.44,49.91],[-69.51,50],[-70.014,50],[-70.01,48.36],[-70.08,48.26],[-69.71,48.13]]]}},{"type":"Feature","id":"2496","properties":{"id":"2496","name":"Manicouagan","regionAbbrev":"QC","pruid":"24","cdtype":"MRC"},"geometry":{"type":"Polygon","coordinates":[[[-70.014,50],[-69.51,50],[-69.44,49.91],[-69.27,49.67],[-69.15,49.08],[-68.79,49.06],[-68.76,48.94],[-68.39,49.14],[-68.46,49.04],[-68.19,49.1],[-68.33,49.19],[-67.87,49.37],[-67.82,49.27],[-67.38,49.32],[-67.23,49.59],[-67.58,49.59],[-67.52,49.83],[-67.74,49.87],[-67.61,50.04],[-67.83,50.5],[-67.64,51.01],[-67.85,51.4],[-67.92,51.56],[-70.018,51.56],[-70.014,50]]]}},{"type":"Feature","id":"2497","properties":{"id":"2497","name":"Sept-Rivières--Caniapiscau","regionAbbrev":"QC","pruid":"24","cdtype":"CDR"},"geometry":{"type":"MultiPolygon","coordinates":[[[[-67.42,55],[-70,55],[-70,52.92],[-70.012,52.853],[-70.044,52.684],[-70.02,52.7],[-70.02,52.62],[-70.018,51.865],[-70.02,51.56],[-70.018,51.56],[-67.92,51.56],[-67.85,51.4],[-67.64,51.01],[-67.83,50.5],[-67.61,50.04],[-67.74,49.87],[-67.52,49.83],[-67.58,49.59],[-67.23,49.59],[-66.93,50],[-66.42,50.15],[-66.45,50.29],[-66.36,50.19],[-65.54,50.27],[-65.5,52.11],[-65.65,51.99],[-65.67,52.12],[-66,52.05],[-66.27,52.31],[-66.38,52.15],[-66.42,52.86],[-66.291,52.868],[-66.326,52.96],[-66.337,52.975],[-66.46,53.06],[-66.76,52.67],[-67.16,52.82],[-67.24,52.98],[-67.39,53.13],[-66.99,53.08],[-66.89,53.41],[-67.32,53.55],[-67.6,53.76],[-67.5,53.84],[-67.76,54.09],[-67.62,54.2],[-67.77,54.44],[-67.49,54.58],[-67.27,54.49],[-67.28,54.59],[-67.081,54.68],[-67.38,54.95],[-67.42,55]]],[[[-66.757,54.984],[-67.181,54.999],[-67.132,54.954],[-66.67,54.71],[-66.74,54.81],[-66.628,54.791],[-66.622,54.795],[-66.65,54.86],[-66.757,54.984]]],[[[-63.56,55],[-66.26,55],[-65.85,54.93],[-65.69,54.71],[-65.09,54.97],[-64.77,54.73],[-64.18,54.72],[-64.058,54.608],[-63.983,54.604],[-63.71,54.62],[-63.82,54.82],[-63.83,54.94],[-63.82,54.938],[-63.59,54.9],[-63.56,55]]]]}},{"type":"Feature","id":"2498","properties":{"id":"2498","name":"Minganie--Le Golfe-du-Saint-Laurent","regionAbbrev":"QC","pruid":"24","cdtype":"CDR"},"geometry":{"type":"MultiPolygon","coordinates":[[[[-65.5,52.11],[-65.54,50.27],[-63.82,50.3],[-63.4,50.2],[-62.35,50.34],[-61.81,50.13],[-61.56,50.25],[-61.74,50.09],[-61.03,50.26],[-60.94,50.18],[-60.87,50.3],[-60.74,50.28],[-60.791,50.248],[-60.83,50.2],[-60.51,50.25],[-60.34,50.21],[-60.29,50.34],[-60.29,50.22],[-59.98,50.31],[-59.95,50.25],[-59.79,50.46],[-59.58,50.47],[-59.43,50.66],[-59.34,50.65],[-59.32,50.71],[-59.23,50.68],[-59.21,50.72],[-58.95,50.82],[-59.05,51],[-58.83,51.02],[-58.56,51.18],[-58.64,51.27],[-58.29,51.26],[-58.27,51.39],[-58.23,51.26],[-57.74,51.47],[-57.11,51.42],[-57.11,52],[-63.8,52],[-63.83,52.09],[-63.64,52.05],[-63.74,52.32],[-64.1,52.47],[-63.95,52.61],[-63.38,52.66],[-63.62,52.88],[-64.14,52.73],[-64.27,51.74],[-64.55,51.57],[-64.71,51.76],[-65.36,51.82],[-65.5,52.11]]],[[[-60.51,50.2],[-60.51,50.21],[-60.52,50.21],[-60.51,50.2]]],[[[-59.22,50.65],[-59.22,50.64],[-59.21,50.64],[-59.22,50.65]]],[[[-60.4,50.22],[-60.4,50.21],[-60.39,50.21],[-60.4,50.22]]],[[[-59.99,50.25],[-60,50.24],[-59.99,50.24],[-60,50.23],[-59.98,50.24],[-59.99,50.25]]],[[[-60.75,50.2],[-60.75,50.21],[-60.76,50.2],[-60.75,50.2]]],[[[-59.49,50.53],[-59.48,50.52],[-59.47,50.53],[-59.48,50.53],[-59.49,50.53]]],[[[-60.26,50.22],[-60.27,50.21],[-60.26,50.21],[-60.26,50.22]]],[[[-59.46,50.49],[-59.47,50.49],[-59.46,50.48],[-59.46,50.49]]],[[[-58.42,51.17],[-58.43,51.17],[-58.42,51.16],[-58.42,51.17]]],[[[-58.47,51.13],[-58.46,51.15],[-58.48,51.14],[-58.47,51.13]]],[[[-59.41,50.64],[-59.4,50.61],[-59.4,50.64],[-59.41,50.64]]],[[[-59.11,50.75],[-59.13,50.74],[-59.1,50.74],[-59.11,50.75]]],[[[-59.29,50.67],[-59.3,50.66],[-59.28,50.65],[-59.29,50.67]]],[[[-62.18,49.4],[-62.69,49.64],[-64.15,49.95],[-64.52,49.86],[-63.08,49.23],[-62.25,49.06],[-61.67,49.13],[-62.18,49.4]]]]}},{"type":"Feature","id":"2499","properties":{"id":"2499","name":"Nord-du-Québec","regionAbbrev":"QC","pruid":"24","cdtype":"CDR"},"geometry":{"type":"MultiPolygon","coordinates":[[[[-67.181,54.999],[-66.757,54.984],[-66.756,54.984],[-66.63,54.98],[-66.67,55.18],[-66.812,55.35],[-66.811,55.356],[-66.5,55.21],[-66.26,55],[-63.56,55],[-63.6,55.13],[-63.414,55.251],[-63.4,55.26],[-63.68,55.27],[-63.32,55.41],[-63.79,55.47],[-63.64,55.64],[-63.85,55.91],[-63.44,56.03],[-64.03,56.07],[-63.86,56.21],[-64.15,56.3],[-64.1,56.33],[-64.146,56.431],[-63.87,56.44],[-64.15,56.7],[-63.86,56.87],[-63.6,57.74],[-63.69,57.65],[-64.07,57.77],[-64.22,58.04],[-64.43,58.097],[-64.43,58.145],[-64.426,58.162],[-64.22,58.25],[-63.81,58.49],[-64.1,58.56],[-64.05,58.7],[-63.47,58.76],[-63.71,58.89],[-64.14,58.75],[-64.29,58.9],[-64.89,58.94],[-64.78,59.07],[-64.26,59.01],[-64.54,59.31],[-64.32,59.51],[-64.68,59.45],[-64.94,59.57],[-64.63,59.93],[-64.92,60.06],[-64.59,60.12],[-64.86,60.26],[-64.53,60.31],[-64.85,60.37],[-64.93,60.05],[-65.14,60.05],[-65,59.9],[-65.28,59.88],[-64.98,59.76],[-65.33,59.86],[-65.31,59.75],[-65.54,59.75],[-65.39,59.5],[-64.93,59.37],[-65.52,59.48],[-65.43,59.41],[-65.3,59.24],[-65.55,59.39],[-65.47,59.14],[-65.75,59.24],[-65.51,59.1],[-65.5,58.99],[-65.69,59.06],[-65.66,58.94],[-66,58.91],[-65.83,58.78],[-66.07,58.83],[-66.01,58.64],[-66.45,58.83],[-66.66,58.55],[-66.5,58.43],[-66.94,58.51],[-67.69,58.1],[-67.71,58.45],[-67.85,58.31],[-68.01,58.59],[-68.41,58.39],[-68.35,58.78],[-68.76,58.92],[-69.39,58.87],[-69.81,58.58],[-69.91,58.78],[-70.26,58.78],[-69.79,58.83],[-70,59],[-69.85,59.06],[-69.73,58.96],[-69.55,58.81],[-69.34,59.11],[-69.54,59.15],[-69.23,59.23],[-69.25,59.33],[-69.76,59.32],[-69.5,59.67],[-69.84,60.03],[-69.58,60.22],[-69.83,60.5],[-69.36,60.81],[-69.5,61.07],[-69.9,60.8],[-70.13,61.09],[-70.72,61],[-71.58,61.16],[-71.92,61.39],[-71.57,61.41],[-72,61.45],[-71.55,61.62],[-71.94,61.71],[-71.96,61.6],[-72.27,61.56],[-71.98,61.68],[-72.57,61.95],[-72.59,61.78],[-72.8,61.82],[-72.58,62.05],[-72.87,62.14],[-73.67,62.48],[-74.71,62.26],[-74.54,62.1],[-75.34,62.32],[-75.78,62.15],[-75.56,62.27],[-77.42,62.58],[-78.19,62.26],[-78,61.71],[-77.5,61.55],[-77.71,61.54],[-77.64,61.39],[-77.81,61.46],[-77.71,61.18],[-78.23,60.78],[-77.51,60.84],[-77.84,60.64],[-77.42,60.54],[-77.78,60.39],[-77.46,60.2],[-77.64,60.06],[-77.19,60.05],[-77.46,59.92],[-77.28,59.8],[-77.57,59.76],[-77.5,59.64],[-77.81,59.71],[-77.71,59.54],[-77.89,59.51],[-77.95,59.41],[-77.64,59.37],[-78.47,58.92],[-78.34,58.7],[-78.56,58.79],[-78.43,58.54],[-78.39,58.59],[-77,58.02],[-77.2,58],[-76.66,57.41],[-76.52,56.45],[-77.12,55.66],[-78.32,55.04],[-79.76,54.63],[-79.5,54.59],[-79.54,54.46],[-79.39,54.18],[-79.06,54.17],[-79.08,53.74],[-79.09,53.71],[-79.07,53.59],[-78.88,53.56],[-79.14,53.5],[-78.93,53.41],[-78.99,53.02],[-78.71,52.87],[-78.87,52.74],[-78.5,52.48],[-78.5,52.08],[-78.9,51.91],[-78.93,51.65],[-78.76,51.67],[-78.93,51.25],[-79.23,51.64],[-79.54,51.55],[-79.539,51.454],[-79.52,49.01],[-78.64,49],[-77.06,49],[-75.53,49],[-74.51,49],[-74.44,48.93],[-74.415,48.93],[-74.33,48.93],[-74.24,49.28],[-74.256,49.283],[-74.403,49.314],[-74.428,49.329],[-74.39,49.47],[-74.26,49.51],[-73.85,50.01],[-73.66,50.02],[-73.82,50.03],[-73.77,50.22],[-73.15,50.75],[-73.05,50.65],[-72.57,50.89],[-72.57,50.74],[-72.533,50.753],[-72.505,50.763],[-72.43,50.79],[-72.22,51.03],[-71.58,51.5],[-71.57,51.81],[-71.14,52.17],[-70.88,52.28],[-70.29,52.35],[-70.18,52.59],[-70.05,52.65],[-70.044,52.684],[-70.012,52.853],[-70,52.92],[-70,55],[-67.42,55],[-67.47,55.06],[-67.37,55.09],[-67.341,55.073],[-67.22,55],[-67.181,54.999]]],[[[-65.14,60.06],[-65.15,60.06],[-65.14,60.05],[-65.14,60.06]]],[[[-77.9,59.51],[-77.9,59.5],[-77.89,59.51],[-77.9,59.51]]],[[[-77.81,61.63],[-77.82,61.63],[-77.81,61.62],[-77.81,61.63]]],[[[-69.08,59.07],[-69.07,59.07],[-69.08,59.08],[-69.08,59.07]]],[[[-69.24,59.16],[-69.34,58.94],[-69.09,59.06],[-69.24,59.16]]]]}},{"type":"Feature","id":"3501","properties":{"id":"3501","name":"Stormont, Dundas and Glengarry","regionAbbrev":"ON","pruid":"35","cdtype":"UC"},"geometry":{"type":"Polygon","coordinates":[[[-74.44,45.39],[-74.58,45.51],[-74.99,45.28],[-75.35,45.18],[-75.587,45.081],[-75.36,44.8],[-74.34,45.21],[-74.47,45.3],[-74.44,45.39]]]}},{"type":"Feature","id":"3502","properties":{"id":"3502","name":"Prescott and Russell","regionAbbrev":"ON","pruid":"35","cdtype":"UC"},"geometry":{"type":"Polygon","coordinates":[[[-74.389,45.542],[-74.38,45.57],[-74.57,45.616],[-74.63,45.64],[-74.81,45.64],[-74.992,45.606],[-75.334,45.543],[-75.34,45.54],[-75.25,45.36],[-75.43,45.31],[-75.35,45.18],[-74.99,45.28],[-74.58,45.51],[-74.44,45.39],[-74.389,45.542]]]}},{"type":"Feature","id":"3506","properties":{"id":"3506","name":"Ottawa","regionAbbrev":"ON","pruid":"35","cdtype":"CDR"},"geometry":{"type":"Polygon","coordinates":[[[-75.334,45.543],[-75.35,45.54],[-75.82,45.37],[-75.9,45.402],[-75.909,45.405],[-76.143,45.497],[-76.2,45.52],[-76.273,45.466],[-76.35,45.41],[-75.82,44.95],[-75.89,44.87],[-75.612,45.108],[-75.61,45.11],[-75.587,45.081],[-75.35,45.18],[-75.43,45.31],[-75.25,45.36],[-75.34,45.54],[-75.334,45.543]]]}},{"type":"Feature","id":"3507","properties":{"id":"3507","name":"Leeds and Grenville","regionAbbrev":"ON","pruid":"35","cdtype":"UC"},"geometry":{"type":"MultiPolygon","coordinates":[[[[-76.15,44.3],[-76.16,44.3],[-76.16,44.29],[-76.15,44.3]]],[[[-75.587,45.081],[-75.61,45.11],[-75.612,45.108],[-75.89,44.87],[-76.07,44.89],[-76.28,44.71],[-76.4,44.79],[-76.53,44.72],[-76.25,44.5],[-76.23,44.31],[-75.94,44.38],[-75.36,44.8],[-75.587,45.081]]]]}},{"type":"Feature","id":"3509","properties":{"id":"3509","name":"Lanark","regionAbbrev":"ON","pruid":"35","cdtype":"CTY"},"geometry":{"type":"Polygon","coordinates":[[[-75.89,44.87],[-75.82,44.95],[-76.35,45.41],[-76.77,45.14],[-76.53,44.72],[-76.4,44.79],[-76.28,44.71],[-76.07,44.89],[-75.89,44.87]]]}},{"type":"Feature","id":"3510","properties":{"id":"3510","name":"Frontenac","regionAbbrev":"ON","pruid":"35","cdtype":"CTY"},"geometry":{"type":"Polygon","coordinates":[[[-76.53,44.72],[-76.77,45.14],[-76.94,45.21],[-77.14,45.1],[-77.12,45.06],[-77.074,44.969],[-77.22,44.92],[-77.12,44.78],[-76.92,44.64],[-76.61,44.21],[-76.24,44.31],[-76.25,44.5],[-76.53,44.72]]]}},{"type":"Feature","id":"3511","properties":{"id":"3511","name":"Lennox and Addington","regionAbbrev":"ON","pruid":"35","cdtype":"CTY"},"geometry":{"type":"Polygon","coordinates":[[[-77.14,45.1],[-77.22,45.24],[-77.531,45.143],[-77.4,44.898],[-77.284,44.698],[-77.06,44.42],[-77.14,44.4],[-77.02,44.19],[-77.07,44.11],[-76.88,44.17],[-77.05,44.05],[-76.63,44.22],[-76.92,44.64],[-77.12,44.78],[-77.22,44.92],[-77.074,44.969],[-77.12,45.06],[-77.14,45.1]]]}},{"type":"Feature","id":"3512","properties":{"id":"3512","name":"Hastings","regionAbbrev":"ON","pruid":"35","cdtype":"CTY"},"geometry":{"type":"Polygon","coordinates":[[[-77.531,45.143],[-77.54,45.14],[-77.69,45.44],[-77.85,45.4],[-78.18,45.31],[-78.143,45.238],[-77.975,44.907],[-77.972,44.901],[-77.736,44.438],[-77.65,44.27],[-77.66,44.04],[-77.38,44.16],[-77.05,44.19],[-77.14,44.4],[-77.06,44.42],[-77.284,44.698],[-77.4,44.898],[-77.531,45.143]]]}},{"type":"Feature","id":"3513","properties":{"id":"3513","name":"Prince Edward","regionAbbrev":"ON","pruid":"35","cdtype":"CDR"},"geometry":{"type":"Polygon","coordinates":[[[-77.61,44.01],[-77.16,43.84],[-76.86,43.93],[-77.05,43.92],[-76.85,44.11],[-77.14,44.01],[-77.07,44.17],[-77.31,44.08],[-77.39,44.14],[-77.61,44.01]]]}},{"type":"Feature","id":"3514","properties":{"id":"3514","name":"Northumberland","regionAbbrev":"ON","pruid":"35","cdtype":"CTY"},"geometry":{"type":"Polygon","coordinates":[[[-77.736,44.438],[-77.91,44.39],[-78.22,44.14],[-78.51,44.08],[-78.44,43.91],[-77.74,44.01],[-77.66,44.04],[-77.65,44.27],[-77.736,44.438]]]}},{"type":"Feature","id":"3515","properties":{"id":"3515","name":"Peterborough","regionAbbrev":"ON","pruid":"35","cdtype":"CTY"},"geometry":{"type":"Polygon","coordinates":[[[-77.975,44.907],[-77.994,44.904],[-78.647,44.782],[-78.602,44.68],[-78.43,44.29],[-78.58,44.25],[-78.51,44.08],[-78.22,44.14],[-77.91,44.39],[-77.736,44.438],[-77.972,44.901],[-77.975,44.907]]]}},{"type":"Feature","id":"3516","properties":{"id":"3516","name":"Kawartha Lakes","regionAbbrev":"ON","pruid":"35","cdtype":"CDR"},"geometry":{"type":"Polygon","coordinates":[[[-78.647,44.782],[-78.655,44.781],[-78.82,44.75],[-78.939,44.988],[-79.12,44.95],[-79.06,44.84],[-79.21,44.8],[-79.149,44.664],[-79.08,44.52],[-79.085,44.519],[-78.92,44.15],[-78.77,44.23],[-78.69,44.06],[-78.52,44.1],[-78.58,44.25],[-78.43,44.29],[-78.602,44.68],[-78.647,44.782]]]}},{"type":"Feature","id":"3518","properties":{"id":"3518","name":"Durham","regionAbbrev":"ON","pruid":"35","cdtype":"RM"},"geometry":{"type":"Polygon","coordinates":[[[-79.085,44.519],[-79.51,44.42],[-79.25,44.45],[-79.16,44.26],[-79.33,44.22],[-79.172,43.86],[-79.15,43.81],[-78.44,43.91],[-78.51,44.08],[-78.58,44.25],[-78.52,44.1],[-78.69,44.06],[-78.77,44.23],[-78.92,44.15],[-79.085,44.519]]]}},{"type":"Feature","id":"3519","properties":{"id":"3519","name":"York","regionAbbrev":"ON","pruid":"35","cdtype":"RM"},"geometry":{"type":"Polygon","coordinates":[[[-79.51,44.42],[-79.56,44.08],[-79.78,43.99],[-79.64,43.75],[-79.172,43.86],[-79.33,44.22],[-79.16,44.26],[-79.25,44.45],[-79.51,44.42]]]}},{"type":"Feature","id":"3520","properties":{"id":"3520","name":"Toronto","regionAbbrev":"ON","pruid":"35","cdtype":"CDR"},"geometry":{"type":"Polygon","coordinates":[[[-79.172,43.86],[-79.64,43.75],[-79.54,43.58],[-79.15,43.81],[-79.172,43.86]]]}},{"type":"Feature","id":"3521","properties":{"id":"3521","name":"Peel","regionAbbrev":"ON","pruid":"35","cdtype":"RM"},"geometry":{"type":"Polygon","coordinates":[[[-80.14,43.86],[-79.61,43.48],[-79.78,43.99],[-80.14,43.86]]]}},{"type":"Feature","id":"3522","properties":{"id":"3522","name":"Dufferin","regionAbbrev":"ON","pruid":"35","cdtype":"CTY"},"geometry":{"type":"Polygon","coordinates":[[[-79.95,43.95],[-80.03,44.29],[-80.23,44.25],[-80.36,44.17],[-80.37,44.04],[-80.44,44.03],[-80.4,43.86],[-80.25,43.76],[-80.08,43.92],[-79.95,43.95]]]}},{"type":"Feature","id":"3523","properties":{"id":"3523","name":"Wellington","regionAbbrev":"ON","pruid":"35","cdtype":"CTY"},"geometry":{"type":"Polygon","coordinates":[[[-80.44,44.03],[-80.99,43.99],[-80.95,43.82],[-80.76,43.84],[-80.87,43.7],[-80.75,43.649],[-80.61,43.59],[-80.56,43.69],[-80.27,43.39],[-80.24,43.395],[-80.206,43.358],[-80.118,43.414],[-80.08,43.42],[-80.031,43.469],[-80.03,43.47],[-80.16,43.56],[-79.97,43.73],[-80.14,43.86],[-80.25,43.76],[-80.4,43.86],[-80.44,44.03]]]}},{"type":"Feature","id":"3524","properties":{"id":"3524","name":"Halton","regionAbbrev":"ON","pruid":"35","cdtype":"RM"},"geometry":{"type":"Polygon","coordinates":[[[-80.03,43.47],[-79.86,43.35],[-79.875,43.292],[-79.8,43.3],[-79.63,43.48],[-79.95,43.72],[-80.16,43.56],[-80.03,43.47]]]}},{"type":"Feature","id":"3525","properties":{"id":"3525","name":"Hamilton","regionAbbrev":"ON","pruid":"35","cdtype":"CDR"},"geometry":{"type":"Polygon","coordinates":[[[-80.206,43.358],[-80.19,43.34],[-80.248,43.325],[-80.2,43.21],[-79.75,43.05],[-79.62,43.23],[-79.88,43.27],[-79.875,43.292],[-79.86,43.35],[-80.03,43.47],[-80.031,43.469],[-80.08,43.42],[-80.118,43.414],[-80.206,43.358]]]}},{"type":"Feature","id":"3526","properties":{"id":"3526","name":"Niagara","regionAbbrev":"ON","pruid":"35","cdtype":"RM"},"geometry":{"type":"Polygon","coordinates":[[[-79.75,43.05],[-79.38,42.86],[-78.93,42.88],[-79.07,43.26],[-79.62,43.23],[-79.75,43.05]]]}},{"type":"Feature","id":"3528","properties":{"id":"3528","name":"Haldimand-Norfolk","regionAbbrev":"ON","pruid":"35","cdtype":"CDR"},"geometry":{"type":"MultiPolygon","coordinates":[[[[-80.32,42.59],[-80.32,42.58],[-80.31,42.59],[-80.32,42.59]]],[[[-80.738,42.797],[-80.72,42.62],[-80.33,42.57],[-80.45,42.62],[-80.22,42.78],[-79.44,42.88],[-79.98,43.13],[-80.08,42.97],[-80.54,42.98],[-80.51,42.88],[-80.74,42.82],[-80.738,42.797]]]]}},{"type":"Feature","id":"3529","properties":{"id":"3529","name":"Brant","regionAbbrev":"ON","pruid":"35","cdtype":"CDR"},"geometry":{"type":"Polygon","coordinates":[[[-79.98,43.13],[-80.2,43.21],[-80.248,43.325],[-80.47,43.27],[-80.44,43.18],[-80.61,43.15],[-80.54,42.98],[-80.08,42.97],[-79.98,43.13]]]}},{"type":"Feature","id":"3530","properties":{"id":"3530","name":"Waterloo","regionAbbrev":"ON","pruid":"35","cdtype":"RM"},"geometry":{"type":"Polygon","coordinates":[[[-80.75,43.649],[-80.87,43.5],[-80.74,43.35],[-80.73,43.31],[-80.5,43.35],[-80.47,43.27],[-80.248,43.325],[-80.19,43.34],[-80.206,43.358],[-80.24,43.395],[-80.27,43.39],[-80.56,43.69],[-80.61,43.59],[-80.75,43.649]]]}},{"type":"Feature","id":"3531","properties":{"id":"3531","name":"Perth","regionAbbrev":"ON","pruid":"35","cdtype":"CTY"},"geometry":{"type":"Polygon","coordinates":[[[-80.95,43.82],[-81.09,43.81],[-81.44,43.42],[-81.29,43.36],[-81.36,43.26],[-81.224,43.202],[-81.13,43.23],[-81.129,43.228],[-80.74,43.35],[-80.87,43.5],[-80.75,43.649],[-80.87,43.7],[-80.76,43.84],[-80.95,43.82]]]}},{"type":"Feature","id":"3532","properties":{"id":"3532","name":"Oxford","regionAbbrev":"ON","pruid":"35","cdtype":"CTY"},"geometry":{"type":"Polygon","coordinates":[[[-80.54,42.98],[-80.61,43.15],[-80.44,43.18],[-80.47,43.27],[-80.5,43.35],[-80.73,43.31],[-80.74,43.35],[-81.129,43.228],[-80.961,42.994],[-80.9,42.91],[-80.89,42.86],[-80.887,42.859],[-80.88,42.83],[-80.804,42.825],[-80.74,42.82],[-80.51,42.88],[-80.54,42.98]]]}},{"type":"Feature","id":"3534","properties":{"id":"3534","name":"Elgin","regionAbbrev":"ON","pruid":"35","cdtype":"CTY"},"geometry":{"type":"Polygon","coordinates":[[[-80.738,42.797],[-80.74,42.82],[-80.804,42.825],[-80.88,42.83],[-80.887,42.859],[-80.89,42.86],[-80.9,42.91],[-81.292,42.822],[-81.81,42.618],[-81.67,42.47],[-81.26,42.66],[-80.72,42.62],[-80.738,42.797]]]}},{"type":"Feature","id":"3536","properties":{"id":"3536","name":"Chatham-Kent","regionAbbrev":"ON","pruid":"35","cdtype":"CDR"},"geometry":{"type":"Polygon","coordinates":[[[-82.418,42.388],[-82.46,42.06],[-81.88,42.34],[-81.861,42.29],[-81.87,42.29],[-81.88,42.28],[-81.88,42.27],[-81.87,42.26],[-81.861,42.288],[-81.85,42.26],[-81.67,42.47],[-81.81,42.618],[-81.811,42.619],[-81.83,42.61],[-81.829,42.638],[-81.84,42.65],[-82.48,42.63],[-82.4,42.53],[-82.418,42.392],[-82.42,42.39],[-82.418,42.388]]]}},{"type":"Feature","id":"3537","properties":{"id":"3537","name":"Essex","regionAbbrev":"ON","pruid":"35","cdtype":"CTY"},"geometry":{"type":"Polygon","coordinates":[[[-82.44,42.32],[-83.06,42.32],[-83.12,42.06],[-82.61,42.03],[-82.51,41.91],[-82.44,42.32]]]}},{"type":"Feature","id":"3538","properties":{"id":"3538","name":"Lambton","regionAbbrev":"ON","pruid":"35","cdtype":"CTY"},"geometry":{"type":"MultiPolygon","coordinates":[[[[-81.84,42.65],[-81.82,43.21],[-81.75,43.31],[-82.02,43.22],[-82.18,43.06],[-82.42,43],[-82.58,42.51],[-82.4,42.53],[-82.48,42.63],[-81.84,42.65]]],[[[-82.47,42.88],[-82.46,42.88],[-82.47,42.89],[-82.47,42.88]]]]}},{"type":"Feature","id":"3539","properties":{"id":"3539","name":"Middlesex","regionAbbrev":"ON","pruid":"35","cdtype":"CTY"},"geometry":{"type":"Polygon","coordinates":[[[-81.36,43.26],[-81.363,43.26],[-81.43,43.29],[-81.677,43.245],[-81.81,43.22],[-81.829,42.638],[-81.83,42.61],[-81.811,42.619],[-81.81,42.618],[-81.292,42.822],[-80.9,42.91],[-80.961,42.994],[-81.129,43.228],[-81.13,43.23],[-81.224,43.202],[-81.36,43.26]]]}},{"type":"Feature","id":"3540","properties":{"id":"3540","name":"Huron","regionAbbrev":"ON","pruid":"35","cdtype":"CTY"},"geometry":{"type":"Polygon","coordinates":[[[-80.99,43.99],[-81.38,43.91],[-81.75,44.05],[-81.71,43.4],[-81.77,43.24],[-81.677,43.245],[-81.43,43.29],[-81.363,43.26],[-81.36,43.26],[-81.29,43.36],[-81.44,43.42],[-81.09,43.81],[-80.95,43.82],[-80.99,43.99]]]}},{"type":"Feature","id":"3541","properties":{"id":"3541","name":"Bruce","regionAbbrev":"ON","pruid":"35","cdtype":"CTY"},"geometry":{"type":"Polygon","coordinates":[[[-80.99,43.99],[-81.14,44.74],[-80.96,44.96],[-81.16,44.91],[-81.3,45.25],[-81.66,45.27],[-81.37,45],[-81.28,44.6],[-81.76,44.07],[-81.38,43.91],[-80.99,43.99]]]}},{"type":"Feature","id":"3542","properties":{"id":"3542","name":"Grey","regionAbbrev":"ON","pruid":"35","cdtype":"CTY"},"geometry":{"type":"Polygon","coordinates":[[[-80.23,44.25],[-80.29,44.53],[-80.65,44.72],[-80.95,44.58],[-80.89,44.76],[-81.14,44.74],[-80.99,43.99],[-80.44,44.03],[-80.37,44.04],[-80.36,44.17],[-80.23,44.25]]]}},{"type":"Feature","id":"3543","properties":{"id":"3543","name":"Simcoe","regionAbbrev":"ON","pruid":"35","cdtype":"CTY"},"geometry":{"type":"Polygon","coordinates":[[[-79.085,44.519],[-79.08,44.52],[-79.149,44.664],[-79.21,44.8],[-79.06,44.84],[-79.39,44.77],[-79.64,44.9],[-79.78,44.72],[-79.95,44.87],[-80.12,44.81],[-79.98,44.67],[-80.07,44.48],[-80.29,44.53],[-80.23,44.25],[-80.03,44.29],[-79.95,43.95],[-80.08,43.92],[-80.25,43.76],[-80.14,43.86],[-79.78,43.99],[-79.56,44.08],[-79.51,44.42],[-79.085,44.519]]]}},{"type":"Feature","id":"3544","properties":{"id":"3544","name":"Muskoka","regionAbbrev":"ON","pruid":"35","cdtype":"DM"},"geometry":{"type":"MultiPolygon","coordinates":[[[[-80,45.026],[-79.91,44.99],[-79.93,44.93],[-79.9,44.97],[-79.84,44.9],[-79.78,44.92],[-79.817,44.883],[-79.83,44.89],[-79.84,44.89],[-79.817,44.883],[-79.83,44.87],[-79.75,44.79],[-79.64,44.9],[-79.39,44.77],[-79.06,44.84],[-79.12,44.95],[-78.939,44.988],[-79,45.11],[-78.84,45.15],[-78.97,45.38],[-78.86,45.41],[-78.926,45.528],[-79.67,45.33],[-79.61,45.21],[-80.05,45.09],[-80.01,45.03],[-80.01,45.02],[-80,45.02],[-80,45.026]]],[[[-79.85,44.91],[-79.85,44.9],[-79.84,44.9],[-79.85,44.91]]]]}},{"type":"Feature","id":"3546","properties":{"id":"3546","name":"Haliburton","regionAbbrev":"ON","pruid":"35","cdtype":"CTY"},"geometry":{"type":"Polygon","coordinates":[[[-78.647,44.782],[-77.994,44.904],[-77.975,44.907],[-78.143,45.238],[-78.18,45.31],[-78.31,45.56],[-78.86,45.41],[-78.97,45.38],[-78.84,45.15],[-79,45.11],[-78.939,44.988],[-78.82,44.75],[-78.655,44.781],[-78.647,44.782]]]}},{"type":"Feature","id":"3547","properties":{"id":"3547","name":"Renfrew","regionAbbrev":"ON","pruid":"35","cdtype":"CTY"},"geometry":{"type":"Polygon","coordinates":[[[-77.85,46.21],[-78.185,46.257],[-78.391,46.269],[-78.32,46.1],[-77.69,46.11],[-77.5,45.76],[-77.84,45.67],[-77.85,45.4],[-77.69,45.44],[-77.54,45.14],[-77.531,45.143],[-77.22,45.24],[-77.14,45.1],[-76.94,45.21],[-76.77,45.14],[-76.35,45.41],[-76.273,45.466],[-76.3,45.46],[-76.66,45.56],[-76.78,45.87],[-77.19,45.86],[-77.57,46.16],[-77.85,46.21]]]}},{"type":"Feature","id":"3548","properties":{"id":"3548","name":"Nipissing","regionAbbrev":"ON","pruid":"35","cdtype":"DIS"},"geometry":{"type":"Polygon","coordinates":[[[-79.41,47.06],[-79.63,47.06],[-79.63,47.23],[-80.27,47.23],[-80.29,46.71],[-80.31,46.11],[-80.15,46.08],[-80.07,46.12],[-80.096,46.14],[-79.37,46.24],[-79.06,45.77],[-78.926,45.528],[-78.86,45.41],[-78.31,45.56],[-78.18,45.31],[-77.85,45.4],[-77.84,45.67],[-77.5,45.76],[-77.69,46.11],[-78.32,46.1],[-78.391,46.269],[-78.399,46.287],[-78.4,46.29],[-78.71,46.33],[-78.99,46.55],[-79.41,47.06]]]}},{"type":"Feature","id":"3549","properties":{"id":"3549","name":"Parry Sound","regionAbbrev":"ON","pruid":"35","cdtype":"DIS"},"geometry":{"type":"MultiPolygon","coordinates":[[[[-78.926,45.528],[-79.06,45.77],[-79.37,46.24],[-80.096,46.14],[-80.07,46.12],[-80.15,46.08],[-80.58,46.02],[-80.56,45.89],[-80.73,45.86],[-80.64,45.77],[-80.5,45.77],[-80.66,45.73],[-80.49,45.62],[-80.5,45.56],[-80.42,45.58],[-80.3,45.36],[-80.08,45.4],[-80.12,45.18],[-80.07,45.22],[-79.97,45.12],[-79.61,45.21],[-79.67,45.33],[-78.926,45.528]]],[[[-80.42,45.38],[-80.42,45.37],[-80.41,45.37],[-80.42,45.38]]],[[[-80.06,45.19],[-80.08,45.18],[-80.06,45.18],[-80.06,45.19]]],[[[-80.57,45.64],[-80.58,45.63],[-80.57,45.62],[-80.57,45.63],[-80.57,45.64]]],[[[-80.43,45.54],[-80.45,45.53],[-80.43,45.53],[-80.43,45.54]]],[[[-80.06,45.13],[-80.07,45.13],[-80.07,45.12],[-80.06,45.13]]],[[[-80.6,45.68],[-80.61,45.68],[-80.6,45.67],[-80.6,45.68]]],[[[-80.47,45.56],[-80.48,45.56],[-80.47,45.55],[-80.47,45.56]]],[[[-80.46,45.53],[-80.48,45.52],[-80.45,45.53],[-80.45,45.54],[-80.46,45.53]]],[[[-80.15,45.23],[-80.15,45.22],[-80.14,45.22],[-80.15,45.23]]],[[[-80.43,45.57],[-80.46,45.56],[-80.43,45.56],[-80.43,45.57]]],[[[-80.54,45.65],[-80.57,45.64],[-80.54,45.63],[-80.54,45.65]]]]}},{"type":"Feature","id":"3551","properties":{"id":"3551","name":"Manitoulin","regionAbbrev":"ON","pruid":"35","cdtype":"DIS"},"geometry":{"type":"MultiPolygon","coordinates":[[[[-83.36,45.99],[-83.48,45.87],[-83.26,45.91],[-83.36,45.99]]],[[[-81.94,45.99],[-82.16,45.83],[-82.29,45.99],[-82.74,45.93],[-82.54,45.78],[-82.76,45.83],[-82.81,46],[-83.23,45.88],[-82.08,45.55],[-81.75,45.69],[-82.01,45.55],[-81.84,45.51],[-81.58,45.8],[-81.69,45.9],[-81.8,45.72],[-81.94,45.99]]]]}},{"type":"Feature","id":"3552","properties":{"id":"3552","name":"Sudbury","regionAbbrev":"ON","pruid":"35","cdtype":"DIS"},"geometry":{"type":"MultiPolygon","coordinates":[[[[-81.86,48.13],[-81.86,48.28],[-81.86,48.45],[-82.64,48.45],[-84.01,48.45],[-83.97,47.24],[-82.58,47.24],[-82.58,46.98],[-81.95,46.98],[-82.07,46.37],[-82.31,46.28],[-82.06,46.18],[-82.05,46.1],[-81.52,46.06],[-81.72,46.01],[-81.47,46.05],[-81.69,45.94],[-80.81,45.96],[-80.56,45.89],[-80.58,46.02],[-80.15,46.08],[-80.31,46.11],[-80.29,46.71],[-80.27,47.23],[-80.27,47.32],[-81.07,47.32],[-81.07,48.1],[-81.86,48.13]],[[-80.82,46.97],[-80.56,46.88],[-80.69,46.36],[-81.29,46.38],[-81.44,46.2],[-81.57,46.28],[-81.44,46.72],[-81.18,46.72],[-80.82,46.97]]],[[[-80.8,45.94],[-80.81,45.95],[-80.81,45.93],[-80.8,45.94]]]]}},{"type":"Feature","id":"3553","properties":{"id":"3553","name":"Greater Sudbury / Grand Sudbury","regionAbbrev":"ON","pruid":"35","cdtype":"CDR"},"geometry":{"type":"Polygon","coordinates":[[[-80.82,46.97],[-81.18,46.72],[-81.44,46.72],[-81.57,46.28],[-81.44,46.2],[-81.29,46.38],[-80.69,46.36],[-80.56,46.88],[-80.82,46.97]]]}},{"type":"Feature","id":"3554","properties":{"id":"3554","name":"Timiskaming","regionAbbrev":"ON","pruid":"35","cdtype":"DIS"},"geometry":{"type":"Polygon","coordinates":[[[-79.515,47.91],[-79.52,48.26],[-79.52,48.28],[-81.86,48.28],[-81.86,48.13],[-81.07,48.1],[-81.07,47.32],[-80.27,47.32],[-80.27,47.23],[-79.63,47.23],[-79.63,47.06],[-79.41,47.06],[-79.43,47.25],[-79.51,47.54],[-79.52,47.91],[-79.515,47.91]]]}},{"type":"Feature","id":"3556","properties":{"id":"3556","name":"Cochrane","regionAbbrev":"ON","pruid":"35","cdtype":"DIS"},"geometry":{"type":"Polygon","coordinates":[[[-79.52,48.43],[-79.52,49.01],[-79.539,51.454],[-79.68,51.41],[-79.68,51.34],[-79.73,51.37],[-79.78,51.15],[-80.4,51.33],[-80.69,51.85],[-81.55,52.29],[-82.33,52.09],[-82.95,51.87],[-83.29,51.53],[-84.48,51.11],[-85.46,51.65],[-85.9,51.62],[-86.212,51.75],[-86.32,51.75],[-86.353,51.739],[-86.39,51.62],[-86.55,51.52],[-86.55,51.5],[-86.55,49.97],[-85.33,49.97],[-85.33,49.71],[-84.49,49.71],[-84.48,49.45],[-83.64,49.45],[-83.64,49.19],[-82.64,49.19],[-82.64,48.45],[-81.86,48.45],[-81.86,48.28],[-79.52,48.28],[-79.52,48.43]]]}},{"type":"Feature","id":"3557","properties":{"id":"3557","name":"Algoma","regionAbbrev":"ON","pruid":"35","cdtype":"DIS"},"geometry":{"type":"MultiPolygon","coordinates":[[[[-83.039,46.171],[-82.32,46.19],[-82.06,46.18],[-82.31,46.28],[-82.07,46.37],[-81.95,46.98],[-82.58,46.98],[-82.58,47.24],[-83.97,47.24],[-84.01,48.45],[-82.64,48.45],[-82.64,49.19],[-83.64,49.19],[-83.64,49.45],[-84.48,49.45],[-84.49,49.71],[-85.33,49.71],[-85.33,47.95],[-84.84,47.95],[-85.04,47.6],[-84.58,47.3],[-84.79,46.98],[-84.35,46.88],[-84.56,46.82],[-84.42,46.69],[-84.59,46.53],[-84.11,46.53],[-84.13,46.37],[-84.055,46.313],[-84.11,46.31],[-83.95,46.06],[-83.77,46.21],[-83.95,46.32],[-84.028,46.315],[-83.92,46.34],[-83.06,46.17],[-83.05,46.17],[-83.04,46.17],[-83.039,46.171]]],[[[-82.32,46.19],[-82.34,46.18],[-82.33,46.18],[-82.32,46.19]]]]}},{"type":"Feature","id":"3558","properties":{"id":"3558","name":"Thunder Bay","regionAbbrev":"ON","pruid":"35","cdtype":"DIS"},"geometry":{"type":"MultiPolygon","coordinates":[[[[-86.55,51.5],[-87.52,51.25],[-87.97,51.49],[-88.83,51.56],[-88.99,51.51],[-89.58,51.25],[-90.39,51.07],[-90.62,51.13],[-90.92,51.023],[-90.93,51.008],[-90.96,50.96],[-90.97,49.02],[-90.96,48.23],[-90.78,48.29],[-90.76,48.1],[-89.57,48],[-89.33,48.11],[-89.25,48.37],[-88.77,48.57],[-88.94,48.3],[-88.73,48.36],[-88.48,48.85],[-88.3,48.76],[-88.56,48.41],[-88.34,48.65],[-88.2,48.59],[-88.09,48.78],[-88.26,48.96],[-88.04,49.02],[-87.27,48.76],[-86.43,48.77],[-86.24,48.43],[-86.03,48.08],[-85.73,47.93],[-85.33,47.95],[-85.33,49.71],[-85.33,49.97],[-86.55,49.97],[-86.55,51.5]]],[[[-88.37,48.47],[-88.37,48.49],[-88.38,48.47],[-88.37,48.47]]],[[[-85.74,47.8],[-85.96,47.73],[-85.6,47.74],[-85.74,47.8]]],[[[-87.92,48.86],[-88.07,48.7],[-87.75,48.78],[-87.92,48.86]]]]}},{"type":"Feature","id":"3559","properties":{"id":"3559","name":"Rainy River","regionAbbrev":"ON","pruid":"35","cdtype":"DIS"},"geometry":{"type":"MultiPolygon","coordinates":[[[[-91.52,48.063],[-91.43,48.05],[-90.96,48.23],[-90.97,49.02],[-92.94,49.02],[-92.93,49.11],[-93.83,49.11],[-93.83,49],[-94.23,49],[-94.23,49.05],[-94.38,49.09],[-94.69,48.78],[-93.84,48.63],[-93.79,48.52],[-93.54,48.53],[-93.36,48.71],[-93.64,48.84],[-93.35,48.9],[-93.19,48.78],[-93.28,48.67],[-92.77,48.69],[-92.91,48.62],[-92.55,48.56],[-92.7,48.48],[-92.45,48.46],[-92.37,48.22],[-92.36,48.35],[-91.94,48.38],[-91.98,48.25],[-91.64,48.1],[-91.48,48.16],[-91.57,48.07],[-91.53,48.064],[-91.53,48.06],[-91.52,48.06],[-91.52,48.063]]],[[[-94.59,49.368],[-94.597,49.367],[-94.59,49.36],[-94.59,49.368]]],[[[-94.668,49.362],[-94.672,49.362],[-94.67,49.36],[-94.668,49.362]]],[[[-94.59,49.36],[-94.6,49.36],[-94.59,49.35],[-94.59,49.36]]],[[[-94.58,49.36],[-94.58,49.369],[-94.588,49.368],[-94.58,49.36]]],[[[-94.42,49.2],[-94.43,49.2],[-94.41,49.19],[-94.42,49.2]]],[[[-94.5,49.23],[-94.52,49.2],[-94.43,49.2],[-94.5,49.23]]],[[[-94.2,49.27],[-94.3,49.22],[-94.2,49.2],[-94.2,49.27]]],[[[-94.65,49.21],[-94.79,49.19],[-94.7,49.08],[-94.52,49.18],[-94.65,49.21]]]]}},{"type":"Feature","id":"3560","properties":{"id":"3560","name":"Kenora","regionAbbrev":"ON","pruid":"35","cdtype":"DIS"},"geometry":{"type":"MultiPolygon","coordinates":[[[[-86.55,51.5],[-86.55,51.52],[-86.39,51.62],[-86.353,51.739],[-86.32,51.75],[-86.212,51.75],[-85.9,51.62],[-85.46,51.65],[-84.48,51.11],[-83.29,51.53],[-82.95,51.87],[-82.33,52.09],[-81.51,52.32],[-81.6,52.4],[-81.94,52.77],[-82.2,52.77],[-81.94,52.78],[-82.26,52.97],[-82.25,53.18],[-82.12,53.77],[-82.33,54.12],[-82.5,54.1],[-82.25,55.11],[-83.89,55.29],[-85.13,55.26],[-85.9,55.66],[-87.36,55.95],[-87.98,56.47],[-88.98,56.85],[-91.65,55.16],[-94.27,53.38],[-95.15,52.84],[-95.12,49.62],[-94.88,49.57],[-94.77,49.63],[-94.93,49.68],[-94.45,49.7],[-94.22,49.59],[-94.42,49.61],[-93.83,49.43],[-94.12,49.41],[-94.04,49.24],[-94.09,49.12],[-93.94,49.17],[-94.23,49],[-93.83,49],[-93.83,49.11],[-92.93,49.11],[-92.94,49.02],[-90.97,49.02],[-90.96,50.96],[-90.93,51.008],[-90.92,51.023],[-90.62,51.13],[-90.39,51.07],[-89.58,51.25],[-88.99,51.51],[-88.83,51.56],[-87.97,51.49],[-87.52,51.25],[-86.55,51.5]]],[[[-94.597,49.367],[-94.59,49.368],[-94.588,49.368],[-94.58,49.369],[-94.56,49.37],[-94.56,49.28],[-94.2,49.27],[-94.2,49.2],[-94.07,49.24],[-94.23,49.32],[-94.22,49.42],[-94.36,49.37],[-94.22,49.47],[-94.63,49.47],[-94.7,49.36],[-94.672,49.362],[-94.668,49.362],[-94.597,49.367]]],[[[-94.63,49.64],[-94.62,49.65],[-94.64,49.64],[-94.63,49.64]]],[[[-94.89,49.57],[-94.9,49.56],[-94.89,49.56],[-94.89,49.57]]],[[[-94.86,49.37],[-94.86,49.38],[-94.87,49.39],[-94.88,49.38],[-94.87,49.38],[-94.86,49.37]]],[[[-94.48,49.52],[-94.48,49.51],[-94.47,49.51],[-94.48,49.52]]],[[[-94.14,49.35],[-94.15,49.35],[-94.15,49.34],[-94.14,49.35]]],[[[-94.22,49.44],[-94.24,49.44],[-94.22,49.43],[-94.22,49.44]]],[[[-94.84,49.39],[-94.86,49.37],[-94.85,49.37],[-94.84,49.39]]],[[[-94.67,49.55],[-94.76,49.64],[-94.73,49.58],[-95.16,49.39],[-94.95,49.44],[-94.67,49.55]]]]}},{"type":"Feature","id":"4601","properties":{"id":"4601","name":"Division No. 1","regionAbbrev":"MB","pruid":"46","cdtype":"CDR"},"geometry":{"type":"Polygon","coordinates":[[[-96.52,50.69],[-96.58,50.75],[-96.6,50.66],[-96.58,50.55],[-96.6,50.55],[-96.54,50.53],[-96.45,50.33],[-96.351,50.28],[-96.352,50.239],[-96.37,49.8],[-96.37,49.27],[-96.78,49.27],[-96.79,49],[-95.23,49],[-95.15,49.59],[-95.15,50.4],[-95.53,50.36],[-95.53,50.48],[-96.33,50.55],[-96.52,50.69]]]}},{"type":"Feature","id":"4602","properties":{"id":"4602","name":"Division No. 2","regionAbbrev":"MB","pruid":"46","cdtype":"CDR"},"geometry":{"type":"Polygon","coordinates":[[[-96.37,49.8],[-97.03,49.8],[-97.04,49.8],[-97.193,49.724],[-97.22,49.71],[-97.16,49.62],[-97.25,49.53],[-97.16,49.53],[-97.26,49],[-96.79,49],[-96.78,49.27],[-96.37,49.27],[-96.37,49.8]]]}},{"type":"Feature","id":"4603","properties":{"id":"4603","name":"Division No. 3","regionAbbrev":"MB","pruid":"46","cdtype":"CDR"},"geometry":{"type":"Polygon","coordinates":[[[-97.25,49.53],[-97.73,49.53],[-97.73,49.62],[-98.41,49.62],[-98.41,49.53],[-98.41,49.27],[-98.27,49.27],[-98.27,49],[-97.26,49],[-97.16,49.53],[-97.25,49.53]]]}},{"type":"Feature","id":"4604","properties":{"id":"4604","name":"Division No. 4","regionAbbrev":"MB","pruid":"46","cdtype":"CDR"},"geometry":{"type":"Polygon","coordinates":[[[-98.41,49.53],[-99.1,49.53],[-99.36,49.53],[-99.48,49],[-98.27,49],[-98.27,49.27],[-98.41,49.27],[-98.41,49.53]]]}},{"type":"Feature","id":"4605","properties":{"id":"4605","name":"Division No. 5","regionAbbrev":"MB","pruid":"46","cdtype":"CDR"},"geometry":{"type":"Polygon","coordinates":[[[-99.36,49.53],[-100.46,49.53],[-101.39,49.53],[-101.36,49],[-99.48,49],[-99.36,49.53]]]}},{"type":"Feature","id":"4606","properties":{"id":"4606","name":"Division No. 6","regionAbbrev":"MB","pruid":"46","cdtype":"CDR"},"geometry":{"type":"Polygon","coordinates":[[[-100.46,49.53],[-100.48,50.06],[-101.45,50.06],[-101.405,49.53],[-101.39,49.53],[-100.46,49.53]]]}},{"type":"Feature","id":"4607","properties":{"id":"4607","name":"Division No. 7","regionAbbrev":"MB","pruid":"46","cdtype":"CDR"},"geometry":{"type":"Polygon","coordinates":[[[-99.1,49.53],[-99.25,50.24],[-99.4,50.24],[-99.66,50.24],[-99.66,50.06],[-100.48,50.06],[-100.46,49.53],[-99.36,49.53],[-99.1,49.53]]]}},{"type":"Feature","id":"4608","properties":{"id":"4608","name":"Division No. 8","regionAbbrev":"MB","pruid":"46","cdtype":"CDR"},"geometry":{"type":"Polygon","coordinates":[[[-98.41,49.62],[-98.41,49.8],[-98.55,49.8],[-98.56,50.24],[-98.531,50.234],[-98.6,50.31],[-98.71,50.6],[-98.71,50.51],[-99,50.64],[-99.419,50.615],[-99.4,50.24],[-99.25,50.24],[-99.1,49.53],[-98.41,49.53],[-98.41,49.62]]]}},{"type":"Feature","id":"4609","properties":{"id":"4609","name":"Division No. 9","regionAbbrev":"MB","pruid":"46","cdtype":"CDR"},"geometry":{"type":"Polygon","coordinates":[[[-97.73,49.62],[-97.73,49.8],[-97.87,49.8],[-97.87,50.03],[-98.01,50.07],[-97.98,50.33],[-98.133,50.256],[-98.25,50.2],[-98.292,50.2],[-98.368,50.2],[-98.5,50.2],[-98.531,50.234],[-98.56,50.24],[-98.55,49.8],[-98.41,49.8],[-98.41,49.62],[-97.73,49.62]]]}},{"type":"Feature","id":"4610","properties":{"id":"4610","name":"Division No. 10","regionAbbrev":"MB","pruid":"46","cdtype":"CDR"},"geometry":{"type":"Polygon","coordinates":[[[-97.193,49.724],[-97.22,49.81],[-97.45,49.81],[-97.44,49.92],[-97.87,50.03],[-97.87,49.8],[-97.73,49.8],[-97.73,49.62],[-97.73,49.53],[-97.25,49.53],[-97.16,49.62],[-97.22,49.71],[-97.193,49.724]]]}},{"type":"Feature","id":"4611","properties":{"id":"4611","name":"Division No. 11","regionAbbrev":"MB","pruid":"46","cdtype":"CDR"},"geometry":{"type":"Polygon","coordinates":[[[-97.04,49.8],[-96.966,49.893],[-97.03,49.92],[-97.024,49.93],[-97.021,49.936],[-97.056,49.946],[-97.18,49.98],[-97.18,49.986],[-97.208,49.983],[-97.23,49.92],[-97.44,49.92],[-97.45,49.81],[-97.22,49.81],[-97.193,49.724],[-97.04,49.8]]]}},{"type":"Feature","id":"4612","properties":{"id":"4612","name":"Division No. 12","regionAbbrev":"MB","pruid":"46","cdtype":"CDR"},"geometry":{"type":"Polygon","coordinates":[[[-96.351,50.28],[-96.54,50.28],[-96.639,50.252],[-96.7,50.06],[-96.85,50.06],[-97,49.93],[-97.021,49.936],[-97.024,49.93],[-97.03,49.92],[-96.966,49.893],[-97.04,49.8],[-97.03,49.8],[-96.37,49.8],[-96.352,50.239],[-96.351,50.28]]]}},{"type":"Feature","id":"4613","properties":{"id":"4613","name":"Division No. 13","regionAbbrev":"MB","pruid":"46","cdtype":"CDR"},"geometry":{"type":"Polygon","coordinates":[[[-96.6,50.55],[-96.57,50.45],[-96.582,50.444],[-96.58,50.44],[-96.596,50.438],[-96.89,50.4],[-96.95,50.49],[-97.11,50.496],[-97.11,50.45],[-97.12,50.06],[-97.18,50.06],[-97.18,49.986],[-97.18,49.98],[-97.056,49.946],[-97.021,49.936],[-97,49.93],[-96.85,50.06],[-96.7,50.06],[-96.639,50.252],[-96.54,50.28],[-96.351,50.28],[-96.45,50.33],[-96.54,50.53],[-96.6,50.55]]]}},{"type":"Feature","id":"4614","properties":{"id":"4614","name":"Division No. 14","regionAbbrev":"MB","pruid":"46","cdtype":"CDR"},"geometry":{"type":"Polygon","coordinates":[[[-97.11,50.496],[-97.46,50.51],[-97.6,50.33],[-97.98,50.33],[-98.01,50.07],[-97.87,50.03],[-97.44,49.92],[-97.23,49.92],[-97.208,49.983],[-97.18,49.986],[-97.18,50.06],[-97.12,50.06],[-97.11,50.45],[-97.11,50.496]]]}},{"type":"Feature","id":"4615","properties":{"id":"4615","name":"Division No. 15","regionAbbrev":"MB","pruid":"46","cdtype":"CDR"},"geometry":{"type":"Polygon","coordinates":[[[-100.48,50.06],[-99.66,50.06],[-99.66,50.24],[-99.4,50.24],[-99.419,50.615],[-99.83,50.59],[-100.1,50.72],[-100.67,50.77],[-100.53,50.59],[-101.48,50.59],[-101.45,50.06],[-100.48,50.06]]]}},{"type":"Feature","id":"4616","properties":{"id":"4616","name":"Division No. 16","regionAbbrev":"MB","pruid":"46","cdtype":"CDR"},"geometry":{"type":"Polygon","coordinates":[[[-100.67,50.77],[-100.95,50.86],[-100.98,51.26],[-100.98,51.36],[-100.98,51.45],[-101.26,51.45],[-101.27,51.618],[-101.566,51.571],[-101.54,51.13],[-101.495,50.59],[-101.48,50.59],[-100.53,50.59],[-100.67,50.77]]]}},{"type":"Feature","id":"4617","properties":{"id":"4617","name":"Division No. 17","regionAbbrev":"MB","pruid":"46","cdtype":"CDR"},"geometry":{"type":"Polygon","coordinates":[[[-99.419,50.615],[-99,50.64],[-98.71,50.51],[-98.71,50.6],[-98.87,50.89],[-98.86,51.06],[-98.87,51.07],[-98.85,51.27],[-98.95,51.17],[-99.12,51.45],[-99.83,51.57],[-99.98,52.06],[-100,51.88],[-99.972,51.894],[-99.96,51.9],[-99.977,51.847],[-100.017,51.72],[-100.02,51.71],[-100.026,51.72],[-100.045,51.719],[-100.72,51.71],[-100.7,51.36],[-100.98,51.36],[-100.98,51.26],[-100.95,50.86],[-100.67,50.77],[-100.1,50.72],[-99.83,50.59],[-99.419,50.615]]]}},{"type":"Feature","id":"4618","properties":{"id":"4618","name":"Division No. 18","regionAbbrev":"MB","pruid":"46","cdtype":"CDR"},"geometry":{"type":"Polygon","coordinates":[[[-98.531,50.234],[-98.5,50.2],[-98.368,50.2],[-98.292,50.2],[-98.25,50.2],[-98.133,50.256],[-97.98,50.33],[-97.6,50.33],[-97.46,50.51],[-97.11,50.496],[-96.95,50.49],[-97,50.68],[-96.97,51.04],[-96.8,50.96],[-96.26,51.19],[-96.53,51.44],[-96.97,51.18],[-96.93,51.3],[-98.14,51.21],[-98.54,51.71],[-98.316,51.778],[-98.318,51.782],[-98.59,51.83],[-98.59,51.866],[-98.74,51.89],[-98.88,51.76],[-98.73,51.57],[-98.82,51.38],[-98.55,51.21],[-98.75,51.15],[-98.87,51.07],[-98.86,51.06],[-98.87,50.89],[-98.71,50.6],[-98.6,50.31],[-98.531,50.234]]]}},{"type":"Feature","id":"4619","properties":{"id":"4619","name":"Division No. 19","regionAbbrev":"MB","pruid":"46","cdtype":"CDR"},"geometry":{"type":"Polygon","coordinates":[[[-95.15,50.4],[-95.15,52.84],[-94.27,53.38],[-97.62,53.38],[-97.59,53.27],[-97.33,53],[-101.69,53.02],[-101.64,52.32],[-101.631,52.32],[-101.67,52.8],[-101.31,52.81],[-100.95,52.84],[-100.61,52.06],[-100.11,51.98],[-100.14,51.89],[-100.045,51.719],[-100.026,51.72],[-100.02,51.71],[-100.017,51.72],[-99.977,51.847],[-99.96,51.9],[-99.972,51.894],[-100,51.88],[-99.98,52.06],[-99.83,51.57],[-99.12,51.45],[-98.95,51.17],[-98.85,51.27],[-98.87,51.07],[-98.75,51.15],[-98.55,51.21],[-98.82,51.38],[-98.73,51.57],[-98.88,51.76],[-98.74,51.89],[-98.59,51.866],[-98.59,51.83],[-98.318,51.782],[-98.316,51.778],[-98.54,51.71],[-98.14,51.21],[-96.93,51.3],[-96.97,51.18],[-96.53,51.44],[-96.26,51.19],[-96.8,50.96],[-96.97,51.04],[-97,50.68],[-96.95,50.49],[-96.89,50.4],[-96.596,50.438],[-96.58,50.44],[-96.582,50.444],[-96.57,50.45],[-96.6,50.55],[-96.58,50.55],[-96.6,50.66],[-96.58,50.75],[-96.52,50.69],[-96.33,50.55],[-95.53,50.48],[-95.53,50.36],[-95.15,50.4]]]}},{"type":"Feature","id":"4620","properties":{"id":"4620","name":"Division No. 20","regionAbbrev":"MB","pruid":"46","cdtype":"CDR"},"geometry":{"type":"Polygon","coordinates":[[[-100.98,51.36],[-100.7,51.36],[-100.72,51.71],[-100.045,51.719],[-100.14,51.89],[-100.11,51.98],[-100.61,52.06],[-100.95,52.84],[-101.31,52.81],[-101.67,52.8],[-101.631,52.32],[-101.61,52.32],[-101.566,51.571],[-101.27,51.618],[-101.26,51.45],[-100.98,51.45],[-100.98,51.36]]]}},{"type":"Feature","id":"4621","properties":{"id":"4621","name":"Division No. 21","regionAbbrev":"MB","pruid":"46","cdtype":"CDR"},"geometry":{"type":"Polygon","coordinates":[[[-97.62,53.38],[-97.63,53.38],[-97.677,53.437],[-97.791,53.576],[-97.93,53.66],[-98.143,53.767],[-98.397,53.834],[-98.523,53.837],[-98.95,53.75],[-99.02,55.63],[-101.96,55.62],[-101.769,53.71],[-101.7,53.02],[-101.69,53.02],[-97.33,53],[-97.59,53.27],[-97.62,53.38]]]}},{"type":"Feature","id":"4622","properties":{"id":"4622","name":"Division No. 22","regionAbbrev":"MB","pruid":"46","cdtype":"CDR"},"geometry":{"type":"Polygon","coordinates":[[[-94.27,53.38],[-91.65,55.16],[-95,55.18],[-95,56.34],[-99.03,56.33],[-99.02,55.63],[-98.95,53.75],[-98.523,53.837],[-98.397,53.834],[-98.143,53.767],[-97.93,53.66],[-97.791,53.576],[-97.677,53.437],[-97.63,53.38],[-97.62,53.38],[-94.27,53.38]]]}},{"type":"Feature","id":"4623","properties":{"id":"4623","name":"Division No. 23","regionAbbrev":"MB","pruid":"46","cdtype":"CDR"},"geometry":{"type":"MultiPolygon","coordinates":[[[[-99.02,55.63],[-99.03,56.33],[-95,56.34],[-95,55.18],[-91.65,55.16],[-88.98,56.85],[-90.88,57.27],[-92.27,57],[-92.19,57.07],[-92.39,57.06],[-92.7,56.93],[-93,56.91],[-92.71,56.95],[-92.42,57.35],[-93.17,58.72],[-94.21,58.8],[-94.43,58.7],[-94.6,58.92],[-94.74,58.86],[-95,58.88],[-94.74,58.88],[-94.66,58.93],[-94.8,59.01],[-94.74,59.31],[-95,59.38],[-94.71,59.33],[-94.83,60],[-102,60],[-101.96,55.62],[-99.02,55.63]]],[[[-94.65,58.94],[-94.65,58.93],[-94.62,58.92],[-94.63,58.93],[-94.63,58.935],[-94.624,58.938],[-94.6,58.93],[-94.61,58.94],[-94.62,58.94],[-94.63,58.94],[-94.64,58.93],[-94.64,58.94],[-94.65,58.94]]],[[[-94.7,58.89],[-94.69,58.9],[-94.71,58.89],[-94.7,58.89]]]]}},{"type":"Feature","id":"4701","properties":{"id":"4701","name":"Division No. 1","regionAbbrev":"SK","pruid":"47","cdtype":"CDR"},"geometry":{"type":"Polygon","coordinates":[[[-101.36,49],[-101.39,49.53],[-101.405,49.53],[-101.45,50.06],[-103.23,50.05],[-103.21,49],[-101.36,49]]]}},{"type":"Feature","id":"4702","properties":{"id":"4702","name":"Division No. 2","regionAbbrev":"SK","pruid":"47","cdtype":"CDR"},"geometry":{"type":"Polygon","coordinates":[[[-103.23,50.05],[-105.26,50.05],[-105.23,49.39],[-105.5,49.26],[-105.23,49.26],[-105.21,49],[-103.21,49],[-103.23,50.05]]]}},{"type":"Feature","id":"4703","properties":{"id":"4703","name":"Division No. 3","regionAbbrev":"SK","pruid":"47","cdtype":"CDR"},"geometry":{"type":"Polygon","coordinates":[[[-105.26,50.05],[-105.28,50.05],[-107.64,50.05],[-107.62,49.26],[-107.22,49.26],[-107.21,49],[-105.21,49],[-105.23,49.26],[-105.5,49.26],[-105.23,49.39],[-105.26,50.05]]]}},{"type":"Feature","id":"4704","properties":{"id":"4704","name":"Division No. 4","regionAbbrev":"SK","pruid":"47","cdtype":"CDR"},"geometry":{"type":"Polygon","coordinates":[[[-107.64,50.05],[-108.46,49.96],[-108.46,50.05],[-108.87,50.05],[-108.89,50.31],[-109.3,50.31],[-109.28,50.05],[-109.69,50.05],[-109.69,50.14],[-110.004,50.13],[-110.01,49],[-107.21,49],[-107.22,49.26],[-107.62,49.26],[-107.64,50.05]]]}},{"type":"Feature","id":"4705","properties":{"id":"4705","name":"Division No. 5","regionAbbrev":"SK","pruid":"47","cdtype":"CDR"},"geometry":{"type":"Polygon","coordinates":[[[-101.543,51.13],[-103.27,51.12],[-103.38,50.31],[-103.24,50.31],[-103.23,50.05],[-101.45,50.06],[-101.48,50.59],[-101.495,50.59],[-101.54,51.13],[-101.543,51.13]]]}},{"type":"Feature","id":"4706","properties":{"id":"4706","name":"Division No. 6","regionAbbrev":"SK","pruid":"47","cdtype":"CDR"},"geometry":{"type":"Polygon","coordinates":[[[-103.23,50.05],[-103.24,50.31],[-103.38,50.31],[-103.27,51.12],[-104.52,51.18],[-104.8,51.1],[-105.64,51.1],[-105.61,50.73],[-105.31,50.57],[-105.28,50.05],[-105.26,50.05],[-103.23,50.05]]]}},{"type":"Feature","id":"4707","properties":{"id":"4707","name":"Division No. 7","regionAbbrev":"SK","pruid":"47","cdtype":"CDR"},"geometry":{"type":"Polygon","coordinates":[[[-106.86,51.27],[-106.901,51.27],[-107.27,51.27],[-107.68,51.27],[-107.68,51.01],[-107.82,51.01],[-107.81,50.68],[-107.64,50.05],[-105.28,50.05],[-105.31,50.57],[-105.61,50.73],[-105.64,51.1],[-106.63,51.1],[-106.86,51.27]]]}},{"type":"Feature","id":"4708","properties":{"id":"4708","name":"Division No. 8","regionAbbrev":"SK","pruid":"47","cdtype":"CDR"},"geometry":{"type":"Polygon","coordinates":[[[-107.64,50.05],[-107.81,50.68],[-107.82,51.01],[-107.68,51.01],[-107.68,51.27],[-107.687,51.27],[-107.69,51.36],[-108.54,51.36],[-109.49,51.36],[-110.004,51.36],[-110.01,51.36],[-110.01,50.826],[-110.01,50.819],[-110.01,50.13],[-110.004,50.13],[-109.69,50.14],[-109.69,50.05],[-109.28,50.05],[-109.3,50.31],[-108.89,50.31],[-108.87,50.05],[-108.46,50.05],[-108.46,49.96],[-107.64,50.05]]]}},{"type":"Feature","id":"4709","properties":{"id":"4709","name":"Division No. 9","regionAbbrev":"SK","pruid":"47","cdtype":"CDR"},"geometry":{"type":"Polygon","coordinates":[[[-101.566,51.571],[-101.61,52.32],[-101.631,52.32],[-101.64,52.32],[-103.17,52.32],[-103.29,52.32],[-103.29,52.14],[-103.27,51.12],[-101.543,51.13],[-101.54,51.13],[-101.566,51.571]]]}},{"type":"Feature","id":"4710","properties":{"id":"4710","name":"Division No. 10","regionAbbrev":"SK","pruid":"47","cdtype":"CDR"},"geometry":{"type":"Polygon","coordinates":[[[-103.27,51.12],[-103.29,52.14],[-104.58,52.14],[-105,52.14],[-104.96,51.36],[-104.82,51.36],[-104.8,51.1],[-104.52,51.18],[-103.27,51.12]]]}},{"type":"Feature","id":"4711","properties":{"id":"4711","name":"Division No. 11","regionAbbrev":"SK","pruid":"47","cdtype":"CDR"},"geometry":{"type":"Polygon","coordinates":[[[-104.8,51.1],[-104.82,51.36],[-104.96,51.36],[-105,52.14],[-106.43,52.14],[-106.34,52.44],[-107.023,52.396],[-107.04,52.37],[-107.262,52.358],[-107.3,52.35],[-107.29,52.14],[-106.86,52.14],[-106.75,51.94],[-107.05,51.59],[-107.09,51.43],[-106.901,51.27],[-106.86,51.27],[-106.63,51.1],[-105.64,51.1],[-104.8,51.1]]]}},{"type":"Feature","id":"4712","properties":{"id":"4712","name":"Division No. 12","regionAbbrev":"SK","pruid":"47","cdtype":"CDR"},"geometry":{"type":"Polygon","coordinates":[[[-106.901,51.27],[-107.09,51.43],[-107.05,51.59],[-106.75,51.94],[-106.86,52.14],[-107.29,52.14],[-107.3,52.35],[-107.316,52.355],[-107.41,52.35],[-108.05,52.58],[-108.36,52.78],[-108.353,52.827],[-108.37,52.86],[-108.76,53],[-108.91,52.87],[-108.77,52.89],[-108.76,52.67],[-108.16,52.43],[-108.45,52.41],[-108.54,51.36],[-107.69,51.36],[-107.687,51.27],[-107.68,51.27],[-107.27,51.27],[-106.901,51.27]]]}},{"type":"Feature","id":"4713","properties":{"id":"4713","name":"Division No. 13","regionAbbrev":"SK","pruid":"47","cdtype":"CDR"},"geometry":{"type":"Polygon","coordinates":[[[-108.54,51.36],[-108.45,52.41],[-108.16,52.43],[-108.76,52.67],[-108.77,52.89],[-108.91,52.87],[-109.2,53.02],[-109.731,53.03],[-109.745,53.027],[-110.01,52.86],[-110.01,52.06],[-110.004,51.36],[-109.49,51.36],[-108.54,51.36]]]}},{"type":"Feature","id":"4714","properties":{"id":"4714","name":"Division No. 14","regionAbbrev":"SK","pruid":"47","cdtype":"CDR"},"geometry":{"type":"Polygon","coordinates":[[[-101.769,53.71],[-101.77,53.71],[-103.04,53.71],[-103.04,53.78],[-103.63,53.63],[-103.64,53.8],[-105.11,53.8],[-105.13,53.8],[-105.07,53.24],[-104.64,53.23],[-104.58,52.14],[-103.29,52.14],[-103.29,52.32],[-103.17,52.32],[-101.64,52.32],[-101.69,53.02],[-101.7,53.02],[-101.769,53.71]]]}},{"type":"Feature","id":"4715","properties":{"id":"4715","name":"Division No. 15","regionAbbrev":"SK","pruid":"47","cdtype":"CDR"},"geometry":{"type":"Polygon","coordinates":[[[-104.58,52.14],[-104.64,53.23],[-105.07,53.24],[-105.13,53.8],[-105.13,53.98],[-106,53.98],[-106,53.54],[-106.01,53.15],[-106.22,53.16],[-106.84,52.67],[-107.023,52.396],[-106.34,52.44],[-106.43,52.14],[-105,52.14],[-104.58,52.14]]]}},{"type":"Feature","id":"4716","properties":{"id":"4716","name":"Division No. 16","regionAbbrev":"SK","pruid":"47","cdtype":"CDR"},"geometry":{"type":"Polygon","coordinates":[[[-108.353,52.827],[-108.36,52.78],[-108.05,52.58],[-107.41,52.35],[-107.316,52.355],[-107.3,52.35],[-107.262,52.358],[-107.04,52.37],[-107.023,52.396],[-106.84,52.67],[-106.22,53.16],[-106.01,53.15],[-106,53.54],[-106,53.98],[-106.01,54.32],[-106.336,54.326],[-106.75,54.32],[-106.75,54.15],[-107.35,54.15],[-107.34,53.98],[-107.79,53.98],[-107.92,53.63],[-108.16,53.63],[-108.17,53.5],[-108.24,53.44],[-108.2,53.1],[-108.18,52.93],[-108.45,52.93],[-108.35,52.85],[-108.353,52.827]]]}},{"type":"Feature","id":"4717","properties":{"id":"4717","name":"Division No. 17","regionAbbrev":"SK","pruid":"47","cdtype":"CDR"},"geometry":{"type":"Polygon","coordinates":[[[-108.91,52.87],[-108.76,53],[-108.37,52.86],[-108.353,52.827],[-108.35,52.85],[-108.45,52.93],[-108.18,52.93],[-108.2,53.1],[-108.24,53.44],[-108.17,53.5],[-108.16,53.63],[-107.92,53.63],[-107.79,53.98],[-107.34,53.98],[-107.35,54.15],[-107.95,54.15],[-107.97,54.59],[-108.6,54.67],[-108.65,54.52],[-109.086,54.494],[-109.15,54.49],[-109.31,54.497],[-109.554,54.508],[-109.61,54.51],[-110.005,54.648],[-110.01,53.89],[-110.01,52.86],[-109.745,53.027],[-109.731,53.03],[-109.2,53.02],[-108.91,52.87]]]}},{"type":"Feature","id":"4718","properties":{"id":"4718","name":"Division No. 18","regionAbbrev":"SK","pruid":"47","cdtype":"CDR"},"geometry":{"type":"Polygon","coordinates":[[[-101.769,53.71],[-101.96,55.62],[-102,60],[-110,60],[-110.008,55.55],[-110.01,54.65],[-110.005,54.648],[-109.61,54.51],[-109.554,54.508],[-109.31,54.497],[-109.15,54.49],[-109.086,54.494],[-108.65,54.52],[-108.6,54.67],[-107.97,54.59],[-107.95,54.15],[-107.35,54.15],[-106.75,54.15],[-106.75,54.32],[-106.336,54.326],[-106.01,54.32],[-106,53.98],[-105.13,53.98],[-105.13,53.8],[-105.11,53.8],[-103.64,53.8],[-103.63,53.63],[-103.04,53.78],[-103.04,53.71],[-101.77,53.71],[-101.769,53.71]]]}},{"type":"Feature","id":"4801","properties":{"id":"4801","name":"Division No. 1","regionAbbrev":"AB","pruid":"48","cdtype":"CDR"},"geometry":{"type":"Polygon","coordinates":[[[-110.01,50.819],[-110.064,50.763],[-110.139,50.683],[-110.19,50.63],[-110.28,50.61],[-110.28,50.7],[-111.18,50.7],[-111.388,50.7],[-111.39,50.7],[-111.37,50.14],[-111.67,50.13],[-111.63,49.53],[-111.9,49.57],[-111.89,49.35],[-111.44,49.26],[-111.34,49],[-110.01,49],[-110.004,50.13],[-110.01,50.13],[-110.01,50.819]]]}},{"type":"Feature","id":"4802","properties":{"id":"4802","name":"Division No. 2","regionAbbrev":"AB","pruid":"48","cdtype":"CDR"},"geometry":{"type":"Polygon","coordinates":[[[-111.39,50.7],[-111.39,50.77],[-111.57,50.77],[-111.81,50.84],[-112.24,51.21],[-112.24,51.1],[-112.64,50.92],[-112.37,50.62],[-112.17,50.42],[-112.17,50.32],[-112.43,50.31],[-112.81,50.08],[-113.28,50.05],[-113.28,49.91],[-112.78,49.55],[-112.7,49.17],[-112.41,49.17],[-112.41,49],[-111.34,49],[-111.44,49.26],[-111.89,49.35],[-111.9,49.57],[-111.63,49.53],[-111.67,50.13],[-111.37,50.14],[-111.39,50.7]]]}},{"type":"Feature","id":"4803","properties":{"id":"4803","name":"Division No. 3","regionAbbrev":"AB","pruid":"48","cdtype":"CDR"},"geometry":{"type":"Polygon","coordinates":[[[-113.28,50.05],[-113.296,50.124],[-113.309,50.186],[-113.53,50.33],[-113.56,50.41],[-114.21,50.4],[-114.21,50.31],[-114.07,50.31],[-114,49.84],[-114.34,49.87],[-114.29,49.54],[-114.51,49.57],[-114.7,49.55],[-114.59,49.4],[-114.4,49.21],[-114.07,49],[-112.41,49],[-112.41,49.17],[-112.7,49.17],[-112.78,49.55],[-113.28,49.91],[-113.28,50.05]]]}},{"type":"Feature","id":"4804","properties":{"id":"4804","name":"Division No. 4","regionAbbrev":"AB","pruid":"48","cdtype":"CDR"},"geometry":{"type":"Polygon","coordinates":[[[-110.004,51.36],[-110.01,52.06],[-110.36,52.11],[-110.36,52.23],[-111.15,52.23],[-111.29,51.97],[-112.024,51.96],[-112.05,51.96],[-112.044,51.952],[-111.99,51.88],[-112.2,51.85],[-112.16,51.81],[-112.128,51.778],[-112.11,51.59],[-112.26,51.59],[-112.25,51.42],[-112.475,51.377],[-112.51,51.37],[-112.255,51.23],[-112.24,51.22],[-112.24,51.21],[-111.81,50.84],[-111.57,50.77],[-111.39,50.77],[-111.39,50.7],[-111.388,50.7],[-111.18,50.7],[-110.28,50.7],[-110.28,50.61],[-110.19,50.63],[-110.139,50.683],[-110.064,50.763],[-110.01,50.819],[-110.01,50.826],[-110.01,51.36],[-110.004,51.36]]]}},{"type":"Feature","id":"4805","properties":{"id":"4805","name":"Division No. 5","regionAbbrev":"AB","pruid":"48","cdtype":"CDR"},"geometry":{"type":"Polygon","coordinates":[[[-112.24,51.21],[-112.24,51.22],[-112.255,51.23],[-112.51,51.37],[-112.475,51.377],[-112.25,51.42],[-112.26,51.59],[-112.11,51.59],[-112.128,51.778],[-112.16,51.81],[-112.37,51.88],[-112.98,51.93],[-112.934,51.969],[-113.48,51.95],[-113.585,51.95],[-113.64,51.95],[-113.651,51.931],[-113.769,51.897],[-113.71,51.9],[-113.731,51.795],[-113.74,51.78],[-113.735,51.775],[-113.64,51.68],[-113.642,51.661],[-113.66,51.45],[-113.38,51.45],[-113.38,51.24],[-113.63,51.13],[-113.6,50.57],[-113.56,50.41],[-113.53,50.33],[-113.309,50.186],[-113.296,50.124],[-113.28,50.05],[-112.81,50.08],[-112.43,50.31],[-112.17,50.32],[-112.17,50.42],[-112.37,50.62],[-112.64,50.92],[-112.24,51.1],[-112.24,51.21]]]}},{"type":"Feature","id":"4806","properties":{"id":"4806","name":"Division No. 6","regionAbbrev":"AB","pruid":"48","cdtype":"CDR"},"geometry":{"type":"Polygon","coordinates":[[[-113.56,50.41],[-113.6,50.57],[-113.63,51.13],[-113.38,51.24],[-113.38,51.45],[-113.66,51.45],[-113.642,51.661],[-113.64,51.68],[-113.735,51.775],[-113.74,51.78],[-113.731,51.795],[-113.71,51.9],[-113.769,51.897],[-113.991,51.888],[-114.283,51.902],[-114.458,51.936],[-114.48,51.94],[-114.99,51.89],[-114.96,51.69],[-114.78,51.71],[-114.71,51.632],[-114.7,51.62],[-114.72,51.21],[-114.51,51.19],[-114.7,50.97],[-114.53,50.55],[-114.512,50.388],[-114.471,50.362],[-114.21,50.31],[-114.21,50.4],[-113.56,50.41]]]}},{"type":"Feature","id":"4807","properties":{"id":"4807","name":"Division No. 7","regionAbbrev":"AB","pruid":"48","cdtype":"CDR"},"geometry":{"type":"Polygon","coordinates":[[[-110.01,52.86],[-110.62,53.09],[-111.43,53.15],[-111.41,52.93],[-112.33,53.02],[-112.36,52.68],[-112.68,52.58],[-112.78,52.49],[-113.03,52.46],[-113.063,52.268],[-113.07,52.23],[-112.955,52.058],[-112.917,51.984],[-112.933,51.97],[-112.934,51.969],[-112.98,51.93],[-112.37,51.88],[-112.16,51.81],[-112.2,51.85],[-111.99,51.88],[-112.044,51.952],[-112.05,51.96],[-112.024,51.96],[-111.29,51.97],[-111.15,52.23],[-110.36,52.23],[-110.36,52.11],[-110.01,52.06],[-110.01,52.86]]]}},{"type":"Feature","id":"4808","properties":{"id":"4808","name":"Division No. 8","regionAbbrev":"AB","pruid":"48","cdtype":"CDR"},"geometry":{"type":"Polygon","coordinates":[[[-112.934,51.969],[-112.933,51.97],[-112.917,51.984],[-112.955,52.058],[-113.07,52.23],[-113.063,52.268],[-113.03,52.46],[-113.15,52.58],[-113.05,52.62],[-113.05,52.84],[-113.29,52.84],[-114.307,52.881],[-114.536,52.868],[-114.58,52.71],[-114.618,52.71],[-114.65,52.6],[-114.47,52.57],[-114.53,52.45],[-114.43,52.13],[-114.5,52.07],[-114.458,51.936],[-114.283,51.902],[-113.991,51.888],[-113.769,51.897],[-113.651,51.931],[-113.64,51.95],[-113.585,51.95],[-113.48,51.95],[-112.934,51.969]]]}},{"type":"Feature","id":"4809","properties":{"id":"4809","name":"Division No. 9","regionAbbrev":"AB","pruid":"48","cdtype":"CDR"},"geometry":{"type":"Polygon","coordinates":[[[-114.536,52.868],[-115.02,52.84],[-115.08,53.07],[-115.15,52.84],[-115.6,52.84],[-116.61,52.84],[-116.83,52.76],[-116.815,52.716],[-116.81,52.72],[-116.814,52.712],[-116.9,52.54],[-117.09,52.26],[-116.51,51.81],[-116.09,51.92],[-115.57,51.62],[-114.96,51.69],[-114.99,51.89],[-114.48,51.94],[-114.458,51.936],[-114.5,52.07],[-114.43,52.13],[-114.53,52.45],[-114.47,52.57],[-114.65,52.6],[-114.618,52.71],[-114.58,52.71],[-114.536,52.868]]]}},{"type":"Feature","id":"4810","properties":{"id":"4810","name":"Division No. 10","regionAbbrev":"AB","pruid":"48","cdtype":"CDR"},"geometry":{"type":"Polygon","coordinates":[[[-110.01,53.89],[-110.38,53.72],[-111.38,53.75],[-112.23,54.06],[-112.47,53.99],[-112.813,54.046],[-112.841,54.013],[-112.84,53.98],[-112.87,53.98],[-112.95,53.89],[-112.84,53.37],[-113.18,53.21],[-113.05,52.84],[-113.05,52.62],[-113.15,52.58],[-113.03,52.46],[-112.78,52.49],[-112.68,52.58],[-112.36,52.68],[-112.33,53.02],[-111.41,52.93],[-111.43,53.15],[-110.62,53.09],[-110.01,52.86],[-110.01,53.89]]]}},{"type":"Feature","id":"4811","properties":{"id":"4811","name":"Division No. 11","regionAbbrev":"AB","pruid":"48","cdtype":"CDR"},"geometry":{"type":"Polygon","coordinates":[[[-114.536,52.868],[-114.307,52.881],[-113.29,52.84],[-113.05,52.84],[-113.18,53.21],[-112.84,53.37],[-112.95,53.89],[-112.87,53.98],[-113.692,53.989],[-113.87,53.9],[-114.05,53.93],[-114.12,53.6],[-114.8,53.6],[-114.81,53.72],[-115.01,53.61],[-115.11,53.37],[-115.61,53.37],[-115.6,52.84],[-115.15,52.84],[-115.08,53.07],[-115.02,52.84],[-114.536,52.868]]]}},{"type":"Feature","id":"4812","properties":{"id":"4812","name":"Division No. 12","regionAbbrev":"AB","pruid":"48","cdtype":"CDR"},"geometry":{"type":"Polygon","coordinates":[[[-110.01,53.89],[-110.005,54.648],[-110.01,54.65],[-110.008,55.55],[-111.4,55.55],[-111.41,55.98],[-111.93,55.94],[-112.64,55.99],[-112.68,55.9],[-112.6,55.73],[-112.79,55.64],[-112.78,55.477],[-112.776,55.47],[-112.31,55.46],[-112.31,55.11],[-112.43,54.59],[-112.85,54.21],[-112.84,54.05],[-112.813,54.046],[-112.47,53.99],[-112.23,54.06],[-111.38,53.75],[-110.38,53.72],[-110.01,53.89]]]}},{"type":"Feature","id":"4813","properties":{"id":"4813","name":"Division No. 13","regionAbbrev":"AB","pruid":"48","cdtype":"CDR"},"geometry":{"type":"Polygon","coordinates":[[[-112.87,53.98],[-112.84,53.98],[-112.841,54.013],[-112.813,54.046],[-112.84,54.05],[-112.85,54.21],[-112.43,54.59],[-112.31,55.11],[-112.31,55.46],[-112.776,55.47],[-112.68,55.31],[-112.89,55.08],[-112.746,54.99],[-112.73,54.98],[-112.743,54.981],[-113.36,55.02],[-113.67,54.94],[-113.69,54.59],[-114.32,54.59],[-114.22,54.85],[-115.07,54.85],[-115.06,54.5],[-115.96,54.5],[-115.97,54.5],[-115.97,54.41],[-116.25,54.33],[-116.282,54.25],[-116.29,54.23],[-116.685,54.125],[-116.7,54.12],[-116.53,53.98],[-115.87,53.98],[-115.78,53.82],[-114.98,53.79],[-114.81,53.72],[-114.8,53.6],[-114.12,53.6],[-114.05,53.93],[-113.87,53.9],[-113.692,53.989],[-112.87,53.98]]]}},{"type":"Feature","id":"4814","properties":{"id":"4814","name":"Division No. 14","regionAbbrev":"AB","pruid":"48","cdtype":"CDR"},"geometry":{"type":"Polygon","coordinates":[[[-115.6,52.84],[-115.61,53.37],[-115.11,53.37],[-115.01,53.61],[-114.81,53.72],[-114.98,53.79],[-115.78,53.82],[-115.87,53.98],[-116.53,53.98],[-116.7,54.12],[-116.84,54],[-117.28,54.06],[-118.13,53.81],[-119.49,53.85],[-119.48,54.02],[-119.78,53.89],[-119.965,53.932],[-120,53.81],[-119.972,53.791],[-119.89,53.78],[-119.901,53.742],[-119.818,53.684],[-119.73,53.66],[-119.739,53.63],[-119.744,53.61],[-119.75,53.59],[-119.93,53.61],[-119.78,53.49],[-119.686,53.387],[-119.421,53.371],[-119.54,53.43],[-119.04,53.42],[-118.36,53.46],[-118.21,53.33],[-117.49,53.04],[-117.55,52.97],[-116.9,52.65],[-116.815,52.716],[-116.83,52.76],[-116.61,52.84],[-115.6,52.84]]]}},{"type":"Feature","id":"4815","properties":{"id":"4815","name":"Division No. 15","regionAbbrev":"AB","pruid":"48","cdtype":"CDR"},"geometry":{"type":"Polygon","coordinates":[[[-114.21,50.31],[-114.471,50.362],[-114.512,50.388],[-114.53,50.55],[-114.7,50.97],[-114.51,51.19],[-114.72,51.21],[-114.7,51.62],[-114.71,51.632],[-114.78,51.71],[-114.96,51.69],[-115.57,51.62],[-116.09,51.92],[-116.51,51.81],[-117.09,52.26],[-116.9,52.54],[-116.814,52.712],[-116.81,52.72],[-116.815,52.716],[-116.9,52.65],[-117.55,52.97],[-117.49,53.04],[-118.21,53.33],[-118.36,53.46],[-119.04,53.42],[-119.54,53.43],[-119.421,53.371],[-119.401,53.36],[-119.39,53.36],[-119.384,53.352],[-119.26,53.18],[-119.02,53.13],[-119.02,53.23],[-118.73,53.12],[-118.26,52.45],[-118.04,52.4],[-117.99,52.5],[-117.71,52.37],[-117.84,52.27],[-117.61,52.14],[-117.32,52.19],[-116.92,51.71],[-116.75,51.81],[-116.6,51.66],[-116.28,51.46],[-116.268,51.311],[-116.22,51.29],[-116.01,51.22],[-116.01,51.13],[-115.56,50.89],[-115.21,50.53],[-115.02,50.58],[-114.77,50.36],[-114.7,49.55],[-114.51,49.57],[-114.29,49.54],[-114.34,49.87],[-114,49.84],[-114.07,50.31],[-114.21,50.31]]]}},{"type":"Feature","id":"4816","properties":{"id":"4816","name":"Division No. 16","regionAbbrev":"AB","pruid":"48","cdtype":"CDR"},"geometry":{"type":"Polygon","coordinates":[[[-110,60],[-115.57,60],[-115.56,59.48],[-114,59.47],[-114,57.38],[-112.77,57.29],[-112.72,56.43],[-112.51,56.2],[-112.64,55.99],[-111.93,55.94],[-111.41,55.98],[-111.4,55.55],[-110.008,55.55],[-110,60]]]}},{"type":"Feature","id":"4817","properties":{"id":"4817","name":"Division No. 17","regionAbbrev":"AB","pruid":"48","cdtype":"CDR"},"geometry":{"type":"Polygon","coordinates":[[[-112.776,55.47],[-112.78,55.477],[-112.79,55.64],[-112.6,55.73],[-112.68,55.9],[-112.64,55.99],[-112.51,56.2],[-112.72,56.43],[-112.77,57.29],[-114,57.38],[-114,59.47],[-115.56,59.48],[-115.57,60],[-116.98,60],[-120,60],[-120,58],[-120,56.15],[-119.64,56.17],[-119.16,56.31],[-118.9,56.13],[-117.26,56.27],[-117.53,55.99],[-116.98,55.94],[-116.77,55.37],[-116.92,55.37],[-116.75,54.85],[-115.98,54.85],[-115.96,54.5],[-115.06,54.5],[-115.07,54.85],[-114.22,54.85],[-114.32,54.59],[-113.69,54.59],[-113.67,54.94],[-113.36,55.02],[-112.743,54.981],[-112.73,54.98],[-112.746,54.99],[-112.89,55.08],[-112.68,55.31],[-112.776,55.47]]]}},{"type":"Feature","id":"4818","properties":{"id":"4818","name":"Division No. 18","regionAbbrev":"AB","pruid":"48","cdtype":"CDR"},"geometry":{"type":"Polygon","coordinates":[[[-116.7,54.12],[-116.685,54.125],[-116.29,54.23],[-116.282,54.25],[-116.25,54.33],[-115.97,54.41],[-115.97,54.5],[-115.96,54.5],[-115.98,54.85],[-116.75,54.85],[-116.92,55.37],[-117.54,55.37],[-117.589,55.674],[-117.59,55.68],[-117.598,55.676],[-117.62,55.664],[-117.72,55.61],[-117.7,55.56],[-118.2,55.55],[-118.28,55.14],[-119.42,55.01],[-119.99,54.75],[-119.99,54.745],[-120,54.74],[-120,53.94],[-119.965,53.932],[-119.78,53.89],[-119.48,54.02],[-119.49,53.85],[-118.13,53.81],[-117.28,54.06],[-116.84,54],[-116.7,54.12]]]}},{"type":"Feature","id":"4819","properties":{"id":"4819","name":"Division No. 19","regionAbbrev":"AB","pruid":"48","cdtype":"CDR"},"geometry":{"type":"Polygon","coordinates":[[[-120,56.15],[-120,54.74],[-119.99,54.745],[-119.99,54.75],[-119.42,55.01],[-118.28,55.14],[-118.2,55.55],[-117.7,55.56],[-117.72,55.61],[-117.62,55.664],[-117.598,55.676],[-117.59,55.68],[-117.589,55.674],[-117.54,55.37],[-116.92,55.37],[-116.77,55.37],[-116.98,55.94],[-117.53,55.99],[-117.26,56.27],[-118.9,56.13],[-119.16,56.31],[-119.64,56.17],[-120,56.15]]]}},{"type":"Feature","id":"5901","properties":{"id":"5901","name":"East Kootenay","regionAbbrev":"BC","pruid":"59","cdtype":"RD"},"geometry":{"type":"Polygon","coordinates":[[[-114.7,49.55],[-114.77,50.36],[-115.02,50.58],[-115.21,50.53],[-115.56,50.89],[-116.01,51.13],[-116.01,51.22],[-116.22,51.29],[-116.268,51.311],[-116.26,51.22],[-116.26,51.14],[-116.32,50.95],[-116.73,50.88],[-116.808,50.734],[-116.799,50.731],[-116.8,50.73],[-116.58,50.65],[-116.72,50.46],[-116.56,50.21],[-116.5,50.06],[-116.7,49.87],[-116.67,49.47],[-116.3,49.52],[-116.03,49],[-114.07,49],[-114.4,49.21],[-114.59,49.4],[-114.7,49.55]]]}},{"type":"Feature","id":"5903","properties":{"id":"5903","name":"Central Kootenay","regionAbbrev":"BC","pruid":"59","cdtype":"RD"},"geometry":{"type":"Polygon","coordinates":[[[-116.808,50.734],[-116.81,50.73],[-117.04,50.82],[-117.03,50.96],[-117.234,51.04],[-117.274,51.04],[-117.49,50.88],[-117.24,50.52],[-117.5,50.46],[-117.98,50.53],[-118.21,50.68],[-118.18,50.49],[-118.26,50.33],[-118.5,50.03],[-118.37,49.82],[-118.343,49.81],[-118.341,49.809],[-118.293,49.791],[-118.289,49.779],[-118.261,49.483],[-118.253,49.387],[-118.25,49.36],[-118.18,49.25],[-117.7,49.27],[-117.47,49.18],[-117.47,49],[-116.03,49],[-116.3,49.52],[-116.67,49.47],[-116.7,49.87],[-116.5,50.06],[-116.56,50.21],[-116.72,50.46],[-116.58,50.65],[-116.8,50.73],[-116.799,50.731],[-116.808,50.734]]]}},{"type":"Feature","id":"5905","properties":{"id":"5905","name":"Kootenay Boundary","regionAbbrev":"BC","pruid":"59","cdtype":"RD"},"geometry":{"type":"Polygon","coordinates":[[[-118.341,49.809],[-119.11,49.79],[-119.33,49.7],[-119.375,49.682],[-119.38,49.68],[-119.374,49.659],[-119.35,49.64],[-119.3,49.39],[-119.18,49.31],[-119.29,49],[-117.47,49],[-117.47,49.18],[-117.7,49.27],[-118.18,49.25],[-118.25,49.36],[-118.253,49.387],[-118.261,49.483],[-118.289,49.779],[-118.293,49.791],[-118.341,49.809]]]}},{"type":"Feature","id":"5907","properties":{"id":"5907","name":"Okanagan-Similkameen","regionAbbrev":"BC","pruid":"59","cdtype":"RD"},"geometry":{"type":"Polygon","coordinates":[[[-119.375,49.682],[-119.441,49.71],[-119.48,49.74],[-119.537,49.75],[-119.575,49.757],[-119.7,49.78],[-119.84,49.71],[-119.98,49.77],[-119.97,49.82],[-120.041,49.86],[-120.07,49.84],[-120.33,49.91],[-120.49,49.77],[-120.95,49.76],[-120.96,49.67],[-121.08,49.52],[-120.99,49.27],[-120.82,49.29],[-120.828,49.279],[-120.81,49.28],[-120.86,49.13],[-120.97,49.1],[-120.834,49.032],[-120.83,49.03],[-120.835,49.03],[-120.85,49],[-119.29,49],[-119.18,49.31],[-119.3,49.39],[-119.35,49.64],[-119.374,49.659],[-119.38,49.68],[-119.375,49.682]]]}},{"type":"Feature","id":"5909","properties":{"id":"5909","name":"Fraser Valley","regionAbbrev":"BC","pruid":"59","cdtype":"RD"},"geometry":{"type":"Polygon","coordinates":[[[-120.835,49.03],[-120.83,49.03],[-120.834,49.032],[-120.97,49.1],[-120.86,49.13],[-120.81,49.28],[-120.828,49.279],[-120.82,49.29],[-120.99,49.27],[-121.08,49.52],[-120.96,49.67],[-121.12,49.61],[-121.129,49.628],[-121.21,49.78],[-121.09,49.86],[-121.32,49.88],[-121.32,50.05],[-121.86,50.05],[-122.26,50.12],[-122.79,50.13],[-122.68,49.98],[-123,49.86],[-122.82,49.57],[-122.61,49.54],[-122.6,49.35],[-122.41,49.35],[-122.46,49],[-120.835,49.03]]]}},{"type":"Feature","id":"5915","properties":{"id":"5915","name":"Greater Vancouver","regionAbbrev":"BC","pruid":"59","cdtype":"RD"},"geometry":{"type":"Polygon","coordinates":[[[-122.61,49.54],[-123.24,49.48],[-123.29,49.37],[-122.96,49.3],[-122.85,49.44],[-122.84,49.28],[-123.26,49.27],[-123.14,49.2],[-122.92,49.2],[-123.2,49.17],[-123,49.16],[-123.17,49.02],[-122.46,49],[-122.41,49.35],[-122.6,49.35],[-122.61,49.54]]]}},{"type":"Feature","id":"5917","properties":{"id":"5917","name":"Capital","regionAbbrev":"BC","pruid":"59","cdtype":"RD"},"geometry":{"type":"MultiPolygon","coordinates":[[[[-123.25,48.44],[-123.25,48.43],[-123.24,48.44],[-123.25,48.44]]],[[[-123.59,48.94],[-123.49,48.71],[-123.37,48.77],[-123.59,48.94]]],[[[-124.28,48.72],[-124.49,48.63],[-124.5,48.54],[-123.54,48.32],[-123.46,48.46],[-123.26,48.45],[-123.44,48.7],[-123.55,48.48],[-123.69,48.62],[-123.82,48.57],[-124.14,48.64],[-124.28,48.72]]]]}},{"type":"Feature","id":"5919","properties":{"id":"5919","name":"Cowichan Valley","regionAbbrev":"BC","pruid":"59","cdtype":"RD"},"geometry":{"type":"Polygon","coordinates":[[[-123.69,48.62],[-123.51,48.57],[-123.76,49.06],[-124.38,48.98],[-124.5,49.03],[-124.52,49.05],[-124.567,49.145],[-124.57,49.15],[-124.572,49.146],[-124.64,49.01],[-124.55,48.91],[-124.555,48.906],[-124.7,48.79],[-124.844,48.675],[-124.76,48.61],[-124.5,48.54],[-124.49,48.63],[-124.28,48.72],[-124.14,48.64],[-123.82,48.57],[-123.69,48.62]]]}},{"type":"Feature","id":"5921","properties":{"id":"5921","name":"Nanaimo","regionAbbrev":"BC","pruid":"59","cdtype":"RD"},"geometry":{"type":"Polygon","coordinates":[[[-124.38,48.98],[-123.77,49.06],[-123.95,49.23],[-124.73,49.4],[-124.97,49.43],[-124.7,49.28],[-124.7,49.18],[-124.572,49.146],[-124.57,49.15],[-124.567,49.145],[-124.52,49.05],[-124.5,49.03],[-124.38,48.98]]]}},{"type":"Feature","id":"5923","properties":{"id":"5923","name":"Alberni-Clayoquot","regionAbbrev":"BC","pruid":"59","cdtype":"RD"},"geometry":{"type":"MultiPolygon","coordinates":[[[[-124.844,48.675],[-124.7,48.79],[-124.555,48.906],[-124.55,48.91],[-124.64,49.01],[-124.572,49.146],[-124.7,49.18],[-124.7,49.28],[-124.97,49.43],[-125.23,49.49],[-125.43,49.64],[-125.397,49.574],[-125.38,49.55],[-125.384,49.548],[-125.5,49.48],[-126.33,49.61],[-126.56,49.54],[-126.53,49.38],[-126.41,49.48],[-126.26,49.35],[-126.3,49.52],[-126.21,49.4],[-126.03,49.46],[-126.02,49.32],[-125.9,49.42],[-125.97,49.23],[-125.78,49.37],[-125.79,49.14],[-125.6,49.21],[-125.76,49.11],[-125.92,49.14],[-125.54,48.92],[-125.36,49.04],[-125.22,48.95],[-125.2,49.1],[-125.03,48.96],[-124.81,49.25],[-124.86,49],[-125.22,48.79],[-124.85,48.67],[-124.844,48.675]]],[[[-126.1,49.39],[-126.23,49.28],[-126.05,49.27],[-126.1,49.39]]]]}},{"type":"Feature","id":"5924","properties":{"id":"5924","name":"Strathcona","regionAbbrev":"BC","pruid":"59","cdtype":"RD"},"geometry":{"type":"MultiPolygon","coordinates":[[[[-125.397,49.574],[-125.55,49.79],[-125.33,49.92],[-125.11,49.88],[-125.44,50.33],[-126.11,50.45],[-125.99,50.36],[-126,50.28],[-126.39,49.91],[-126.97,50.24],[-127.083,50.334],[-127.31,50.23],[-127.58,50.28],[-127.9,50.12],[-127.92,50.11],[-127.43,50.19],[-127.34,50.02],[-127.31,50.2],[-127.09,50.15],[-127.26,49.97],[-127,49.85],[-126.94,49.99],[-126.91,49.87],[-126.86,49.99],[-126.67,49.86],[-126.59,49.7],[-126.44,49.8],[-126.45,49.65],[-126.05,49.61],[-126.47,49.65],[-126.56,49.54],[-126.33,49.61],[-125.5,49.48],[-125.384,49.548],[-125.38,49.55],[-125.397,49.574]]],[[[-127.55,50.1],[-127.56,50.1],[-127.56,50.09],[-127.55,50.09],[-127.555,50.095],[-127.55,50.1]]],[[[-127.54,50.11],[-127.55,50.09],[-127.52,50.1],[-127.54,50.11]]],[[[-125.13,50.33],[-125.28,50.44],[-125.4,50.3],[-125.13,50.33]]],[[[-125.38,50.28],[-125.15,50.01],[-125.16,50.23],[-125.38,50.28]]],[[[-126.67,49.86],[-126.96,49.84],[-126.74,49.8],[-126.95,49.73],[-126.61,49.59],[-126.67,49.86]]],[[[-124.69,51.2],[-124.885,51.327],[-124.958,51.341],[-125.238,51.385],[-125.33,51.4],[-125.33,51.25],[-125.25,50.96],[-125.5,50.9],[-125.61,50.61],[-125.86,50.64],[-126.28,50.52],[-125.78,50.54],[-125.66,50.43],[-125.42,50.72],[-125.59,50.45],[-125.37,50.57],[-125.17,50.41],[-124.82,50.93],[-125.09,50.35],[-125,50.45],[-124.83,50.31],[-124.58,50.42],[-124.6,50.66],[-124.31,50.86],[-124.11,50.79],[-123.86,50.71],[-123.852,50.744],[-123.837,50.809],[-123.82,50.84],[-123.71,50.85],[-123.759,50.88],[-123.76,50.88],[-123.87,50.95],[-124.37,51.2],[-124.69,51.2]]]]}},{"type":"Feature","id":"5926","properties":{"id":"5926","name":"Comox Valley","regionAbbrev":"BC","pruid":"59","cdtype":"RD"},"geometry":{"type":"Polygon","coordinates":[[[-124.73,49.4],[-124.98,49.67],[-124.86,49.71],[-125.33,49.92],[-125.55,49.79],[-125.397,49.574],[-125.43,49.64],[-125.23,49.49],[-124.97,49.43],[-124.73,49.4]]]}},{"type":"Feature","id":"5927","properties":{"id":"5927","name":"Powell River","regionAbbrev":"BC","pruid":"59","cdtype":"RD"},"geometry":{"type":"Polygon","coordinates":[[[-124.58,50.42],[-124.36,50.49],[-124.74,50.33],[-124.59,50.25],[-124.81,50.08],[-124.67,49.96],[-124.84,50.06],[-124.53,49.8],[-124.27,49.74],[-124.04,49.84],[-124.07,50],[-124.15,50.06],[-124.18,50.22],[-123.91,50.36],[-123.922,50.38],[-124,50.5],[-123.995,50.501],[-123.74,50.54],[-123.73,50.7],[-123.86,50.71],[-124.11,50.79],[-124.31,50.86],[-124.6,50.66],[-124.58,50.42]]]}},{"type":"Feature","id":"5929","properties":{"id":"5929","name":"Sunshine Coast","regionAbbrev":"BC","pruid":"59","cdtype":"RD"},"geometry":{"type":"MultiPolygon","coordinates":[[[[-124.07,50],[-124,49.82],[-124.02,50],[-123.8,50.09],[-124,50.22],[-123.77,50.21],[-123.74,50.09],[-123.97,49.98],[-123.95,49.78],[-123.84,49.69],[-123.72,49.79],[-123.8,49.62],[-123.52,49.71],[-123.79,49.6],[-123.76,49.48],[-123.89,49.73],[-124.04,49.61],[-123.96,49.51],[-123.53,49.38],[-123.28,49.58],[-123.47,49.91],[-123.55,49.92],[-123.58,50.17],[-123.704,50.226],[-123.87,50.3],[-123.908,50.359],[-123.91,50.36],[-124.18,50.22],[-124.15,50.06],[-124.07,50]]],[[[-124.14,49.76],[-124.09,49.65],[-123.99,49.77],[-124.14,49.76]]]]}},{"type":"Feature","id":"5931","properties":{"id":"5931","name":"Squamish-Lillooet","regionAbbrev":"BC","pruid":"59","cdtype":"RD"},"geometry":{"type":"Polygon","coordinates":[[[-122.26,50.12],[-122.13,50.43],[-121.87,50.42],[-121.77,50.75],[-121.63,51],[-122.17,50.99],[-122.31,51.04],[-122.54,51.187],[-122.552,51.172],[-122.6,51.09],[-122.614,51.099],[-122.71,51.16],[-123.07,51.22],[-123.24,51],[-123.759,50.88],[-123.71,50.85],[-123.82,50.84],[-123.837,50.809],[-123.852,50.744],[-123.86,50.71],[-123.73,50.7],[-123.74,50.54],[-123.995,50.501],[-124,50.5],[-123.922,50.38],[-123.91,50.36],[-123.908,50.359],[-123.87,50.3],[-123.704,50.226],[-123.58,50.17],[-123.55,49.92],[-123.47,49.91],[-123.28,49.58],[-123.14,49.71],[-123.25,49.48],[-122.82,49.57],[-123,49.86],[-122.68,49.98],[-122.79,50.13],[-122.26,50.12]]]}},{"type":"Feature","id":"5933","properties":{"id":"5933","name":"Thompson-Nicola","regionAbbrev":"BC","pruid":"59","cdtype":"RD"},"geometry":{"type":"Polygon","coordinates":[[[-120.041,49.86],[-119.76,50.05],[-119.83,50.18],[-119.68,50.26],[-119.72,50.32],[-119.58,50.45],[-119.65,50.57],[-119.46,50.84],[-119.7,50.98],[-118.95,51.46],[-119.01,51.69],[-118.99,51.93],[-118.89,51.95],[-118.85,52.05],[-118.8,52.18],[-118.79,52.31],[-119.06,52.63],[-119.95,52.71],[-120.14,52.88],[-120.168,52.874],[-120.17,52.86],[-120.322,52.831],[-120.326,52.822],[-120.24,52.62],[-120.54,52.47],[-120.22,51.83],[-120.56,51.66],[-120.56,51.43],[-121.42,51.38],[-121.53,51.55],[-122.64,51.41],[-122.67,51.27],[-122.53,51.21],[-122.543,51.189],[-122.54,51.187],[-122.31,51.04],[-122.17,50.99],[-121.63,51],[-121.77,50.75],[-121.87,50.42],[-122.13,50.43],[-122.26,50.12],[-121.86,50.05],[-121.32,50.05],[-121.32,49.88],[-121.09,49.86],[-121.21,49.78],[-121.129,49.628],[-121.12,49.61],[-120.96,49.67],[-120.95,49.76],[-120.49,49.77],[-120.33,49.91],[-120.07,49.84],[-120.041,49.86]]]}},{"type":"Feature","id":"5935","properties":{"id":"5935","name":"Central Okanagan","regionAbbrev":"BC","pruid":"59","cdtype":"RD"},"geometry":{"type":"Polygon","coordinates":[[[-119.33,49.7],[-118.81,49.965],[-118.81,49.981],[-118.846,50.023],[-119.17,50.05],[-119.15,50.15],[-119.47,50.15],[-119.68,50.26],[-119.83,50.18],[-119.76,50.05],[-120.041,49.86],[-119.97,49.82],[-119.98,49.77],[-119.84,49.71],[-119.7,49.78],[-119.575,49.757],[-119.537,49.75],[-119.48,49.74],[-119.441,49.71],[-119.375,49.682],[-119.33,49.7]]]}},{"type":"Feature","id":"5937","properties":{"id":"5937","name":"North Okanagan","regionAbbrev":"BC","pruid":"59","cdtype":"RD"},"geometry":{"type":"Polygon","coordinates":[[[-118.18,50.49],[-118.27,50.89],[-119.18,50.75],[-119.32,50.42],[-119.58,50.45],[-119.72,50.32],[-119.68,50.26],[-119.47,50.15],[-119.15,50.15],[-119.17,50.05],[-118.846,50.023],[-118.81,49.981],[-118.81,49.965],[-119.33,49.7],[-119.11,49.79],[-118.341,49.809],[-118.343,49.81],[-118.37,49.82],[-118.5,50.03],[-118.26,50.33],[-118.18,50.49]]]}},{"type":"Feature","id":"5939","properties":{"id":"5939","name":"Columbia-Shuswap","regionAbbrev":"BC","pruid":"59","cdtype":"RD"},"geometry":{"type":"Polygon","coordinates":[[[-118.26,52.45],[-118.49,52.31],[-118.68,52.15],[-118.8,52.18],[-118.85,52.05],[-118.89,51.95],[-118.99,51.93],[-119.01,51.69],[-118.95,51.46],[-119.7,50.98],[-119.46,50.84],[-119.65,50.57],[-119.58,50.45],[-119.32,50.42],[-119.18,50.75],[-118.27,50.89],[-118.18,50.49],[-118.21,50.68],[-117.98,50.53],[-117.5,50.46],[-117.24,50.52],[-117.49,50.88],[-117.274,51.04],[-117.234,51.04],[-117.03,50.96],[-117.04,50.82],[-116.81,50.73],[-116.808,50.734],[-116.73,50.88],[-116.32,50.95],[-116.26,51.14],[-116.26,51.22],[-116.268,51.311],[-116.28,51.46],[-116.6,51.66],[-116.75,51.81],[-116.92,51.71],[-117.32,52.19],[-117.61,52.14],[-117.84,52.27],[-117.71,52.37],[-117.99,52.5],[-118.04,52.4],[-118.26,52.45]]]}},{"type":"Feature","id":"5941","properties":{"id":"5941","name":"Cariboo","regionAbbrev":"BC","pruid":"59","cdtype":"RD"},"geometry":{"type":"Polygon","coordinates":[[[-126.616,52.991],[-126.634,52.991],[-126.627,52.974],[-126.65,52.94],[-126.59,52.88],[-126.53,52.78],[-126.34,52.83],[-126.34,52.52],[-125.86,52.63],[-125.48,52.4],[-125.46,52.19],[-125.58,52.06],[-125.58,51.911],[-125.58,51.91],[-125.527,51.928],[-125.51,51.87],[-125.24,51.75],[-125.33,51.4],[-125.238,51.385],[-124.958,51.341],[-124.885,51.327],[-124.69,51.2],[-124.37,51.2],[-123.87,50.95],[-123.76,50.88],[-123.759,50.88],[-123.24,51],[-123.07,51.22],[-122.71,51.16],[-122.614,51.099],[-122.6,51.09],[-122.552,51.172],[-122.54,51.187],[-122.543,51.189],[-122.53,51.21],[-122.67,51.27],[-122.64,51.41],[-121.53,51.55],[-121.42,51.38],[-120.56,51.43],[-120.56,51.66],[-120.22,51.83],[-120.54,52.47],[-120.24,52.62],[-120.326,52.822],[-120.322,52.831],[-120.17,52.86],[-120.168,52.874],[-120.16,52.92],[-120.49,53.05],[-120.71,53.26],[-120.98,53.28],[-121.01,53.43],[-122.28,53.46],[-122.97,53.28],[-123.29,53.28],[-123.3,53.47],[-123.305,53.47],[-124,53.48],[-124.53,53.53],[-124.52,53.39],[-125,53.45],[-125,53],[-126.61,53],[-126.616,52.991]]]}},{"type":"Feature","id":"5943","properties":{"id":"5943","name":"Mount Waddington","regionAbbrev":"BC","pruid":"59","cdtype":"RD"},"geometry":{"type":"MultiPolygon","coordinates":[[[[-125.33,51.4],[-125.24,51.75],[-125.51,51.87],[-125.527,51.928],[-125.58,51.91],[-125.58,51.9],[-125.588,51.907],[-125.72,52.01],[-125.88,51.97],[-125.91,51.61],[-126.11,51.46],[-126.7,51.48],[-126.92,51.24],[-127.74,51.15],[-126.92,51.19],[-127.13,51.12],[-126.91,51.1],[-127.55,51.13],[-127.14,51.06],[-127.47,51.09],[-127.34,51.04],[-126.8,51.08],[-126.66,51.2],[-126.7,50.99],[-126.77,51.07],[-127.32,51.04],[-127.21,50.95],[-127.5,51.1],[-127.27,50.91],[-126.9,50.89],[-126.78,51.02],[-126.64,50.93],[-126.84,50.91],[-126.66,50.87],[-126.53,51.04],[-126.19,50.93],[-126.57,50.83],[-126.01,50.8],[-126.18,50.67],[-125.71,50.72],[-125.59,51.09],[-125.5,50.94],[-125.73,50.65],[-126.3,50.63],[-125.86,50.64],[-125.61,50.61],[-125.5,50.9],[-125.25,50.96],[-125.33,51.25],[-125.33,51.4]]],[[[-126.11,50.45],[-126.87,50.53],[-127.91,50.87],[-128.43,50.79],[-128.05,50.44],[-127.56,50.55],[-128.01,50.65],[-127.42,50.6],[-127.61,50.52],[-127.43,50.34],[-127.59,50.49],[-127.94,50.46],[-127.98,50.32],[-127.72,50.3],[-127.9,50.12],[-127.58,50.28],[-127.31,50.23],[-127.083,50.334],[-126.97,50.24],[-126.39,49.91],[-126,50.28],[-125.99,50.36],[-126.11,50.45]]],[[[-126.65,50.76],[-126.63,50.77],[-126.64,50.77],[-126.65,50.76]]],[[[-126.42,50.81],[-126.62,50.66],[-126.27,50.65],[-126.16,50.75],[-126.42,50.81]]]]}},{"type":"Feature","id":"5945","properties":{"id":"5945","name":"Central Coast","regionAbbrev":"BC","pruid":"59","cdtype":"RD"},"geometry":{"type":"MultiPolygon","coordinates":[[[[-126.634,52.991],[-126.75,52.99],[-126.762,53.006],[-126.84,53.11],[-127.01,53.08],[-127.019,53.287],[-127.1,53.23],[-127.22,53.25],[-127.48,53.14],[-127.3,52.91],[-127.35,52.81],[-127.49,52.69],[-127.68,52.79],[-127.81,52.66],[-128.13,52.69],[-128.18,52.48],[-128.29,52.26],[-128.05,52.65],[-128.03,52.32],[-127.96,52.48],[-128.01,52.32],[-127.93,52.44],[-127.88,52.2],[-127.42,52.41],[-127.63,52.61],[-127.33,52.43],[-126.97,52.84],[-127.22,52.39],[-126.77,52.39],[-126.96,52.31],[-126.67,51.96],[-127.18,52.31],[-127.88,51.9],[-127.89,51.69],[-127.66,51.52],[-127.46,51.69],[-127.66,51.71],[-127.46,51.7],[-127.36,51.87],[-127.45,51.66],[-127.25,51.68],[-127.56,51.48],[-127.23,51.41],[-127.57,51.47],[-127.78,51.32],[-127.06,51.35],[-127.78,51.16],[-126.92,51.24],[-126.7,51.48],[-126.11,51.46],[-125.91,51.61],[-125.88,51.97],[-125.72,52.01],[-125.588,51.907],[-125.58,51.9],[-125.58,51.91],[-125.58,51.911],[-125.58,52.06],[-125.46,52.19],[-125.48,52.4],[-125.86,52.63],[-126.34,52.52],[-126.34,52.83],[-126.53,52.78],[-126.59,52.88],[-126.65,52.94],[-126.627,52.974],[-126.634,52.991]]],[[[-128.083,52.163],[-128.12,52.16],[-127.94,52.08],[-127.88,52.18],[-127.918,52.177],[-127.98,52.3],[-128.1,52.2],[-127.97,52.173],[-128.067,52.164],[-128.05,52.17],[-128.08,52.17],[-128.09,52.17],[-128.083,52.163]]],[[[-128.24,51.95],[-128.25,51.93],[-128.23,51.93],[-128.24,51.95]]],[[[-128.1,51.69],[-128.09,51.48],[-127.89,51.43],[-128.1,51.69]]],[[[-128.25,51.89],[-128.02,51.95],[-128.08,51.79],[-127.95,52.06],[-128.25,51.89]]],[[[-127.9,51.93],[-127.2,52.35],[-127.27,52.44],[-127.77,52.24],[-127.9,51.93]]]]}},{"type":"Feature","id":"5947","properties":{"id":"5947","name":"Skeena-Queen Charlotte","regionAbbrev":"BC","pruid":"59","cdtype":"RD"},"geometry":{"type":"MultiPolygon","coordinates":[[[[-130.4,53.51],[-130.41,53.49],[-130.4,53.5],[-130.4,53.51]]],[[[-130.64,54.13],[-130.64,54.12],[-130.63,54.12],[-130.64,54.13]]],[[[-132.49,53.67],[-132.5,53.67],[-132.5,53.665],[-132.68,53.66],[-132.13,53.84],[-132.18,54.02],[-132.44,54.1],[-132.7,53.91],[-132.58,54.12],[-133.08,54.18],[-133.12,53.78],[-132.82,53.6],[-133,53.59],[-132.9,53.47],[-132.73,53.54],[-132.42,53.34],[-132.77,53.32],[-132.55,53.33],[-132.72,53.25],[-132.5,53.29],[-132.47,53.13],[-131.97,53.28],[-131.64,54.19],[-132.2,54.05],[-132.09,53.9],[-132.14,53.7],[-132.48,53.56],[-132.35,53.67],[-132.494,53.666],[-132.49,53.67]]],[[[-131.01,51.94],[-130.94,52.09],[-131.11,52.15],[-131.01,51.94]]],[[[-130.89,54.63],[-130.94,54.47],[-130.75,54.59],[-130.89,54.63]]],[[[-131.73,52.71],[-131.61,52.58],[-131.44,52.69],[-131.73,52.71]]],[[[-131.93,53.02],[-131.69,52.87],[-131.6,52.96],[-131.93,53.02]]],[[[-130.31,53.8],[-130.41,53.67],[-130.08,53.56],[-130.31,53.8]]],[[[-130.61,53.86],[-130.67,53.96],[-130.47,53.89],[-130.42,54.03],[-130.34,53.96],[-130.5,53.84],[-130.23,53.95],[-130.42,54.1],[-130.72,53.94],[-130.61,53.86]]],[[[-130.54,53.63],[-129.96,53.17],[-129.76,53.2],[-129.99,53.45],[-130.54,53.63]]],[[[-130.22,53.91],[-130.21,53.72],[-129.83,53.62],[-130.06,53.62],[-129.5,53.21],[-129.42,53.41],[-130.22,53.91]]],[[[-132.57,53.1],[-132.07,52.97],[-132.37,52.93],[-132.14,52.74],[-132.08,52.86],[-131.97,52.8],[-131.92,52.71],[-132.11,52.73],[-131.36,52.18],[-131.37,52.27],[-131.23,52.13],[-131.29,52.24],[-131.18,52.12],[-131.15,52.21],[-131.01,52.18],[-131.68,52.53],[-131.89,52.75],[-131.66,52.81],[-132.01,52.88],[-132.03,53.06],[-131.61,53.03],[-131.8,53.25],[-132.57,53.1]]],[[[-130.22,54.73],[-130.161,54.71],[-130.35,54.69],[-130.36,54.64],[-130.29,54.66],[-130.39,54.63],[-130.12,54.42],[-129.98,54.51],[-130,54.3],[-130.45,54.63],[-130.49,54.36],[-130.32,54.44],[-130.15,54.28],[-130.28,54.2],[-129.5,54.24],[-129.95,54.18],[-129.75,54],[-130.05,54.15],[-130.11,53.95],[-129.27,53.36],[-129.23,53.63],[-129.37,54.36],[-129.69,54.53],[-129.46,54.66],[-130.22,54.73]]]]}},{"type":"Feature","id":"5949","properties":{"id":"5949","name":"Kitimat-Stikine","regionAbbrev":"BC","pruid":"59","cdtype":"RD"},"geometry":{"type":"MultiPolygon","coordinates":[[[[-127.22,53.25],[-127.261,53.297],[-127.26,53.3],[-127.43,53.49],[-127.77,53.56],[-128.01,53.88],[-127.53,54.38],[-127.78,54.47],[-127.8,55],[-126.94,55],[-126.64,55.12],[-126.89,55.38],[-127.45,55.5],[-127.71,55.71],[-128.18,55.73],[-128.19,55.91],[-128.49,55.94],[-128.36,56],[-128.52,56.08],[-128.09,56.32],[-128.28,56.41],[-127.84,56.55],[-128.69,56.88],[-129,57.16],[-128.94,59],[-131.01,59],[-131,58],[-133.07,58],[-131.83,56.6],[-130.1,56.12],[-129.94,55.29],[-130.11,54.99],[-129.77,55.47],[-129.81,55.63],[-129.7,55.41],[-129.46,55.48],[-130.01,55.01],[-129.62,55],[-130.03,54.97],[-130.22,54.73],[-129.46,54.66],[-129.69,54.53],[-129.37,54.36],[-129.23,53.63],[-129.09,53.83],[-128.97,53.77],[-129.03,53.9],[-128.95,53.77],[-128.62,54.03],[-128.71,53.88],[-128.48,53.83],[-128.81,53.77],[-128.76,53.55],[-128.54,53.43],[-128.37,53.51],[-128.13,53.49],[-127.87,53.22],[-128.11,53.43],[-128.36,53.48],[-128.52,53.4],[-128.47,53.32],[-128.81,53.57],[-128.99,53.54],[-128.85,53.27],[-128.41,53.09],[-128.44,52.82],[-128.03,52.92],[-128.13,52.77],[-127.82,52.73],[-128.11,52.76],[-128.25,52.57],[-128.18,52.48],[-128.13,52.69],[-127.81,52.66],[-127.68,52.79],[-127.49,52.69],[-127.35,52.81],[-127.3,52.91],[-127.48,53.14],[-127.22,53.25]]],[[[-128.34,52.78],[-128.28,52.59],[-128.15,52.84],[-128.34,52.78]]],[[[-129.02,53.53],[-129.13,53.31],[-128.93,53.33],[-129.02,53.53]]],[[[-130.49,54.83],[-130.28,54.83],[-130.2,55.03],[-130.49,54.83]]],[[[-128.39,52.81],[-128.44,52.55],[-128.29,52.52],[-128.39,52.81]]],[[[-128.55,52.68],[-128.58,52.6],[-128.76,52.59],[-128.62,52.55],[-128.83,52.51],[-128.5,52.43],[-128.55,52.68]]],[[[-129.09,53.67],[-129.17,53.38],[-129.02,53.56],[-128.89,53.56],[-128.83,53.71],[-129.09,53.67]]],[[[-129.09,53.29],[-128.89,53.16],[-129.06,53.21],[-129.18,53.07],[-129.13,52.9],[-128.9,53.03],[-129.08,52.75],[-128.76,52.67],[-128.66,52.97],[-128.76,52.61],[-128.6,52.61],[-128.58,53.09],[-129.09,53.29]]]]}},{"type":"Feature","id":"5951","properties":{"id":"5951","name":"Bulkley-Nechako","regionAbbrev":"BC","pruid":"59","cdtype":"RD"},"geometry":{"type":"Polygon","coordinates":[[[-123.305,53.47],[-123.28,53.47],[-123.3,53.63],[-123.62,54.04],[-123.53,54.29],[-123.99,54.43],[-123.78,54.66],[-123.9,54.86],[-124.05,54.94],[-124,55.03],[-123.836,55.039],[-123.69,54.92],[-123.667,54.925],[-123.63,54.934],[-123.56,54.95],[-123.448,55.017],[-123.419,55.035],[-123.41,55.04],[-123.41,55.065],[-123.41,55.23],[-123.74,55.29],[-123.882,55.407],[-123.899,55.456],[-123.93,55.55],[-124.04,55.54],[-124.041,55.541],[-124.321,55.733],[-124.33,55.74],[-124.37,55.843],[-124.44,56],[-128.36,56],[-128.49,55.94],[-128.19,55.91],[-128.18,55.73],[-127.71,55.71],[-127.45,55.5],[-126.89,55.38],[-126.64,55.12],[-126.94,55],[-127.8,55],[-127.78,54.47],[-127.53,54.38],[-128.01,53.88],[-127.77,53.56],[-127.43,53.49],[-127.26,53.3],[-127.261,53.297],[-127.22,53.25],[-127.1,53.23],[-127.019,53.287],[-127.01,53.08],[-126.84,53.11],[-126.762,53.006],[-126.75,52.99],[-126.634,52.991],[-126.616,52.991],[-126.61,53],[-125,53],[-125,53.45],[-124.52,53.39],[-124.53,53.53],[-124,53.48],[-123.305,53.47]]]}},{"type":"Feature","id":"5953","properties":{"id":"5953","name":"Fraser-Fort George","regionAbbrev":"BC","pruid":"59","cdtype":"RD"},"geometry":{"type":"Polygon","coordinates":[[[-119.421,53.371],[-119.686,53.387],[-119.78,53.49],[-119.93,53.61],[-119.75,53.59],[-119.744,53.61],[-119.739,53.63],[-119.73,53.66],[-119.818,53.684],[-119.901,53.742],[-119.89,53.78],[-119.972,53.791],[-120,53.81],[-120,53.8],[-120.07,53.98],[-120.78,54.4],[-121.07,54.45],[-121.12,54.55],[-121.52,54.65],[-121.52,54.8],[-121.87,54.87],[-122.39,55.34],[-122.99,55.4],[-123.14,55.73],[-123.33,55.72],[-123.37,55.86],[-123.84,55.98],[-123.76,55.74],[-123.96,55.62],[-123.934,55.559],[-123.93,55.55],[-123.899,55.456],[-123.882,55.407],[-123.74,55.29],[-123.41,55.23],[-123.41,55.065],[-123.41,55.04],[-123.419,55.035],[-123.448,55.017],[-123.56,54.95],[-123.63,54.934],[-123.667,54.925],[-123.69,54.92],[-123.836,55.039],[-124,55.03],[-124.05,54.94],[-123.9,54.86],[-123.78,54.66],[-123.99,54.43],[-123.53,54.29],[-123.62,54.04],[-123.3,53.63],[-123.28,53.47],[-123.305,53.47],[-123.3,53.47],[-123.29,53.28],[-122.97,53.28],[-122.28,53.46],[-121.01,53.43],[-120.98,53.28],[-120.71,53.26],[-120.49,53.05],[-120.16,52.92],[-120.168,52.874],[-120.14,52.88],[-119.95,52.71],[-119.06,52.63],[-118.79,52.31],[-118.8,52.18],[-118.68,52.15],[-118.49,52.31],[-118.26,52.45],[-118.73,53.12],[-119.02,53.23],[-119.02,53.13],[-119.26,53.18],[-119.384,53.352],[-119.39,53.36],[-119.401,53.36],[-119.421,53.371]]]}},{"type":"Feature","id":"5955","properties":{"id":"5955","name":"Peace River","regionAbbrev":"BC","pruid":"59","cdtype":"RD"},"geometry":{"type":"Polygon","coordinates":[[[-120,58],[-124.937,58],[-124.92,57.99],[-125.139,58.013],[-125.181,58.018],[-125.245,58.007],[-125.74,57.86],[-125.84,57.98],[-126.29,57.85],[-126.7,58.03],[-126.958,57.965],[-126.966,57.942],[-126.85,57.79],[-126.98,57.76],[-126.84,57.68],[-126.858,57.65],[-126.87,57.63],[-126.797,57.576],[-126.79,57.57],[-127.06,57.51],[-127.34,57.55],[-127.48,57.2],[-127.72,57.114],[-127.72,57.05],[-127.713,57.008],[-127.54,56.97],[-127.53,56.74],[-127.22,56.75],[-127.076,56.616],[-127.024,56.628],[-126.713,56.753],[-126.682,56.765],[-126.67,56.77],[-126.49,56.66],[-126.181,56.612],[-126.17,56.61],[-126.166,56.601],[-126.151,56.56],[-126.14,56.53],[-126.2,56.47],[-125.96,56.14],[-125.12,56.3],[-124.48,56.13],[-124.44,56],[-124.37,55.843],[-124.33,55.74],[-124.321,55.733],[-124.041,55.541],[-124.04,55.54],[-123.93,55.55],[-123.934,55.559],[-123.96,55.62],[-123.76,55.74],[-123.84,55.98],[-123.37,55.86],[-123.33,55.72],[-123.14,55.73],[-122.99,55.4],[-122.39,55.34],[-121.87,54.87],[-121.52,54.8],[-121.52,54.65],[-121.12,54.55],[-121.07,54.45],[-120.78,54.4],[-120.07,53.98],[-120,53.8],[-120,53.81],[-119.965,53.932],[-120,53.94],[-120,54.74],[-120,56.15],[-120,58]]]}},{"type":"Feature","id":"5957","properties":{"id":"5957","name":"Stikine","regionAbbrev":"BC","pruid":"59","cdtype":"REG"},"geometry":{"type":"Polygon","coordinates":[[[-128.36,56],[-124.44,56],[-124.48,56.13],[-125.12,56.3],[-125.96,56.14],[-126.2,56.47],[-126.14,56.53],[-126.151,56.56],[-126.166,56.601],[-126.17,56.61],[-126.181,56.612],[-126.49,56.66],[-126.67,56.77],[-126.682,56.765],[-126.713,56.753],[-127.024,56.628],[-127.076,56.616],[-127.22,56.75],[-127.53,56.74],[-127.54,56.97],[-127.713,57.008],[-127.72,57.05],[-127.72,57.114],[-127.48,57.2],[-127.34,57.55],[-127.06,57.51],[-126.79,57.57],[-126.797,57.576],[-126.87,57.63],[-126.858,57.65],[-126.84,57.68],[-126.98,57.76],[-126.85,57.79],[-126.966,57.942],[-126.958,57.965],[-126.7,58.03],[-126.29,57.85],[-125.84,57.98],[-125.74,57.86],[-125.245,58.007],[-125.181,58.018],[-125.139,58.013],[-124.92,57.99],[-124.937,58],[-124.947,58.006],[-124.83,58.21],[-125.44,58.34],[-125.86,58.41],[-126.32,58.61],[-126.91,58.64],[-126.98,59.11],[-127.8,59.7],[-127.73,59.9],[-127.73,60],[-135.4,60],[-139.05,60],[-137.6,59.24],[-137.53,58.91],[-136.58,59.17],[-136.36,59.6],[-135.48,59.8],[-135.03,59.56],[-134.96,59.28],[-133.38,58.43],[-133.07,58],[-131,58],[-131.01,59],[-128.94,59],[-129,57.16],[-128.69,56.88],[-127.84,56.55],[-128.28,56.41],[-128.09,56.32],[-128.52,56.08],[-128.36,56]]]}},{"type":"Feature","id":"5959","properties":{"id":"5959","name":"Northern Rockies","regionAbbrev":"BC","pruid":"59","cdtype":"RD"},"geometry":{"type":"Polygon","coordinates":[[[-120,60],[-123.79,60],[-127.71,60],[-127.73,60],[-127.73,59.9],[-127.8,59.7],[-126.98,59.11],[-126.91,58.64],[-126.32,58.61],[-125.86,58.41],[-125.44,58.34],[-124.83,58.21],[-124.947,58.006],[-124.937,58],[-120,58],[-120,60]]]}},{"type":"Feature","id":"6001","properties":{"id":"6001","name":"Yukon","regionAbbrev":"YT","pruid":"60","cdtype":"TER"},"geometry":{"type":"MultiPolygon","coordinates":[[[[-127.73,60],[-127.71,60],[-123.79,60],[-124.57,60.64],[-124.54,60.94],[-125.26,60.77],[-125.83,60.88],[-126.81,60.76],[-127.1,61.46],[-127.77,61.59],[-128.25,61.94],[-128.345,61.997],[-128.55,62.12],[-128.73,62.04],[-129.24,62.14],[-129.16,62.48],[-129.52,62.55],[-129.74,62.84],[-129.61,63.07],[-130.16,63.24],[-129.78,63.45],[-130.34,63.69],[-130.11,63.84],[-130.34,63.81],[-130.97,64.13],[-131.07,64.27],[-131.03,64.3],[-131.13,64.384],[-131.15,64.4],[-131.203,64.412],[-131.329,64.441],[-131.37,64.45],[-131.62,64.35],[-132.04,64.7],[-132.63,64.83],[-132.34,65.06],[-132.75,65.23],[-132.17,65.6],[-132.6,65.86],[-132.35,65.95],[-132.38,65.99],[-132.592,66.013],[-132.627,66.016],[-132.66,66.02],[-132.91,65.88],[-133.13,66.03],[-133.66,65.96],[-133.55,66.26],[-133.84,66.32],[-133.58,66.56],[-134.12,66.96],[-133.83,67],[-136.16,67],[-136.45,67.65],[-136.47,68.87],[-137.94,69.07],[-139.12,69.5],[-141.01,69.65],[-141,60.31],[-139.97,60.18],[-139.68,60.34],[-139.05,60.35],[-139.06,60],[-139.05,60],[-135.4,60],[-127.73,60]]],[[[-139.13,69.64],[-139.1,69.52],[-138.85,69.58],[-139.13,69.64]]]]}},{"type":"Feature","id":"6101","properties":{"id":"6101","name":"Region 1","regionAbbrev":"NT","pruid":"61","cdtype":"REG"},"geometry":{"type":"MultiPolygon","coordinates":[[[[-131.03,64.3],[-130.82,64.29],[-131.1,65.86],[-132.07,66.07],[-132.07,66.61],[-130.38,66.79],[-130.45,67.55],[-120.63,67.78],[-120.61,68.62],[-120.76,69.61],[-121.4,69.77],[-122.95,69.83],[-123.17,69.49],[-123.78,69.31],[-123.98,69.4],[-124.55,69.41],[-124.04,69.68],[-124.51,69.73],[-124.54,70.2],[-124.6,70.07],[-125.22,70.01],[-124.64,69.98],[-125.3,69.81],[-124.79,69.71],[-125.35,69.69],[-125.51,69.58],[-125.14,69.48],[-125.65,69.42],[-125.11,69.45],[-125.44,69.31],[-126.7,69.74],[-127.35,70.34],[-128.02,70.57],[-128.04,70.27],[-127.34,70.15],[-128.33,70.13],[-128.32,69.94],[-129.05,69.69],[-129.14,69.84],[-130.34,69.68],[-130.96,69.23],[-131.19,69.6],[-131.24,69.29],[-131.25,69.57],[-131.37,69.29],[-131.31,69.48],[-131.43,69.3],[-131.4,69.47],[-131.6,69.29],[-131.45,69.43],[-131.88,69.41],[-131.73,69.37],[-131.96,69.21],[-131.85,69.3],[-132.24,69.12],[-132.32,69.22],[-132.51,69.07],[-132.44,69.22],[-132.492,69.155],[-132.51,69.28],[-132.33,69.23],[-132.04,69.51],[-131.05,69.63],[-130.94,69.53],[-129.39,70.1],[-129.67,70.25],[-129.89,70.05],[-130.13,70.08],[-130.4,70.14],[-130.94,70.09],[-131.21,69.81],[-131.35,69.97],[-132,69.7],[-132.93,69.64],[-133.03,69.35],[-133.03,69.46],[-133.9,69.32],[-133.79,69.57],[-134.14,69.52],[-134.5,69.7],[-134.47,69.44],[-135.18,69.45],[-135.17,69.25],[-135.87,69.28],[-135.57,69.1],[-136.01,69.2],[-135.14,68.64],[-136.47,68.89],[-136.45,67.65],[-136.16,67],[-133.83,67],[-134.12,66.96],[-133.58,66.56],[-133.84,66.32],[-133.55,66.26],[-133.66,65.96],[-133.13,66.03],[-132.91,65.88],[-132.66,66.02],[-132.627,66.016],[-132.592,66.013],[-132.38,65.99],[-132.35,65.95],[-132.6,65.86],[-132.17,65.6],[-132.75,65.23],[-132.34,65.06],[-132.63,64.83],[-132.04,64.7],[-131.62,64.35],[-131.37,64.45],[-131.329,64.441],[-131.203,64.412],[-131.15,64.4],[-131.13,64.384],[-131.03,64.3]]],[[[-123.24,69.49],[-123.25,69.49],[-123.25,69.48],[-123.24,69.49]]],[[[-130.65,69.46],[-130.66,69.46],[-130.67,69.45],[-130.65,69.46]]],[[[-136.1,69],[-136.03,68.95],[-135.97,68.95],[-136.1,69]]],[[[-109.84,72.67],[-110.29,72.67],[-109.84,72.54],[-109.84,72.67]]],[[[-109.84,76.51],[-110.39,76.43],[-109.83,76.25],[-109.84,76.51]]],[[[-114.62,76.87],[-114.86,76.77],[-113.61,76.71],[-113.81,76.9],[-114.62,76.87]]],[[[-109.84,72.73],[-109.84,72.96],[-110.58,73.01],[-110.23,72.73],[-109.84,72.73]]],[[[-114.25,78.01],[-115.11,77.95],[-114.29,77.71],[-113.55,77.83],[-114.25,78.01]]],[[[-117.71,76.13],[-119.41,75.61],[-118.36,75.55],[-117.71,76.13]]],[[[-109.83,78.3],[-109.85,78.67],[-110.7,78.76],[-113.32,78.34],[-112.02,78.39],[-111.45,78.27],[-111.29,78.42],[-109.83,78.3]]],[[[-109.83,77.94],[-109.84,78.11],[-113.21,77.92],[-113.2,77.52],[-112.03,77.33],[-110.25,77.5],[-110.05,77.77],[-110.96,77.82],[-109.83,77.94]]],[[[-122.64,76.34],[-122.58,75.94],[-121.93,76.06],[-120.91,75.96],[-120.86,76.21],[-120.47,75.83],[-119.91,75.85],[-119.48,75.99],[-119.7,76.35],[-119.04,76.09],[-118.29,76.78],[-117.68,76.8],[-118.05,76.42],[-117.47,76.27],[-116.93,76.35],[-116.96,76.57],[-116.05,76.62],[-116.36,76.94],[-115.72,76.95],[-116.4,77.15],[-115.34,77.31],[-116.42,77.56],[-117.13,77.46],[-116.61,77.39],[-116.99,77.29],[-117.87,77.39],[-119.21,77.31],[-121.45,76.46],[-122.64,76.34]]],[[[-111.3,75.58],[-111.44,75.85],[-112.39,75.81],[-111.68,75.92],[-112.4,76.18],[-114.2,76.24],[-114.17,76.48],[-115.88,76.36],[-114.62,76.17],[-116.21,76.2],[-116.73,75.9],[-114.78,75.9],[-116.81,75.8],[-117.22,75.6],[-115.02,75.7],[-115.9,75.5],[-117.26,75.47],[-117.67,75.25],[-116.68,75.12],[-116.21,75.21],[-115.69,74.97],[-115.23,75.19],[-115.04,74.96],[-114.38,75.09],[-114.61,75.28],[-114.15,75.23],[-114.03,75.48],[-113.31,75.42],[-113.91,75.05],[-112.68,75.14],[-112.65,75.29],[-112.39,75.13],[-110.88,75.24],[-111.61,75],[-112.85,74.98],[-114.45,74.68],[-113.2,74.41],[-111.67,74.5],[-109.83,74.88],[-109.83,75.53],[-111.3,75.58]]],[[[-118.77,74.21],[-119.2,73.98],[-119.08,74.21],[-119.67,74.14],[-121.46,74.56],[-124.72,74.35],[-123.75,73.75],[-124.41,73.4],[-124.87,73.1],[-124.38,72.98],[-125.13,72.87],[-124.88,72.58],[-125.66,72.19],[-126.01,71.97],[-125.09,71.98],[-124.75,71.93],[-125.27,71.97],[-123.97,71.67],[-123.14,71.08],[-122.09,71.28],[-121.84,71.42],[-121.627,71.45],[-121.38,71.38],[-120.64,71.49],[-120.22,72.29],[-119.78,72.23],[-119.09,72.65],[-115.29,73.49],[-117.62,74.25],[-118.77,74.21]]],[[[-114.2,72.7],[-113.93,73.13],[-114.71,73.38],[-117.32,72.93],[-118.5,72.51],[-118.09,72.24],[-118.58,72.17],[-119.12,71.76],[-118.89,71.58],[-117.66,71.68],[-117.81,71.56],[-118.31,71.47],[-118.15,71.38],[-117.51,71.38],[-117.56,71.51],[-117.42,71.38],[-115.04,71.54],[-118.41,71],[-117.56,70.6],[-115.57,70.57],[-113.82,70.72],[-111.42,70.29],[-112.53,70.2],[-114.51,70.32],[-117.37,70.03],[-117.26,69.79],[-116.99,69.69],[-116.47,69.7],[-117.02,70],[-112.83,70],[-112.82,69.85],[-112.52,69.85],[-112.51,70],[-109.86,70],[-109.85,72.44],[-110.69,72.58],[-111,72.28],[-111.23,72.47],[-111.52,72.23],[-111.59,72.35],[-112.07,72.27],[-111.19,72.73],[-113.02,73.01],[-113.61,72.78],[-113.42,72.67],[-114.65,72.6],[-114.2,72.7]]]]}},{"type":"Feature","id":"6102","properties":{"id":"6102","name":"Region 2","regionAbbrev":"NT","pruid":"61","cdtype":"REG"},"geometry":{"type":"Polygon","coordinates":[[[-128.345,61.997],[-128.34,62.03],[-128.49,62.12],[-126.58,62.77],[-126.32,63.32],[-124.21,63.95],[-122.02,63.95],[-121.48,64.09],[-120.68,63.99],[-120.66,64.09],[-120,63.97],[-120,64.56],[-119.15,65.05],[-119.57,65.06],[-119.44,65.36],[-118.1,65.36],[-117.74,66.38],[-116.651,66.792],[-117.07,66.93],[-118.59,67.2],[-120.63,67.78],[-130.45,67.55],[-130.38,66.79],[-132.07,66.61],[-132.07,66.07],[-131.1,65.86],[-130.82,64.29],[-131.03,64.3],[-131.07,64.27],[-130.97,64.13],[-130.34,63.81],[-130.11,63.84],[-130.34,63.69],[-129.78,63.45],[-130.16,63.24],[-129.61,63.07],[-129.74,62.84],[-129.52,62.55],[-129.16,62.48],[-129.24,62.14],[-128.73,62.04],[-128.55,62.12],[-128.345,61.997]]]}},{"type":"Feature","id":"6103","properties":{"id":"6103","name":"Region 3","regionAbbrev":"NT","pruid":"61","cdtype":"REG"},"geometry":{"type":"Polygon","coordinates":[[[-117.42,64.54],[-118.19,65.13],[-118.41,65.07],[-118.78,64.87],[-118.66,64.65],[-117.94,64.43],[-117.83,63.74],[-118.71,63.62],[-118.77,63.23],[-117.87,63.06],[-116.86,63.08],[-116.87,62.96],[-116.42,62.97],[-116.18,62.7],[-115.6,62.82],[-115.25,63.19],[-114.82,63.26],[-114.41,64.08],[-112.59,64.47],[-112.53,64.62],[-113.26,64.71],[-114.27,64.33],[-115.31,64.15],[-115.72,64.31],[-115.53,64.73],[-117.42,64.54]]]}},{"type":"Feature","id":"6104","properties":{"id":"6104","name":"Region 4","regionAbbrev":"NT","pruid":"61","cdtype":"REG"},"geometry":{"type":"Polygon","coordinates":[[[-116.98,60],[-116.38,60.37],[-116.35,60.65],[-116.1,60.64],[-115.75,60.88],[-115.82,60.75],[-115.6,60.73],[-114.83,61.68],[-119.99,62.82],[-120,63.97],[-120.66,64.09],[-120.68,63.99],[-121.48,64.09],[-122.02,63.95],[-124.21,63.95],[-126.32,63.32],[-126.58,62.77],[-128.49,62.12],[-128.34,62.03],[-128.345,61.997],[-128.25,61.94],[-127.77,61.59],[-127.1,61.46],[-126.81,60.76],[-125.83,60.88],[-125.26,60.77],[-124.54,60.94],[-124.57,60.64],[-123.79,60],[-120,60],[-116.98,60]]]}},{"type":"Feature","id":"6105","properties":{"id":"6105","name":"Region 5","regionAbbrev":"NT","pruid":"61","cdtype":"REG"},"geometry":{"type":"Polygon","coordinates":[[[-102,60],[-102,62.56],[-109,62.79],[-110.64,62.92],[-111.23,62.79],[-112.42,62.08],[-114.83,61.68],[-115.6,60.73],[-115.82,60.75],[-115.75,60.88],[-116.1,60.64],[-116.35,60.65],[-116.38,60.37],[-116.98,60],[-115.57,60],[-110,60],[-102,60]]]}},{"type":"Feature","id":"6106","properties":{"id":"6106","name":"Region 6","regionAbbrev":"NT","pruid":"61","cdtype":"REG"},"geometry":{"type":"Polygon","coordinates":[[[-120,63.97],[-119.99,62.82],[-114.83,61.68],[-112.42,62.08],[-111.23,62.79],[-110.64,62.92],[-109,62.79],[-102,62.56],[-102,64.19],[-105.02,64.48],[-108.84,64.73],[-110.54,65.45],[-112.58,65.45],[-116.651,66.792],[-117.74,66.38],[-118.1,65.36],[-119.44,65.36],[-119.57,65.06],[-119.15,65.05],[-120,64.56],[-120,63.97]],[[-117.42,64.54],[-115.53,64.73],[-115.72,64.31],[-115.31,64.15],[-114.27,64.33],[-113.26,64.71],[-112.53,64.62],[-112.59,64.47],[-114.41,64.08],[-114.82,63.26],[-115.25,63.19],[-115.6,62.82],[-116.18,62.7],[-116.42,62.97],[-116.87,62.96],[-116.86,63.08],[-117.87,63.06],[-118.77,63.23],[-118.71,63.62],[-117.83,63.74],[-117.94,64.43],[-118.66,64.65],[-118.78,64.87],[-118.41,65.07],[-118.19,65.13],[-117.42,64.54]]]}},{"type":"Feature","id":"6204","properties":{"id":"6204","name":"Qikiqtaaluk","regionAbbrev":"NU","pruid":"62","cdtype":"REG"},"geometry":{"type":"MultiPolygon","coordinates":[[[[-109.83,75.86],[-108.79,75.62],[-108.89,75.48],[-109.83,75.53],[-109.83,74.88],[-108.79,75.08],[-108.33,74.92],[-107.72,75.1],[-107.19,74.91],[-106,75.07],[-105.36,75.65],[-105.46,75.89],[-106.59,76.07],[-106.84,75.65],[-107.04,75.9],[-107.93,75.76],[-107.61,76],[-108.49,76.04],[-108.03,76.28],[-108.57,76.42],[-108.7,76.84],[-109.84,76.51],[-109.83,76.25],[-109.24,76.03],[-109.83,75.93],[-109.83,75.86]]],[[[-64.82,60.49],[-64.81,60.5],[-64.82,60.5],[-64.82,60.49]]],[[[-67,65.47],[-67,65.48],[-67.01,65.47],[-67,65.47]]],[[[-97.98,73.08],[-97.98,73.09],[-97.99,73.08],[-97.98,73.08]]],[[[-80.03,56.09],[-80.02,56.09],[-80.03,56.1],[-80.03,56.09]]],[[[-64.92,61.91],[-64.93,61.9],[-64.91,61.9],[-64.92,61.91]]],[[[-66.76,62.94],[-66.77,62.94],[-66.76,62.93],[-66.76,62.94]]],[[[-77.6,63.94],[-77.61,63.94],[-77.61,63.93],[-77.6,63.94]]],[[[-72.19,63.66],[-72.18,63.67],[-72.19,63.67],[-72.19,63.66]]],[[[-79.82,57.51],[-79.83,57.51],[-79.82,57.5],[-79.82,57.51]]],[[[-79.64,56.82],[-79.64,56.81],[-79.63,56.81],[-79.64,56.82]]],[[[-78.91,58.77],[-78.9,58.77],[-78.91,58.78],[-78.91,58.77]]],[[[-67.69,66.4],[-67.69,66.41],[-67.7,66.41],[-67.69,66.4]]],[[[-98.03,73.05],[-98.01,73.06],[-98.02,73.06],[-98.03,73.05]]],[[[-73.8,64.24],[-73.85,64.24],[-73.82,64.22],[-73.8,64.24]]],[[[-67.53,66.35],[-67.6,66.34],[-67.49,66.33],[-67.53,66.35]]],[[[-64.16,63.86],[-64.38,63.84],[-64.2,63.76],[-64.16,63.86]]],[[[-67.52,69.61],[-67.76,69.53],[-67.31,69.56],[-67.52,69.61]]],[[[-68.14,68.79],[-68.48,68.8],[-67.68,68.71],[-68.14,68.79]]],[[[-66.2,68.26],[-66.67,68.21],[-66.32,68.15],[-66.2,68.26]]],[[[-83.26,66.36],[-83.06,66.2],[-82.86,66.26],[-83.26,66.36]]],[[[-63.93,67.64],[-64.02,67.49],[-63.73,67.51],[-63.93,67.64]]],[[[-72.73,71.66],[-73.03,71.58],[-72.74,71.54],[-72.73,71.66]]],[[[-95.42,80.7],[-96.1,80.67],[-94.93,80.63],[-95.42,80.7]]],[[[-96.7,72.9],[-96.99,72.77],[-96.71,72.73],[-96.7,72.9]]],[[[-77.57,64.04],[-77.97,63.98],[-77.69,63.92],[-77.57,64.04]]],[[[-95.61,74.65],[-95.84,74.58],[-95.23,74.52],[-95.61,74.65]]],[[[-67.85,69.68],[-68.32,69.59],[-67.93,69.53],[-67.85,69.68]]],[[[-106.02,73.73],[-104.78,73.64],[-105.08,73.75],[-106.02,73.73]]],[[[-65.35,64.75],[-65.67,64.5],[-65.17,64.63],[-65.27,64.73],[-65.4,64.61],[-65.35,64.75]]],[[[-64.35,63.67],[-64.35,63.4],[-64.01,63.28],[-64.35,63.67]]],[[[-64.53,63.91],[-64.77,63.87],[-64.72,63.81],[-64.81,63.87],[-64.91,63.8],[-64.51,63.74],[-64.46,63.66],[-64.53,63.91]]],[[[-73.14,71.57],[-73.39,71.52],[-73.05,71.3],[-72.83,71.44],[-72.99,71.53],[-73.18,71.42],[-73.14,71.57]]],[[[-65.24,61.87],[-64.78,61.75],[-65.1,61.93],[-65.24,61.87]]],[[[-94.47,75.98],[-94.71,75.76],[-94.29,75.76],[-94.47,75.98]]],[[[-79.34,52.1],[-79.62,51.9],[-79.37,51.93],[-79.34,52.1]]],[[[-79.54,56.54],[-80.11,56.2],[-79.66,56.32],[-79.54,56.54]]],[[[-85.78,79.07],[-86.5,78.9],[-85.16,79.02],[-85.78,79.07]]],[[[-100.7,76.76],[-101.7,76.59],[-100.26,76.75],[-100.7,76.76]]],[[[-78.68,56.44],[-78.94,56.1],[-78.67,56.17],[-78.68,56.44]]],[[[-78.88,76.11],[-79.76,75.88],[-79.42,75.8],[-78.89,75.84],[-78.88,76.11]]],[[[-109.22,78.46],[-109.8,78.64],[-109.83,78.3],[-109.22,78.46]]],[[[-87.05,70.15],[-87.38,70.1],[-87.12,70],[-86.45,70.01],[-87.05,70.15]]],[[[-64.37,62.53],[-64.94,62.47],[-64.54,62.37],[-64.37,62.53]]],[[[-96.81,73.19],[-96.88,72.92],[-96.54,73.04],[-96.81,73.19]]],[[[-96.29,75.65],[-96.95,75.52],[-96.82,75.36],[-96.4,75.58],[-96.19,75.46],[-95.9,75.57],[-96.29,75.65]]],[[[-102.45,76.1],[-103.95,75.95],[-103.53,75.9],[-102.45,76.1]]],[[[-78.16,69.76],[-78.86,69.48],[-77.94,69.64],[-78.16,69.76]]],[[[-71.86,71.07],[-72.14,70.82],[-71.43,70.92],[-71.86,71.07]]],[[[-102.14,76],[-103.39,75.77],[-102.57,75.78],[-102.14,76]]],[[[-98.3,72.95],[-97.16,72.8],[-97.83,73.05],[-98.3,72.95]]],[[[-90.02,76.84],[-90.6,76.74],[-90.09,76.48],[-89.68,76.51],[-90.02,76.84]]],[[[-75.25,68.73],[-75.39,68.51],[-74.82,68.33],[-75.25,68.73]]],[[[-84.94,66.93],[-83.83,66.31],[-84.1,66.68],[-84.29,66.68],[-84.42,66.72],[-84.29,66.78],[-84.68,66.84],[-84.48,66.83],[-84.68,66.95],[-84.94,66.93]]],[[[-76.71,69.43],[-77.33,69.42],[-77.22,69.14],[-76.64,69.3],[-76.71,69.43]]],[[[-102.07,77.91],[-102.52,77.79],[-101.81,77.67],[-100.89,77.74],[-102.07,77.91]]],[[[-70.78,62.84],[-71.22,62.89],[-70.73,62.78],[-70.71,62.55],[-70.17,62.58],[-70.78,62.84]]],[[[-76.63,63.4],[-76.6,63.51],[-77.3,63.69],[-77.42,63.6],[-76.96,63.4],[-76.63,63.4]]],[[[-67.99,60.57],[-68.24,60.58],[-68.42,60.21],[-67.97,60.29],[-67.99,60.57]]],[[[-79.33,69.71],[-79.47,69.81],[-80.82,69.7],[-80.02,69.49],[-80.06,69.65],[-79.33,69.71]]],[[[-100.07,80.07],[-100.16,79.9],[-98.83,79.67],[-98.86,80.09],[-100.07,80.07]]],[[[-97.74,74.13],[-99.43,73.91],[-98.77,73.81],[-98.16,73.88],[-97.74,74.13]]],[[[-64.7,61.66],[-65.47,61.61],[-64.84,61.31],[-64.67,61.46],[-64.7,61.66]]],[[[-78.28,69.38],[-79.21,69.1],[-79.24,68.84],[-78.81,68.92],[-78.28,69.38]]],[[[-104.24,76.68],[-104.67,76.56],[-104.03,76.36],[-104.38,76.34],[-103.5,76.32],[-102.99,76.45],[-104.24,76.68]]],[[[-86.63,68.3],[-86.99,68.08],[-86.57,67.73],[-86.35,67.95],[-86.63,68.3]]],[[[-103.09,76.32],[-104.27,76.23],[-104.38,76.09],[-102.66,76.12],[-103.09,76.32]]],[[[-104.21,75.45],[-104.91,75.13],[-104.21,75.02],[-103.59,75.17],[-104.21,75.45]]],[[[-77.95,63.47],[-78.53,63.43],[-77.95,63.09],[-77.49,63.24],[-77.95,63.47]]],[[[-105.95,77.77],[-105.44,77.22],[-104.79,77.11],[-104.44,77.32],[-105.95,77.77]]],[[[-90.88,77.66],[-91.22,77.39],[-89.9,77.23],[-89.74,77.47],[-90.88,77.66]]],[[[-74.33,68.18],[-74.71,68.08],[-74.57,67.81],[-73.43,67.76],[-73.51,68.05],[-74.25,68.06],[-74.33,68.18]]],[[[-79.25,56.63],[-79.41,56.21],[-79.64,56.09],[-79.45,56.56],[-80.02,55.89],[-79.82,55.92],[-79.86,55.83],[-79.51,56.13],[-79.78,55.78],[-79.13,56.24],[-79.28,55.85],[-78.94,56.39],[-79.21,55.86],[-78.88,56.31],[-78.92,56.43],[-79.26,56.55],[-79.25,56.63]]],[[[-93.92,77.74],[-95.45,77.81],[-96.33,77.6],[-95.83,77.46],[-93.56,77.45],[-93.09,77.66],[-93.92,77.74]]],[[[-81.11,53.18],[-81.82,53.18],[-82.05,53.01],[-80.71,52.67],[-80.76,52.93],[-81.11,53.18]]],[[[-79.6,62.42],[-79.96,62.36],[-80.27,62],[-79.85,61.58],[-79.3,62.02],[-79.26,62.24],[-79.6,62.42]]],[[[-98.13,78.82],[-98.4,78.48],[-97.95,78.22],[-96.85,78.11],[-97.8,78.04],[-96.85,77.79],[-96.56,77.91],[-95.11,77.95],[-95.44,78.23],[-94.83,78.36],[-98.13,78.82]]],[[[-94.89,75.64],[-96.14,75.41],[-95.77,75.37],[-96.63,74.99],[-96.23,74.91],[-96.08,75.03],[-95.9,74.83],[-95.08,74.68],[-93.72,74.64],[-93.5,75.28],[-94.89,75.64]]],[[[-98.43,72.97],[-97.82,73.29],[-97.17,73.36],[-97.71,73.54],[-96.96,73.64],[-97.19,73.86],[-97.76,73.92],[-99.17,73.69],[-99.76,73.94],[-100.31,73.87],[-99.82,73.87],[-100.03,73.77],[-100.98,73.82],[-100.42,73.41],[-100.91,73.61],[-101.62,73.5],[-100.78,73.28],[-100.34,73.4],[-99.76,73.22],[-100.47,73.24],[-98.43,72.97]]],[[[-75.76,68.34],[-76.75,68.22],[-77.27,67.76],[-77,67.24],[-75.89,67.25],[-75.17,67.44],[-75.02,68.17],[-75.76,68.34]]],[[[-78.1,73.66],[-80.84,73.75],[-80.76,73.28],[-80.13,73.22],[-79.58,72.76],[-78.2,72.9],[-76.05,72.87],[-76.71,73.33],[-78.1,73.66]]],[[[-105.41,79.33],[-105.61,79.03],[-104.68,79.02],[-105,78.8],[-104.11,78.98],[-104.21,78.78],[-103.3,78.73],[-104.02,78.63],[-103.39,78.62],[-103.48,78.5],[-105.02,78.5],[-104.43,78.27],[-102.78,78.4],[-102.61,78.24],[-101.01,78.2],[-100.59,77.87],[-99.17,77.84],[-98.92,78.06],[-99.88,78.44],[-99.48,78.59],[-100.36,78.84],[-101.21,78.8],[-100.96,78.94],[-101.85,79.09],[-102.57,78.87],[-102.86,79.23],[-103.72,79.36],[-105.41,79.33]]],[[[-99.39,75],[-97.97,75.03],[-98.06,75.23],[-97.56,75.16],[-98.17,75.33],[-97.98,75.56],[-97.26,75.4],[-97.37,75.69],[-97.94,75.74],[-97.55,75.87],[-97.67,76.49],[-98.75,76.69],[-99.06,76.39],[-99.65,76.63],[-100.99,76.5],[-100.06,76.4],[-99.83,76.28],[-100.5,76.26],[-99.41,76.16],[-100.24,76.13],[-99.88,75.94],[-99.42,75.96],[-100.2,75.91],[-101.28,76.41],[-101.9,76.45],[-102.17,76.24],[-101.35,76.25],[-101.92,76.1],[-101.27,76.01],[-101.36,75.78],[-100.91,75.81],[-101.29,75.75],[-101.84,75.91],[-102.34,75.84],[-102.03,75.7],[-102.87,75.63],[-102.61,75.5],[-101.48,75.61],[-99.783,75.668],[-99.86,75.62],[-99.63,75.61],[-100.3,75.52],[-99.66,75.51],[-100.78,75.35],[-99.93,75.23],[-100.54,75.19],[-100.36,75.03],[-99.4,74.99],[-99.28,75.13],[-99.39,75]]],[[[-93.87,72.26],[-93.45,72.47],[-93.76,72.75],[-94.31,72.76],[-92.11,72.74],[-91.34,73.21],[-91.67,73.23],[-91.26,73.26],[-90.16,73.9],[-91.53,74.03],[-92.32,73.95],[-92.6,74.12],[-93.49,74.18],[-95.3,73.99],[-94.6,73.65],[-95.66,73.73],[-95.6,72.7],[-95.13,72.47],[-93.87,72.26]]],[[[-93.52,81.38],[-94.37,81.27],[-93.08,81.09],[-94.28,81.11],[-94.39,80.95],[-94.88,81.06],[-95.49,80.81],[-93.82,80.7],[-94.61,80.68],[-93.75,80.52],[-95.96,80.58],[-95.22,80.38],[-96.63,80.33],[-95.91,80.19],[-95.2,80.25],[-95.33,80.12],[-94.43,80.24],[-93.95,80.17],[-94.78,80.09],[-94.32,79.98],[-96.68,80.15],[-95.9,79.65],[-94.02,79.77],[-95.75,79.41],[-95.12,79.28],[-93.83,79.4],[-94.01,79.26],[-93.1,79.49],[-91.11,79.36],[-92.51,79.31],[-92.26,79.21],[-90.34,79.25],[-93.36,79.17],[-94.3,78.98],[-93.02,78.76],[-93.82,78.77],[-93.3,78.58],[-91.89,78.57],[-92.98,78.48],[-92.03,78.2],[-90.34,78.14],[-90.76,78.33],[-90.25,78.34],[-89.46,78.15],[-89.97,78.62],[-88.83,78.15],[-88.8,78.61],[-88.19,78.45],[-87.88,78.56],[-88.38,78.66],[-88.16,79],[-87.72,79.09],[-87.61,78.64],[-86.99,79.06],[-86.7,78.96],[-84.88,79.27],[-85.7,79.62],[-86.04,79.44],[-86.35,79.65],[-87.43,79.53],[-86.94,79.92],[-87.48,79.83],[-87.25,80.08],[-87.9,80.06],[-88.25,80.15],[-87.56,80.17],[-87.6,80.41],[-88.6,80.39],[-88.67,80.28],[-88.09,80.09],[-88.76,80.12],[-89.07,80.49],[-90.72,80.54],[-91.8,81.16],[-93.52,81.38]]],[[[-95.69,77.07],[-96.86,76.97],[-96.3,76.76],[-96.89,76.82],[-96.97,76.73],[-96.05,76.56],[-95.6,76.61],[-96.13,76.51],[-95.83,76.39],[-94.8,76.31],[-95.4,76.23],[-93.09,76.36],[-92.11,75.86],[-92.51,75.22],[-91.82,75.12],[-92.26,75.07],[-91.59,74.65],[-91.11,74.63],[-91.23,74.73],[-90.74,74.89],[-91.03,74.71],[-89.58,74.54],[-89.1,74.84],[-88.83,74.67],[-88.56,74.91],[-88.56,74.5],[-86.61,74.47],[-86.79,74.62],[-86.46,74.48],[-86.19,74.61],[-86.13,74.48],[-85.59,74.5],[-85.56,74.69],[-85.25,74.49],[-85.01,74.7],[-84.91,74.5],[-83.59,74.54],[-83.32,74.76],[-83.94,74.92],[-83.12,74.83],[-82.8,74.53],[-82.46,74.6],[-81.76,74.47],[-80.21,74.6],[-80.5,74.9],[-79.96,74.81],[-79.34,74.89],[-79.58,75.02],[-80.32,74.93],[-80.42,75.03],[-79.5,75.23],[-79.57,75.46],[-80.41,75.46],[-79.93,75.54],[-82.35,75.84],[-83.25,75.73],[-83.99,75.82],[-84.5,75.63],[-86.16,75.51],[-85.55,75.4],[-86.6,75.36],[-86.35,75.42],[-87.31,75.62],[-87.55,75.45],[-87.73,75.58],[-88.25,75.47],[-88.76,75.68],[-88.93,75.43],[-89.21,75.59],[-89.72,75.56],[-89.16,75.77],[-89.79,75.79],[-89.94,76.01],[-90.55,75.9],[-90.8,76],[-91.2,75.82],[-91.16,76.02],[-90.19,76.06],[-91.63,76.26],[-90.1,76.13],[-90.47,76.18],[-89.64,76.17],[-89.29,76.3],[-91.61,76.49],[-90.47,76.47],[-91.44,76.69],[-93.12,76.62],[-93.55,76.39],[-93.18,76.75],[-93.72,76.92],[-95.69,77.07]]],[[[-82.01,66.91],[-81.46,66.99],[-81.19,67.45],[-82.08,67.91],[-81.98,68.22],[-82.25,68.12],[-82.49,68.31],[-82,68.34],[-82.64,68.43],[-82.17,68.48],[-82.32,68.58],[-82.59,68.54],[-83,68.65],[-82.7,68.59],[-82.86,68.75],[-82.19,68.74],[-82.31,68.92],[-81.95,68.83],[-81.95,68.64],[-82.3,68.57],[-81.94,68.41],[-81.35,68.59],[-81.32,68.86],[-82.04,68.88],[-81.24,69.09],[-81.31,69.19],[-82.25,69.24],[-82.2,69.39],[-83.26,69.55],[-82.44,69.49],[-82.76,69.57],[-82.25,69.64],[-84.88,69.86],[-85,69.76],[-85.38,69.85],[-85.58,69.83],[-85.16,69.79],[-85.5,69.76],[-85.53,69.65],[-85.31,69.16],[-84.5,69.01],[-84.97,69.01],[-84.73,68.91],[-85.13,68.96],[-84.89,68.89],[-85.19,68.86],[-84.63,68.73],[-85.61,68.74],[-85.87,68.04],[-86.51,67.69],[-86.51,67.33],[-86.59,67.41],[-87.07,67.35],[-86.84,67.16],[-87.06,67.26],[-87.25,67.1],[-87.35,67.23],[-87.5,67.1],[-87.33,67.26],[-88.41,67.99],[-88.37,68.29],[-88.17,68.38],[-87.92,68.2],[-87.79,68.31],[-87.93,68.73],[-89.01,69.25],[-88.99,67],[-85.028,66.982],[-84.6,66.98],[-85.18,67.1],[-84.32,66.96],[-84.57,66.98],[-84.17,66.83],[-84.48,66.85],[-84.22,66.78],[-84.22,66.71],[-83.89,66.8],[-83.92,66.93],[-83.84,66.68],[-84,66.7],[-83.98,66.62],[-83.52,66.34],[-82.11,66.71],[-82.01,66.9],[-82.35,66.91],[-82.01,66.91]]],[[[-69.63,83.08],[-71.06,83.09],[-70.91,82.87],[-71.58,83.1],[-72.99,83.06],[-73.63,82.94],[-72.57,82.59],[-74.41,83.03],[-77.5,83.04],[-75.41,82.61],[-76.17,82.5],[-77.82,82.93],[-78.07,82.81],[-79.06,82.95],[-80.35,82.87],[-78.48,82.68],[-79.87,82.65],[-81.42,82.82],[-80.25,82.47],[-82.14,82.67],[-81.44,82.5],[-82.68,82.39],[-79.44,81.88],[-82.96,82.29],[-81.4,81.97],[-83.07,82.05],[-83.66,82.35],[-85.22,82.48],[-85.31,82.28],[-86.85,82.2],[-84.8,82.02],[-84.51,81.88],[-85.16,82],[-85.71,81.98],[-85.39,81.85],[-86.26,82.05],[-86.79,81.89],[-88.01,82.1],[-88.92,81.8],[-89.24,81.94],[-89.23,81.78],[-89.62,81.91],[-90.57,81.88],[-91.91,81.63],[-91.39,81.51],[-90.69,81.68],[-89.49,81.62],[-90.82,81.44],[-90.37,81.36],[-88.16,81.58],[-87.21,81.49],[-88.78,81.5],[-89.93,81.33],[-88.88,81.24],[-90.28,81.17],[-89.71,81.01],[-84.66,81.28],[-85.76,81.07],[-89.42,80.9],[-87.49,80.62],[-85.67,81.05],[-82.33,81.18],[-85.68,80.96],[-86.71,80.6],[-86.03,80.53],[-85.54,80.62],[-85.8,80.54],[-83.79,80.54],[-83.22,80.84],[-83.32,80.68],[-81.74,80.82],[-83.08,80.54],[-80.94,80.66],[-79.47,80.85],[-79.48,81.19],[-78.61,81.12],[-76.86,81.45],[-78.97,80.88],[-75.12,81],[-79.99,80.61],[-78.02,80.56],[-83.2,80.33],[-81.4,79.94],[-81.52,79.72],[-79.71,79.71],[-80.59,79.56],[-81.72,79.59],[-83.77,80.25],[-86.49,80.3],[-86.49,80.02],[-85.23,79.93],[-86.39,79.97],[-86.45,79.78],[-85.14,79.65],[-84.32,79.19],[-83.34,79.06],[-84.5,79.15],[-84.7,79.02],[-82.54,78.89],[-81.48,79.06],[-81.69,78.84],[-83.27,78.83],[-82.19,78.73],[-82.36,78.57],[-85.07,78.92],[-86.85,78.74],[-87.53,78.14],[-86.7,78.12],[-85.82,78.39],[-86.28,78.08],[-85.45,78.1],[-84.59,78.6],[-84.97,78.22],[-84.03,78.18],[-84.98,78.18],[-84.8,78.05],[-84.28,78.08],[-85.69,77.93],[-84.3,77.9],[-85.41,77.84],[-84.93,77.85],[-84.94,77.6],[-84.42,77.75],[-84.79,77.52],[-83.69,77.53],[-82.3,78.07],[-83.84,77.46],[-83.47,77.35],[-84.61,77.39],[-84.45,77.29],[-85.81,77.42],[-86.42,77.84],[-88.23,77.85],[-87.73,77.36],[-86.79,77.36],[-87.23,77.21],[-86.6,77.19],[-88.55,77.1],[-89.53,76.85],[-89.23,76.43],[-88.68,76.6],[-88.6,76.4],[-88.47,76.83],[-88.43,76.41],[-87.7,76.34],[-87.55,76.63],[-86.72,76.34],[-86.29,76.52],[-86.62,76.65],[-86.21,76.53],[-86.38,76.39],[-84.93,76.28],[-84.38,76.32],[-85.23,76.64],[-84.63,76.43],[-84.14,76.48],[-84.29,76.66],[-83.16,76.42],[-83.39,76.76],[-82.78,76.38],[-82.14,76.44],[-82.74,76.83],[-82.24,76.63],[-81.76,76.69],[-82.09,76.52],[-81.23,76.56],[-80.75,76.42],[-81.05,76.13],[-79.33,76.31],[-78.85,76.58],[-78.39,76.46],[-77.8,76.65],[-78.09,77.02],[-78.74,76.81],[-78.87,76.94],[-79.42,76.92],[-79.28,77.22],[-80.35,77.07],[-80.06,77.2],[-81.1,77.29],[-81.85,77.16],[-82.21,77.3],[-81.15,77.33],[-81.96,77.69],[-80.75,77.33],[-78.72,77.31],[-77.74,77.6],[-78.48,77.97],[-75.87,77.96],[-75.57,78.12],[-76.95,78.22],[-75.63,78.2],[-75,78.33],[-76.62,78.53],[-74.57,78.59],[-74.71,78.82],[-76.44,78.85],[-75.71,78.97],[-76.68,79.03],[-77.63,78.98],[-78.17,78.76],[-77.66,79.02],[-78.88,79.06],[-76.05,79.1],[-78.25,79.17],[-77.84,79.21],[-74.39,79.05],[-74.5,79.23],[-77.59,79.24],[-78.05,79.35],[-77.15,79.32],[-77.11,79.46],[-75.86,79.35],[-77.08,79.55],[-75.09,79.37],[-74.96,79.51],[-74.18,79.43],[-73.99,79.55],[-73.09,79.55],[-73.3,79.77],[-74.88,79.84],[-74.3,79.89],[-72.88,79.82],[-72.68,79.67],[-71.46,79.72],[-70.45,80.09],[-72.33,80.06],[-71.83,80.11],[-72.4,80.21],[-71.62,80.1],[-70.11,80.19],[-70.82,80.55],[-70.21,80.34],[-69.54,80.36],[-64.42,81.49],[-69.98,81.08],[-69.58,81.18],[-70.19,81.17],[-66.6,81.52],[-68.57,81.51],[-69.75,81.75],[-68.26,81.56],[-65.81,81.63],[-65.3,81.76],[-64.4,81.71],[-61.21,82.22],[-61.53,82.47],[-63.41,82.43],[-63.56,82.83],[-64.42,82.75],[-64.83,82.91],[-65.13,82.75],[-65.73,82.85],[-68.73,82.63],[-66.32,82.93],[-68.84,82.93],[-69.63,83.08]]],[[[-67.12,69.74],[-67.6,70.18],[-68.16,70.32],[-68.22,70.1],[-69.4,69.78],[-69.75,69.81],[-70.01,69.62],[-69.79,69.84],[-69.45,69.82],[-68.64,70.16],[-69.64,70.15],[-69.79,69.96],[-70.45,69.86],[-69.82,69.98],[-70.19,70.03],[-68.29,70.52],[-68.99,70.7],[-70.67,70.25],[-69,70.7],[-69.46,70.79],[-70.63,70.46],[-69.89,70.88],[-71.01,70.63],[-71.55,70.03],[-71.17,70.55],[-71.51,70.58],[-71.74,70.31],[-71.98,70.42],[-71.61,70.62],[-71.19,70.59],[-70.78,70.75],[-70.61,71.06],[-70.82,71.12],[-71.18,70.86],[-72.63,70.63],[-72.19,70.84],[-72.79,70.82],[-72.08,71.08],[-71.49,71.07],[-71.15,71.26],[-71.55,71.5],[-72.54,71.66],[-73.36,70.97],[-73.04,71.28],[-73.42,71.35],[-73.86,71.05],[-73.39,71.39],[-73.66,71.6],[-74.23,71.2],[-74.02,71.44],[-74.31,71.41],[-73.61,71.78],[-73.97,71.76],[-74.11,71.53],[-74.1,71.74],[-74.5,71.66],[-75.05,71.18],[-74.78,71.68],[-75.37,71.51],[-74.91,71.67],[-75.41,71.67],[-74.24,71.82],[-74.24,72.08],[-75,72.13],[-75.79,71.73],[-76.09,71.7],[-75.21,72.08],[-75.76,72.11],[-76.4,71.86],[-76.05,72.07],[-74.92,72.25],[-75.16,72.5],[-75.97,72.59],[-76.13,72.46],[-76.75,72.73],[-77.59,72.76],[-78.55,72.44],[-77.01,72.13],[-77.59,72.19],[-77.65,72.1],[-78.42,72.33],[-78.42,72.17],[-78.6,72.37],[-78.88,72.23],[-77.74,71.75],[-78.86,72.18],[-78.5,71.87],[-79.19,71.96],[-78.94,72.28],[-79.34,72.41],[-79.43,72.19],[-79.77,72.23],[-79.79,72.51],[-80.17,72.33],[-79.66,72.14],[-80.22,72.31],[-80.33,72.07],[-80.96,71.89],[-81.02,72.1],[-80.53,72.07],[-80.99,72.2],[-80.5,72.51],[-81.38,72.24],[-80.22,72.73],[-80.51,73.09],[-81.19,73.26],[-81.6,73.73],[-82.85,73.74],[-84.01,73.51],[-83.58,73.3],[-84.16,73.48],[-84.63,73.4],[-84.31,73.23],[-84.77,73.39],[-85.13,73.31],[-83.61,72.99],[-85.48,73.1],[-83.93,72.76],[-85.32,72.98],[-85.7,72.91],[-85.51,72.46],[-84.42,72.39],[-84.95,72.29],[-84.14,72.01],[-85.23,72.27],[-85.51,72.06],[-86.04,72.02],[-84.85,71.63],[-84.57,71.68],[-84.65,71.58],[-84.81,71.18],[-84.76,70.93],[-85.06,71.2],[-86.82,70.99],[-85.42,71.25],[-84.93,71.34],[-86.12,71.79],[-86.23,72.42],[-86.75,72.71],[-85.93,73.36],[-84.83,73.74],[-86.56,73.86],[-88.85,73.34],[-88.59,73.28],[-89.18,73.16],[-89.23,72.79],[-89.56,72.8],[-89.96,72.35],[-89.56,72.16],[-90.11,71.93],[-89.77,71.77],[-89.86,71.35],[-87.84,71.27],[-86.99,71],[-88.05,70.94],[-89.52,71.09],[-88.85,70.53],[-87.92,70.25],[-86.98,70.29],[-87.25,70.39],[-86.99,70.47],[-86.65,70.32],[-86.39,70.53],[-86.56,70.24],[-85.82,70.01],[-84.79,70.12],[-84.65,70.01],[-83.07,70.02],[-82.3,69.8],[-81.76,69.87],[-83.28,70.38],[-82.27,70.14],[-82.1,70.22],[-82.23,70.14],[-80.92,69.72],[-81.76,70.14],[-79.94,70.03],[-79.68,69.86],[-78.79,69.89],[-78.92,70.31],[-79.59,70.41],[-79.39,70.67],[-79.16,70.42],[-79,70.71],[-78.71,70.55],[-79.03,70.45],[-78.55,70.45],[-78.57,70.32],[-78.38,70.39],[-78.37,70.21],[-77.67,70.2],[-77.68,69.82],[-77.62,69.75],[-77.44,69.81],[-77.63,69.83],[-76.98,69.96],[-77.31,69.84],[-76.69,69.84],[-77.19,69.65],[-76.72,69.56],[-76.57,69.7],[-76.19,69.67],[-76.22,69.53],[-76.46,69.66],[-76.65,69.56],[-75.59,69.24],[-75.6,69.07],[-76.65,69.01],[-76.61,68.68],[-75.58,68.89],[-75.59,69.02],[-75.12,68.89],[-74.78,69.24],[-73.96,69.35],[-75.05,68.95],[-74.63,68.93],[-74.97,68.82],[-74.6,68.81],[-74.23,68.52],[-73.89,68.56],[-74.2,68.73],[-73.78,68.63],[-73.77,68.32],[-73,68.24],[-72.18,67.27],[-72.82,67.02],[-73.02,66.72],[-74.46,66.16],[-73.45,65.45],[-74.14,65.54],[-74.54,65.33],[-74.74,65.44],[-75.25,65.25],[-77.37,65.47],[-77.27,65.36],[-77.47,65.38],[-77.31,65.18],[-78.14,64.96],[-78.29,64.7],[-78.03,64.43],[-76.66,64.19],[-76.73,64.29],[-75.61,64.44],[-75.77,64.56],[-74.52,64.42],[-74.5,64.47],[-75.07,64.88],[-74.73,64.76],[-74.55,64.89],[-74.68,64.72],[-74.38,64.57],[-74.48,64.71],[-74.22,64.57],[-74.03,64.73],[-74.12,64.33],[-73.76,64.47],[-73.93,64.61],[-73.39,64.57],[-73.69,64.55],[-73.54,64.32],[-73.52,64.5],[-73.17,64.63],[-73.48,64.4],[-72.86,64.17],[-72.89,64.03],[-72.57,64.02],[-72.56,63.78],[-72.33,63.77],[-72.22,63.96],[-72.17,63.87],[-72.35,63.75],[-72.18,63.67],[-72.18,63.77],[-71.89,63.64],[-71.91,63.87],[-71.56,63.65],[-71.2,63.6],[-71.34,63.5],[-71.6,63.41],[-72.12,63.44],[-71.71,63.41],[-71.4,63.05],[-71.2,63],[-70.87,63.16],[-71.12,62.99],[-70.82,63.06],[-71,62.95],[-70.16,62.74],[-69.88,62.92],[-69.94,62.78],[-69.66,62.74],[-69.38,62.76],[-69.59,62.65],[-69.34,62.52],[-69.23,62.64],[-68.97,62.36],[-68.83,62.5],[-68.8,62.34],[-68.12,62.21],[-67.78,62.18],[-65.95,61.88],[-66.21,62.09],[-66.01,62.05],[-65.89,62.21],[-66.52,62.34],[-66.34,62.44],[-67.05,62.68],[-67.36,62.96],[-67.65,62.93],[-67.5,63.03],[-67.76,62.95],[-67.61,63.09],[-67.97,63.04],[-67.86,63.13],[-68.98,63.76],[-68.24,63.7],[-67.62,63.4],[-67.9,63.78],[-67.14,63.27],[-66.92,63.4],[-67.01,63.25],[-66.8,63.15],[-66.79,63.29],[-66.53,63],[-66.5,63.41],[-66.46,63.05],[-66.06,62.94],[-66.24,63.22],[-65.75,62.88],[-65.69,63.05],[-65.54,62.8],[-65.3,62.94],[-65.12,62.56],[-64.94,62.72],[-65.27,63.03],[-64.85,62.87],[-64.7,62.9],[-64.6,62.92],[-64.96,63.1],[-64.76,63.13],[-65.08,63.16],[-65.06,63.32],[-64.88,63.23],[-65.15,63.4],[-65.01,63.42],[-65.12,63.58],[-64.96,63.6],[-65.29,63.8],[-64.85,63.55],[-64.7,63.28],[-64.5,63.24],[-64.68,63.69],[-64.52,63.6],[-64.5,63.68],[-64.97,63.81],[-64.98,63.86],[-64.61,63.97],[-65.22,64.02],[-65.01,64.05],[-65.41,64.14],[-65.3,64.24],[-65.67,64.3],[-65.2,64.29],[-65.06,64.48],[-65.7,64.47],[-65.53,64.72],[-65.77,64.87],[-65.79,64.63],[-66.01,64.86],[-66.32,64.63],[-66.12,64.87],[-66.67,65.04],[-66.73,64.72],[-66.75,65.18],[-67.13,65.05],[-66.92,65.24],[-67.26,65.17],[-67.11,65.32],[-67.55,65.35],[-67.07,65.39],[-67.51,65.55],[-67.26,65.65],[-68,65.49],[-67.81,65.76],[-68.27,65.74],[-68.17,65.95],[-68.37,66.07],[-68.11,65.96],[-68.01,66.08],[-68.97,66.19],[-68.51,66.3],[-68,66.08],[-67.93,65.91],[-67.73,65.89],[-67.73,66.11],[-67.66,65.9],[-67.17,65.91],[-67.27,66.1],[-67.81,66.21],[-67.99,66.51],[-67.24,66.27],[-67.44,66.45],[-67.23,66.4],[-67.36,66.55],[-67.95,66.63],[-67.3,66.64],[-67.16,66.49],[-66.86,66.57],[-67.17,66.67],[-66.73,66.6],[-66.77,66.38],[-66.43,66.42],[-66.45,66.28],[-66.25,66.24],[-65.97,66.11],[-65.47,66.39],[-65.87,65.94],[-64.83,66.1],[-64.85,66.2],[-64.36,66.36],[-64.77,66.18],[-64.67,65.96],[-65.36,65.91],[-65.46,65.68],[-64.78,65.72],[-65.29,65.64],[-65,65.55],[-64.71,65.65],[-65.16,65.43],[-64.4,65.48],[-64.91,65.34],[-64.68,65.34],[-64.91,65.3],[-64.56,65.08],[-64.21,65.45],[-64.37,65.18],[-64.12,65.26],[-64.11,65.04],[-63.81,65.25],[-63.85,64.98],[-63.54,64.89],[-63.32,65.21],[-63.75,65.48],[-63.29,65.42],[-63.7,65.57],[-63.33,65.59],[-63.74,65.67],[-63.35,65.66],[-63.52,65.93],[-63.24,65.63],[-62.95,65.57],[-62.91,65.75],[-62.67,65.58],[-62.85,65.91],[-62.28,65.8],[-63.05,66.12],[-62.32,65.97],[-61.94,66.01],[-62.15,66.03],[-62.1,66.14],[-62.71,66.19],[-62.88,66.33],[-62.69,66.21],[-62.32,66.3],[-62.6,66.45],[-62.17,66.31],[-61.54,66.33],[-61.99,66.4],[-61.56,66.46],[-61.8,66.61],[-62.18,66.62],[-61.98,66.69],[-61.53,66.53],[-61.26,66.62],[-61.79,66.81],[-61.62,66.87],[-62,66.85],[-61.83,66.97],[-62.13,66.92],[-62.02,67.05],[-62.42,66.93],[-62.33,66.72],[-62.76,66.93],[-62.73,66.77],[-62.96,66.61],[-62.81,66.81],[-62.83,66.96],[-63.33,66.9],[-63.38,66.71],[-63.43,66.91],[-63.83,66.82],[-63.23,66.96],[-63.08,67.33],[-63.8,66.9],[-63.45,67.23],[-64.55,67.13],[-64.71,67.01],[-64.62,67.14],[-63.95,67.27],[-64.79,67.19],[-64.23,67.3],[-64.8,67.37],[-63.95,67.35],[-64.46,67.47],[-64.07,67.57],[-64.29,67.72],[-64.65,67.65],[-64.52,67.81],[-65.23,67.64],[-65.09,67.92],[-64.73,67.98],[-65.08,68.04],[-65.43,67.92],[-65.35,67.59],[-65.63,67.79],[-65.46,67.99],[-65.8,67.97],[-66.06,67.59],[-65.94,68.03],[-66.37,67.77],[-66.73,67.87],[-66.39,67.87],[-66.31,68.13],[-66.62,68.14],[-66.74,67.93],[-66.68,68.14],[-67.05,68],[-66.76,68.24],[-67.6,68.17],[-67.01,68.33],[-67.88,68.27],[-66.67,68.45],[-67.57,68.49],[-67.62,68.38],[-67.69,68.57],[-67.97,68.4],[-67.94,68.56],[-68.91,68.61],[-68.07,68.68],[-69.41,68.82],[-67.77,68.79],[-68.52,68.9],[-67.97,68.86],[-68.57,68.97],[-67.72,69.02],[-68.21,69.15],[-69.02,68.98],[-69.09,69.11],[-68.51,69.21],[-68.98,69.23],[-68.08,69.22],[-68.93,69.34],[-69.27,69.27],[-69.05,69.36],[-67.2,69.15],[-66.77,69.14],[-66.68,69.27],[-67.23,69.47],[-68,69.47],[-68.6,69.59],[-70.06,69.54],[-68.32,69.63],[-67.91,69.78],[-67.12,69.74]]],[[[-66.45,66.28],[-66.54,66.24],[-66.35,66.22],[-66.45,66.28]]]]}},{"type":"Feature","id":"6205","properties":{"id":"6205","name":"Kivalliq","regionAbbrev":"NU","pruid":"62","cdtype":"REG"},"geometry":{"type":"MultiPolygon","coordinates":[[[[-89.53,64.05],[-89.54,64.07],[-89.54,64.068],[-89.55,64.1],[-89.14,63.95],[-89.22,64.11],[-88.76,63.98],[-88.41,64.08],[-88.64,64.12],[-88.11,64.15],[-86.92,65.14],[-87.55,65.29],[-89.04,65.32],[-89.68,65.72],[-90.47,65.88],[-89.69,65.86],[-90,65.94],[-89.71,65.93],[-89.84,66],[-88.39,65.63],[-88.84,65.65],[-88.02,65.34],[-87.35,65.32],[-85.86,66.16],[-86.63,66.32],[-86.77,66.54],[-85.79,66.5],[-85.43,66.6],[-85.17,66.25],[-85.11,66.34],[-84.33,66.15],[-84.47,66.41],[-84.36,66.28],[-83.66,66.2],[-84.88,66.89],[-84.95,66.76],[-85.23,66.78],[-85.03,66.83],[-85.2,66.87],[-84.99,66.96],[-85.028,66.982],[-88.99,67],[-92.01,67],[-104.99,67],[-105.02,64.48],[-102,64.19],[-102,62.56],[-102,60],[-94.83,60],[-94.82,60],[-94.38,60.8],[-94.42,60.81],[-93.98,61.1],[-94.1,61.31],[-93.8,61.34],[-93.99,61.38],[-93.83,61.55],[-93.28,61.72],[-93.86,61.83],[-93.25,61.76],[-93.61,61.88],[-93.28,61.89],[-93.45,62.05],[-93.1,61.98],[-92.96,62.1],[-93.27,62.18],[-93.03,62.16],[-93.21,62.21],[-92.74,62.22],[-93.64,62.41],[-93.35,62.42],[-93.46,62.5],[-92.54,62.2],[-92.74,62.48],[-92.59,62.39],[-92.07,62.38],[-92.54,62.45],[-92.72,62.68],[-92.45,62.53],[-91.95,62.52],[-91.83,62.61],[-92.41,62.83],[-92.06,62.8],[-92.21,62.92],[-91.35,62.79],[-90.62,63.08],[-90.67,63.36],[-91.63,63.59],[-91.73,63.71],[-92.39,63.54],[-92.61,63.54],[-92.12,63.64],[-93.37,63.97],[-93.24,63.82],[-93.63,63.85],[-93.54,64.02],[-93.9,64.25],[-93.45,64],[-92.14,63.73],[-91.71,63.74],[-91.5,63.94],[-91.68,63.72],[-91.41,63.72],[-90.93,63.53],[-90.71,63.58],[-90.6,63.68],[-90.56,63.66],[-90.25,63.6],[-89.96,63.8],[-90.3,64.01],[-89.84,63.91],[-89.83,64.02],[-89.91,64.1],[-90.1,64.14],[-89.78,64.19],[-89.72,64.03],[-89.51,63.97],[-89.532,64.042],[-89.53,64.04],[-89.53,64.05]]],[[[-89.34,63.98],[-89.34,63.97],[-89.33,63.97],[-89.33,63.98],[-89.34,63.98]]],[[[-89.92,64.12],[-89.92,64.125],[-89.91,64.12],[-89.92,64.13],[-89.93,64.13],[-89.92,64.12]]],[[[-89.95,63.91],[-89.95,63.9],[-89.94,63.9],[-89.95,63.91]]],[[[-89.77,64.07],[-89.78,64.08],[-89.78,64.07],[-89.77,64.06],[-89.77,64.07]]],[[[-89.34,64.02],[-89.35,64.01],[-89.34,64.01],[-89.34,64.02]]],[[[-85.08,66.03],[-85.1,65.75],[-84.73,65.54],[-84.69,65.83],[-85.08,66.03]]],[[[-84.39,66.14],[-84.13,65.76],[-83.26,65.63],[-84.39,66.14]]],[[[-82.18,62.99],[-83.55,62.83],[-83.96,62.43],[-83.73,62.14],[-83.37,62.26],[-83.07,62.19],[-81.96,62.71],[-81.87,62.92],[-82.18,62.99]]],[[[-85.5,65.92],[-86.14,65.42],[-86.39,64.55],[-86.18,64.08],[-86.9,63.91],[-87.2,63.6],[-85.69,63.72],[-85.61,63.18],[-85.21,63.11],[-84.58,63.29],[-84.29,63.62],[-83.61,63.76],[-83.66,64.02],[-83.09,64.18],[-83.14,63.97],[-82.35,63.89],[-82.46,63.67],[-81.05,63.45],[-80.15,63.77],[-80.67,63.88],[-80.54,63.98],[-80.92,64.12],[-80.93,63.97],[-81.39,64.09],[-82,63.98],[-81.59,64.13],[-81.82,64.54],[-83.19,64.93],[-83.4,65.14],[-84.11,65.2],[-84.51,65.48],[-84.9,65.21],[-85.28,65.54],[-85.03,65.63],[-85.5,65.92]]]]}},{"type":"Feature","id":"6208","properties":{"id":"6208","name":"Kitikmeot","regionAbbrev":"NU","pruid":"62","cdtype":"REG"},"geometry":{"type":"MultiPolygon","coordinates":[[[[-109.84,72.71],[-109.84,72.67],[-109.84,72.54],[-109.85,72.46],[-109.85,72.44],[-109.86,70],[-112.51,70],[-112.52,69.85],[-112.82,69.85],[-112.83,70],[-117.02,70],[-116.47,69.7],[-116.99,69.69],[-117,69.69],[-115.94,69.3],[-113.28,69.18],[-113.71,69.17],[-113.67,68.82],[-113.01,68.51],[-113.2,68.46],[-109.03,68.73],[-108.54,68.94],[-107.36,69.01],[-106.59,69.5],[-106.24,69.4],[-106.38,69.18],[-104.88,69.09],[-105.12,68.9],[-104.53,68.86],[-104.35,68.97],[-102.91,68.8],[-101.79,69],[-101.71,69.16],[-101.9,69.28],[-102.22,69.22],[-101.91,69.41],[-102.29,69.52],[-103.18,69.1],[-103,69.5],[-103.13,69.42],[-103.6,69.72],[-102.53,69.55],[-102.68,69.8],[-102.33,69.76],[-102.24,69.92],[-101.66,69.65],[-101.42,69.94],[-101.31,69.68],[-100.91,69.7],[-100.8,69.98],[-101.08,70.22],[-101.51,70.11],[-101.66,70.31],[-101.88,70.25],[-104.17,70.75],[-104.06,70.9],[-104.64,71.14],[-104.3,71.6],[-104.75,71.85],[-104.82,71.9],[-105.55,72.87],[-105.29,72.81],[-105.66,72.95],[-105.56,72.89],[-105.74,72.83],[-105.62,72.9],[-105.77,73.03],[-105.71,72.94],[-106.76,73.3],[-106.89,73.15],[-108.11,73.31],[-107.76,72.15],[-107.21,71.93],[-107.76,71.6],[-108.22,71.73],[-108.58,72.55],[-109.01,72.57],[-109.64,72.94],[-109.84,72.73],[-109.84,72.72],[-109.84,72.71]]],[[[-104.62,68.26],[-104.63,68.26],[-104.622,68.252],[-105.06,68.27],[-105.256,68.35],[-105.22,68.35],[-105.26,68.38],[-105.268,68.355],[-105.33,68.38],[-105.45,68.75],[-106.18,68.95],[-108.36,68.6],[-108.81,68.26],[-108.26,68.36],[-108.38,68.12],[-107.56,68.17],[-107.8,68.35],[-107.12,68.27],[-106.97,68.37],[-106.94,68.36],[-106.52,68.29],[-106.56,68.53],[-105.62,68.64],[-105.73,68.41],[-106.43,68.34],[-106.32,68.19],[-106.62,68.18],[-107.67,68.05],[-107.58,67.91],[-108.02,67.78],[-107.52,67.21],[-107,67.15],[-107.43,67.06],[-107.06,66.81],[-107.43,66.99],[-107.56,66.84],[-107.64,67.08],[-107.79,66.77],[-107.14,66.34],[-108.07,66.82],[-108.61,67.15],[-107.85,67.04],[-107.96,67.28],[-108.37,67.45],[-108.47,67.35],[-108.66,67.64],[-108.83,67.35],[-109.02,67.72],[-109.7,67.72],[-110.04,68.01],[-111.87,67.68],[-114.99,67.79],[-115.56,67.92],[-115.09,68.01],[-115.25,68.19],[-114.73,68.18],[-115.02,68.29],[-114,68.24],[-113.89,68.4],[-114.54,68.73],[-115.92,69.01],[-116.33,68.96],[-115.96,68.81],[-117.16,68.9],[-120,69.35],[-120.72,69.57],[-120.61,68.62],[-120.63,67.78],[-118.59,67.2],[-117.07,66.93],[-116.651,66.792],[-112.58,65.45],[-110.54,65.45],[-108.84,64.73],[-105.02,64.48],[-104.99,67],[-92.01,67],[-88.99,67],[-89.01,69.25],[-89.69,69.02],[-90.23,68.23],[-90.46,68.54],[-90.45,68.77],[-90.41,68.84],[-91.43,69.36],[-90.92,69.36],[-90.86,69.25],[-90.71,69.46],[-90.34,69.47],[-90.64,69.54],[-90.69,69.55],[-91.3,69.41],[-90.97,69.53],[-91.63,69.52],[-91.2,69.65],[-91.44,69.67],[-91.75,69.48],[-92.26,69.67],[-93,69.69],[-92.51,69.71],[-92.86,69.71],[-91.93,70.02],[-92.59,70.08],[-92.26,70.2],[-91.51,70.18],[-91.73,70.37],[-92.08,70.3],[-92.17,70.61],[-93,70.85],[-92.95,71.35],[-93.79,71.65],[-93.68,71.77],[-94.18,71.81],[-94.69,71.59],[-94.37,71.94],[-95.17,71.96],[-95.23,71.87],[-94.58,71.86],[-95.23,71.84],[-95.92,71.55],[-95.06,71.51],[-95.49,71.47],[-95.52,71.29],[-96.03,71.42],[-96.47,71.27],[-96.58,70.79],[-96.15,70.62],[-95.75,70.72],[-96.04,70.64],[-95.77,70.53],[-96.22,70.57],[-96.55,70.24],[-96.19,69.87],[-94.71,69.61],[-94.53,69.73],[-94.28,69.44],[-93.89,69.44],[-93.52,69.54],[-93.42,69.48],[-93.51,69.35],[-93.29,69.44],[-92.77,69.39],[-93.07,69.06],[-93.36,69.2],[-93.23,69.4],[-93.83,69.16],[-93.86,69.26],[-93.51,69.44],[-94.26,69.32],[-94.29,69.16],[-93.99,69.16],[-94.58,68.98],[-94.62,68.75],[-94.07,68.76],[-93.89,69],[-93.61,68.98],[-93.75,68.62],[-93.49,68.6],[-94.85,68],[-95.47,68.06],[-95.5,67.93],[-95.7,67.73],[-95.13,67.28],[-95.83,67.16],[-95.5,67.36],[-96.1,67.22],[-96.07,67.49],[-96.25,67.46],[-96.64,67.43],[-96.31,67.71],[-96.14,67.62],[-95.87,68.3],[-96.71,68.01],[-96.92,68.13],[-96.65,68.09],[-96.37,68.32],[-96.57,68.18],[-96.92,68.28],[-97.68,68.54],[-97.98,68.55],[-97.68,68.38],[-97.88,68.31],[-98.68,68.4],[-98.08,67.84],[-97.63,68.02],[-97.36,67.87],[-97.21,67.95],[-97.02,67.67],[-97.54,67.6],[-98.12,67.74],[-98.65,68.13],[-98.71,67.95],[-98.3,67.77],[-98.517,67.797],[-98.52,67.8],[-98.522,67.798],[-98.53,67.799],[-98.53,67.8],[-98.54,67.8],[-98.7,67.82],[-98.87,67.68],[-99.17,67.74],[-99.27,67.76],[-100.68,67.85],[-100.88,67.76],[-101.22,67.79],[-101.53,67.67],[-101.84,67.73],[-101.79,67.75],[-102.21,67.7],[-102.94,67.92],[-103.07,67.89],[-103.44,68.17],[-103.56,68.05],[-104.47,68.02],[-104.55,68.15],[-104.57,68.25],[-104.618,68.252],[-104.61,68.26],[-104.62,68.26]]],[[[-100.47,73.24],[-100.17,72.79],[-101.35,72.73],[-102.24,73.09],[-102.75,72.77],[-101.78,72.3],[-101.21,72.35],[-100.92,72.16],[-100.61,72.19],[-99.22,71.35],[-98.71,71.28],[-98.04,71.53],[-98.49,71.72],[-98.27,71.91],[-98.19,71.65],[-97.5,71.62],[-96.53,71.84],[-96.46,72.04],[-96.86,72.04],[-96.5,72.24],[-96.85,72.32],[-96.32,72.52],[-96.57,72.7],[-97.12,72.57],[-97.03,72.77],[-98.3,72.95],[-98.42,72.87],[-98.43,72.97],[-100.47,73.24]]],[[[-99.96,67.85],[-99.97,67.84],[-99.95,67.84],[-99.95,67.85],[-99.96,67.85]]],[[[-105.25,68.38],[-105.26,68.39],[-105.26,68.38],[-105.25,68.38]]],[[[-95.78,67.39],[-95.79,67.4],[-95.79,67.39],[-95.78,67.39]]],[[[-99.8,67.82],[-99.81,67.82],[-99.8,67.81],[-99.8,67.82]]],[[[-101.78,67.74],[-101.79,67.75],[-101.8,67.74],[-101.78,67.74]]],[[[-105.28,68.4],[-105.29,68.39],[-105.28,68.39],[-105.28,68.4]]],[[[-103.04,67.92],[-103.04,67.93],[-103.05,67.92],[-103.04,67.92]]],[[[-96.08,67.5],[-96.09,67.49],[-96.07,67.49],[-96.08,67.5]]],[[[-99.77,67.86],[-99.78,67.84],[-99.74,67.84],[-99.77,67.86]]],[[[-90.44,69.29],[-90.78,69.34],[-90.69,69.23],[-90.44,69.29]]],[[[-90.2,69.39],[-90.51,69.35],[-90.27,69.25],[-90.2,69.39]]],[[[-101.26,69.59],[-101.23,69.37],[-100.93,69.48],[-101.26,69.59]]],[[[-100.68,70.7],[-100.24,70.47],[-100.15,70.58],[-100.68,70.7]]],[[[-96.68,69.59],[-96.13,69.35],[-96.15,69.59],[-96.68,69.59]]],[[[-101.98,68.83],[-102.33,68.7],[-101.81,68.56],[-101.7,68.79],[-101.98,68.83]]],[[[-100.48,68.77],[-100.33,68.7],[-100.11,68.91],[-100.45,69.05],[-100.48,68.77]]],[[[-95.8,69.34],[-95.8,69.59],[-95.71,69.33],[-95.32,69.51],[-95.77,69.64],[-95.97,69.51],[-95.8,69.34]]],[[[-93.87,72.26],[-95.24,72.44],[-95.16,72.13],[-94.76,72.16],[-95.18,71.97],[-94.05,71.99],[-93.87,72.26]]],[[[-106.02,73.73],[-106.67,73.68],[-107.01,73.47],[-106.04,73.28],[-105.24,72.85],[-104.45,73.55],[-106.02,73.73]]],[[[-99.17,68.83],[-98.8,68.95],[-98.45,68.74],[-98.35,68.86],[-98.09,68.68],[-96.54,68.45],[-95.16,68.87],[-95.83,68.88],[-96.02,69.24],[-96.17,69],[-96.26,69.35],[-97.25,69.71],[-97.38,69.58],[-97.38,69.76],[-97.95,69.9],[-98.34,69.61],[-97.97,69.44],[-98.53,69.59],[-98.34,69.31],[-99.41,69.15],[-99.17,68.83]]]]}}]}