{"type":"FeatureCollection","features":[{"type":"Feature","id":"10050","properties":{"id":"10050","name":"Albury","regionAbbrev":"AUNSW","ste":"1"},"geometry":{"type":"Polygon","coordinates":[[[146.818,-36.066],[146.876,-36.08],[146.882,-36.086],[146.942,-36.116],[146.952,-36.094],[146.964,-36.08],[147.036,-36.114],[147.086,-36.052],[147.092,-36.044],[147.098,-36.04],[147.096,-36.038],[147.066,-35.992],[147.064,-35.99],[147.058,-35.982],[147.058,-35.98],[147.046,-35.948],[146.97,-35.914],[146.936,-35.948],[146.952,-35.988],[146.836,-36.016],[146.818,-36.066]]]}},{"type":"Feature","id":"10180","properties":{"id":"10180","name":"Armidale Regional","regionAbbrev":"AUNSW","ste":"1"},"geometry":{"type":"Polygon","coordinates":[[[151.292,-30.172],[151.318,-30.166],[151.304,-30.264],[151.348,-30.304],[151.324,-30.336],[151.452,-30.394],[151.462,-30.44],[151.53,-30.44],[151.568,-30.48],[151.576,-30.486],[151.582,-30.544],[151.584,-30.55],[151.672,-30.666],[151.774,-30.686],[151.734,-30.696],[151.72,-30.796],[151.844,-30.778],[151.938,-30.756],[152.016,-30.824],[152.04,-30.862],[152.084,-30.842],[152.154,-30.872],[152.178,-30.914],[152.296,-30.93],[152.288,-30.83],[152.376,-30.74],[152.37,-30.658],[152.312,-30.6],[152.4,-30.5],[152.408,-30.488],[152.392,-30.442],[152.428,-30.418],[152.382,-30.362],[152.352,-30.354],[152.342,-30.272],[152.34,-30.256],[152.346,-30.242],[152.31,-30.196],[152.312,-30.19],[152.304,-30.178],[152.298,-30.132],[152.318,-30],[152.272,-29.942],[152.224,-29.988],[152.186,-29.944],[152.134,-29.972],[152.148,-30.018],[152.1,-30.006],[152.074,-30.008],[151.864,-30.016],[151.672,-30.018],[151.604,-29.942],[151.448,-29.996],[151.37,-29.94],[151.258,-30.028],[151.292,-30.17],[151.292,-30.172]]]}},{"type":"Feature","id":"10250","properties":{"id":"10250","name":"Ballina","regionAbbrev":"AUNSW","ste":"1"},"geometry":{"type":"Polygon","coordinates":[[[153.412,-28.792],[153.39,-28.814],[153.386,-28.85],[153.384,-28.85],[153.38,-28.86],[153.368,-28.874],[153.366,-28.882],[153.366,-28.884],[153.364,-28.89],[153.364,-28.892],[153.366,-28.894],[153.366,-28.896],[153.366,-28.898],[153.376,-28.954],[153.436,-29],[153.478,-28.992],[153.484,-28.99],[153.586,-28.876],[153.574,-28.876],[153.546,-28.868],[153.554,-28.868],[153.556,-28.868],[153.572,-28.872],[153.572,-28.874],[153.572,-28.872],[153.572,-28.85],[153.564,-28.846],[153.566,-28.844],[153.568,-28.844],[153.574,-28.842],[153.574,-28.846],[153.572,-28.846],[153.572,-28.848],[153.578,-28.86],[153.578,-28.868],[153.59,-28.874],[153.608,-28.842],[153.608,-28.828],[153.608,-28.826],[153.608,-28.822],[153.606,-28.746],[153.534,-28.71],[153.518,-28.724],[153.516,-28.724],[153.504,-28.726],[153.502,-28.726],[153.482,-28.744],[153.482,-28.754],[153.478,-28.75],[153.464,-28.764],[153.462,-28.764],[153.456,-28.76],[153.454,-28.76],[153.45,-28.754],[153.444,-28.766],[153.438,-28.78],[153.434,-28.782],[153.412,-28.792]]]}},{"type":"Feature","id":"10300","properties":{"id":"10300","name":"Balranald","regionAbbrev":"AUNSW","ste":"1"},"geometry":{"type":"Polygon","coordinates":[[[143.552,-33.14],[143.378,-33.14],[143.356,-33.276],[143.308,-33.27],[143.296,-33.356],[143.244,-33.35],[143.212,-33.568],[143.04,-33.55],[142.992,-33.854],[142.946,-33.848],[142.932,-33.934],[142.806,-33.922],[142.798,-33.982],[142.76,-33.978],[142.744,-34.082],[142.834,-34.09],[142.79,-34.388],[142.612,-34.37],[142.584,-34.558],[142.47,-34.59],[142.452,-34.634],[142.484,-34.636],[142.476,-34.672],[142.51,-34.656],[142.5,-34.68],[142.518,-34.754],[142.636,-34.782],[142.62,-34.728],[142.7,-34.724],[142.7,-34.598],[142.762,-34.598],[142.792,-34.546],[142.802,-34.578],[142.886,-34.68],[142.926,-34.648],[142.972,-34.694],[142.988,-34.662],[143.04,-34.702],[143.112,-34.688],[143.196,-34.712],[143.224,-34.758],[143.266,-34.748],[143.28,-34.794],[143.352,-34.794],[143.352,-34.858],[143.354,-34.858],[143.472,-34.904],[143.492,-34.972],[143.542,-34.732],[143.628,-34.688],[143.636,-34.56],[143.716,-34.462],[143.73,-34.462],[143.756,-34.396],[143.898,-34.332],[143.916,-34.342],[143.946,-34.356],[144.056,-34.276],[144.076,-34.236],[144.076,-34.234],[144.078,-34.232],[144.08,-34.22],[144.09,-34.214],[144.094,-34.212],[144.096,-34.214],[144.098,-34.214],[144.102,-34.212],[144.11,-34.198],[144.118,-34.192],[144.134,-34.196],[144.15,-34.208],[144.154,-34.206],[144.156,-34.208],[144.16,-34.216],[144.17,-34.228],[144.228,-34.25],[144.242,-34.24],[144.24,-34.236],[144.262,-34.236],[144.266,-34.236],[144.272,-34.236],[144.282,-34.232],[144.292,-34.232],[144.296,-34.24],[144.3,-34.244],[144.338,-34.242],[144.342,-34.242],[144.35,-34.242],[144.35,-34.24],[144.36,-34.24],[144.362,-34.24],[144.374,-34.234],[144.376,-34.23],[144.388,-34.228],[144.402,-34.222],[144.408,-34.222],[144.41,-34.22],[144.412,-34.222],[144.43,-34.226],[144.44,-34.218],[144.454,-34.224],[144.49,-34.212],[144.492,-34.214],[144.5,-34.21],[144.504,-34.208],[144.504,-34.206],[144.508,-34.202],[144.512,-34.198],[144.526,-34.184],[144.532,-34.184],[144.534,-34.184],[144.538,-34.178],[144.546,-34.174],[144.55,-34.168],[144.552,-34.168],[144.55,-34.154],[144.554,-34.142],[144.568,-34.13],[144.57,-34.132],[144.582,-34.128],[144.584,-34.128],[144.586,-34.128],[144.588,-34.122],[144.586,-34.12],[144.592,-34.116],[144.608,-34.112],[144.608,-34.108],[144.608,-34.106],[144.612,-34.102],[144.62,-34.1],[144.624,-34.096],[144.642,-34.084],[144.644,-34.082],[144.648,-34.082],[144.658,-34.082],[144.66,-34.082],[144.666,-34.082],[144.67,-34.084],[144.678,-34.076],[144.68,-34.074],[144.682,-34.074],[144.688,-34.068],[144.684,-34.058],[144.688,-34.05],[144.558,-34.028],[144.556,-33.732],[144.514,-33.728],[144.532,-33.61],[144.448,-33.602],[144.462,-33.516],[144.432,-33.512],[144.442,-33.452],[144.382,-33.44],[144.37,-33.282],[144.236,-33.25],[144.252,-33.154],[143.906,-33.116],[143.898,-33.16],[143.722,-33.14],[143.666,-33.178],[143.552,-33.14]]]}},{"type":"Feature","id":"10470","properties":{"id":"10470","name":"Bathurst Regional","regionAbbrev":"AUNSW","ste":"1"},"geometry":{"type":"Polygon","coordinates":[[[149.87,-33.52],[149.922,-33.478],[149.914,-33.376],[149.832,-33.324],[149.822,-33.246],[149.752,-33.176],[149.772,-33.116],[149.66,-33.052],[149.648,-32.996],[149.576,-32.986],[149.558,-32.984],[149.536,-32.972],[149.502,-32.976],[149.496,-32.978],[149.488,-32.966],[149.484,-32.96],[149.384,-32.994],[149.378,-33.008],[149.374,-33.01],[149.362,-33.028],[149.362,-33.032],[149.354,-33.042],[149.35,-33.052],[149.35,-33.054],[149.348,-33.056],[149.346,-33.06],[149.324,-33.058],[149.35,-33.184],[149.316,-33.242],[149.32,-33.258],[149.338,-33.328],[149.3,-33.428],[149.364,-33.452],[149.354,-33.526],[149.422,-33.544],[149.4,-33.684],[149.336,-33.744],[149.258,-33.74],[149.182,-33.834],[149.166,-33.856],[149.142,-33.856],[149.138,-33.864],[149.12,-33.888],[149.18,-33.984],[149.3,-33.946],[149.396,-33.998],[149.406,-33.93],[149.414,-33.856],[149.484,-33.846],[149.508,-33.75],[149.52,-33.746],[149.522,-33.746],[149.526,-33.746],[149.574,-33.728],[149.608,-33.708],[149.612,-33.682],[149.628,-33.672],[149.682,-33.68],[149.688,-33.676],[149.692,-33.668],[149.694,-33.662],[149.692,-33.656],[149.716,-33.622],[149.656,-33.572],[149.656,-33.564],[149.634,-33.558],[149.62,-33.558],[149.612,-33.536],[149.628,-33.494],[149.626,-33.492],[149.76,-33.53],[149.776,-33.528],[149.794,-33.548],[149.87,-33.52]]]}},{"type":"Feature","id":"10500","properties":{"id":"10500","name":"Bayside (NSW)","regionAbbrev":"AUNSW","ste":"1"},"geometry":{"type":"Polygon","coordinates":[[[151.156,-33.926],[151.106,-33.936],[151.102,-33.938],[151.138,-33.96],[151.126,-34.002],[151.128,-34.004],[151.128,-34.006],[151.132,-34.004],[151.14,-34],[151.148,-33.986],[151.194,-33.954],[151.21,-33.964],[151.206,-33.964],[151.222,-33.968],[151.214,-33.924],[151.18,-33.92],[151.156,-33.926]]]}},{"type":"Feature","id":"10550","properties":{"id":"10550","name":"Bega Valley","regionAbbrev":"AUNSW","ste":"1"},"geometry":{"type":"MultiPolygon","coordinates":[[[[150.08,-36.424],[150.068,-36.418],[150.068,-36.416],[150.068,-36.414],[150.08,-36.378],[150.082,-36.378],[150.082,-36.376],[150.082,-36.374],[150.082,-36.372],[150.084,-36.364],[150.084,-36.362],[150.064,-36.35],[150.058,-36.36],[150.054,-36.358],[150.052,-36.356],[150.044,-36.354],[150.032,-36.346],[150.03,-36.354],[150.032,-36.356],[149.988,-36.358],[149.96,-36.316],[149.96,-36.32],[149.952,-36.322],[149.954,-36.268],[149.74,-36.24],[149.64,-36.196],[149.652,-36.13],[149.584,-36.142],[149.554,-36.206],[149.548,-36.208],[149.55,-36.208],[149.604,-36.336],[149.538,-36.366],[149.46,-36.524],[149.396,-36.548],[149.384,-36.59],[149.416,-36.65],[149.462,-36.646],[149.438,-36.776],[149.51,-36.83],[149.378,-36.874],[149.376,-36.958],[149.418,-37.006],[149.356,-37.262],[149.976,-37.504],[149.976,-37.5],[149.976,-37.486],[149.976,-37.484],[149.976,-37.48],[149.976,-37.474],[149.978,-37.474],[149.976,-37.472],[149.978,-37.456],[149.976,-37.454],[149.976,-37.45],[149.974,-37.45],[149.976,-37.45],[149.974,-37.442],[149.968,-37.436],[149.966,-37.434],[149.964,-37.432],[149.964,-37.43],[149.958,-37.418],[149.956,-37.418],[149.958,-37.416],[149.956,-37.416],[149.956,-37.404],[149.956,-37.396],[149.954,-37.396],[149.954,-37.382],[149.952,-37.376],[149.97,-37.334],[149.968,-37.308],[149.956,-37.298],[149.952,-37.296],[149.952,-37.292],[150.002,-37.246],[150.002,-37.248],[150.004,-37.248],[150.006,-37.248],[150.008,-37.25],[150.01,-37.252],[150.014,-37.254],[150.024,-37.256],[150.034,-37.256],[150.04,-37.258],[150.046,-37.26],[150.052,-37.262],[150.052,-37.26],[150.05,-37.26],[150.046,-37.254],[150.044,-37.25],[150.042,-37.25],[150.042,-37.248],[150.038,-37.244],[150.038,-37.242],[150.036,-37.242],[150.036,-37.24],[150.032,-37.234],[150.03,-37.23],[150.03,-37.226],[150.014,-37.212],[150.022,-37.206],[150.022,-37.204],[150.022,-37.202],[150.02,-37.202],[150.02,-37.196],[150.022,-37.188],[150.018,-37.182],[150.012,-37.178],[150.012,-37.176],[150.006,-37.17],[150.004,-37.164],[150.01,-37.162],[150.01,-37.16],[150.008,-37.16],[150.008,-37.152],[150.008,-37.15],[150.006,-37.142],[150.002,-37.142],[150,-37.14],[149.994,-37.138],[149.994,-37.136],[149.992,-37.136],[149.99,-37.14],[149.988,-37.14],[149.988,-37.138],[149.986,-37.138],[149.976,-37.128],[149.976,-37.126],[149.97,-37.124],[149.962,-37.116],[149.958,-37.11],[149.954,-37.108],[149.954,-37.104],[149.946,-37.102],[149.946,-37.104],[149.944,-37.104],[149.938,-37.098],[149.936,-37.098],[149.93,-37.1],[149.928,-37.102],[149.918,-37.11],[149.916,-37.11],[149.874,-37.09],[149.884,-37.078],[149.886,-37.078],[149.89,-37.076],[149.89,-37.078],[149.89,-37.076],[149.896,-37.072],[149.896,-37.074],[149.908,-37.074],[149.916,-37.076],[149.916,-37.074],[149.918,-37.074],[149.918,-37.072],[149.916,-37.072],[149.912,-37.07],[149.912,-37.066],[149.932,-37.05],[149.932,-37.048],[149.944,-37.056],[149.944,-37.054],[149.946,-37.052],[149.944,-37.052],[149.944,-37.05],[149.946,-37.05],[149.944,-37.05],[149.944,-37.048],[149.944,-37.042],[149.94,-37.038],[149.944,-37.018],[149.946,-37.018],[149.944,-37.016],[149.94,-37.012],[149.94,-37.01],[149.944,-36.95],[149.946,-36.95],[149.942,-36.948],[149.934,-36.946],[149.916,-36.946],[149.916,-36.944],[149.928,-36.898],[149.928,-36.9],[149.93,-36.9],[149.938,-36.9],[149.932,-36.898],[149.93,-36.896],[149.942,-36.854],[149.946,-36.854],[149.946,-36.852],[149.944,-36.85],[149.94,-36.85],[149.94,-36.846],[149.94,-36.822],[149.94,-36.82],[149.96,-36.79],[149.962,-36.79],[149.964,-36.788],[149.966,-36.788],[149.966,-36.786],[149.968,-36.786],[149.97,-36.784],[149.97,-36.782],[149.97,-36.78],[149.97,-36.778],[149.972,-36.778],[149.974,-36.778],[149.974,-36.776],[149.974,-36.774],[149.978,-36.768],[149.978,-36.766],[149.978,-36.764],[149.982,-36.758],[149.982,-36.756],[149.984,-36.754],[149.982,-36.752],[149.982,-36.748],[149.986,-36.746],[149.984,-36.742],[149.984,-36.74],[149.984,-36.736],[149.984,-36.738],[149.986,-36.738],[149.986,-36.736],[149.988,-36.734],[149.99,-36.728],[149.992,-36.724],[149.99,-36.724],[149.99,-36.726],[149.986,-36.726],[149.988,-36.698],[149.994,-36.694],[149.996,-36.692],[149.998,-36.686],[149.998,-36.68],[150.026,-36.622],[150.028,-36.62],[150.028,-36.618],[150.03,-36.618],[150.03,-36.616],[150.04,-36.602],[150.042,-36.596],[150.044,-36.594],[150.046,-36.594],[150.044,-36.59],[150.05,-36.584],[150.052,-36.584],[150.054,-36.582],[150.056,-36.582],[150.058,-36.582],[150.058,-36.58],[150.058,-36.578],[150.058,-36.576],[150.056,-36.576],[150.056,-36.574],[150.058,-36.568],[150.066,-36.554],[150.064,-36.546],[150.062,-36.544],[150.06,-36.526],[150.06,-36.524],[150.06,-36.496],[150.056,-36.486],[150.072,-36.46],[150.074,-36.458],[150.074,-36.454],[150.072,-36.454],[150.072,-36.452],[150.074,-36.452],[150.072,-36.45],[150.072,-36.448],[150.074,-36.444],[150.074,-36.442],[150.076,-36.442],[150.076,-36.44],[150.08,-36.432],[150.082,-36.432],[150.084,-36.43],[150.084,-36.428],[150.084,-36.426],[150.082,-36.422],[150.08,-36.424]]],[[[149.946,-36.854],[149.948,-36.856],[149.948,-36.854],[149.946,-36.854]]]]}},{"type":"Feature","id":"10600","properties":{"id":"10600","name":"Bellingen","regionAbbrev":"AUNSW","ste":"1"},"geometry":{"type":"Polygon","coordinates":[[[152.408,-30.488],[152.63,-30.54],[152.872,-30.546],[152.874,-30.548],[153.018,-30.564],[153.03,-30.546],[153.06,-30.448],[152.984,-30.4],[152.978,-30.396],[152.972,-30.394],[152.97,-30.392],[152.968,-30.392],[152.964,-30.39],[152.962,-30.39],[152.966,-30.348],[152.834,-30.312],[152.822,-30.276],[152.822,-30.274],[152.856,-30.252],[152.818,-30.212],[152.804,-30.19],[152.694,-30.188],[152.664,-30.25],[152.646,-30.256],[152.558,-30.242],[152.542,-30.29],[152.544,-30.29],[152.506,-30.322],[152.48,-30.338],[152.478,-30.366],[152.478,-30.378],[152.428,-30.418],[152.392,-30.442],[152.408,-30.488]]]}},{"type":"Feature","id":"10650","properties":{"id":"10650","name":"Berrigan","regionAbbrev":"AUNSW","ste":"1"},"geometry":{"type":"Polygon","coordinates":[[[145.486,-35.512],[145.458,-35.698],[145.418,-35.708],[145.372,-35.722],[145.36,-35.718],[145.344,-35.712],[145.36,-35.86],[145.412,-35.836],[145.526,-35.816],[145.524,-35.816],[145.536,-35.808],[145.564,-35.832],[145.696,-35.92],[145.72,-35.934],[145.744,-35.962],[145.814,-35.992],[145.87,-35.954],[145.946,-35.96],[145.948,-35.96],[146.008,-35.586],[145.486,-35.512]]]}},{"type":"Feature","id":"10750","properties":{"id":"10750","name":"Blacktown","regionAbbrev":"AUNSW","ste":"1"},"geometry":{"type":"Polygon","coordinates":[[[150.814,-33.822],[150.878,-33.826],[150.89,-33.832],[150.91,-33.824],[150.952,-33.784],[150.96,-33.768],[150.874,-33.656],[150.812,-33.678],[150.802,-33.674],[150.776,-33.704],[150.766,-33.718],[150.764,-33.724],[150.782,-33.74],[150.794,-33.754],[150.794,-33.76],[150.802,-33.77],[150.808,-33.782],[150.81,-33.786],[150.81,-33.788],[150.812,-33.792],[150.812,-33.794],[150.814,-33.81],[150.814,-33.812],[150.814,-33.822]]]}},{"type":"Feature","id":"10800","properties":{"id":"10800","name":"Bland","regionAbbrev":"AUNSW","ste":"1"},"geometry":{"type":"Polygon","coordinates":[[[146.096,-33.602],[146.07,-33.754],[146.438,-33.794],[146.418,-33.91],[146.494,-33.92],[146.466,-34.096],[146.458,-34.132],[146.636,-34.15],[146.624,-34.224],[146.73,-34.236],[146.72,-34.298],[146.824,-34.31],[147.108,-34.316],[147.13,-34.276],[147.256,-34.29],[147.266,-34.234],[147.298,-34.254],[147.302,-34.176],[147.47,-34.208],[147.496,-34.106],[147.708,-34.158],[147.71,-34.158],[147.712,-34.16],[147.714,-34.162],[147.76,-34.142],[147.784,-34.07],[147.714,-33.936],[147.542,-33.91],[147.524,-33.77],[147.524,-33.764],[147.524,-33.762],[147.52,-33.756],[147.512,-33.706],[147.404,-33.526],[147.244,-33.592],[146.824,-33.532],[146.81,-33.606],[146.446,-33.564],[146.442,-33.52],[146.096,-33.602]]]}},{"type":"Feature","id":"10850","properties":{"id":"10850","name":"Blayney","regionAbbrev":"AUNSW","ste":"1"},"geometry":{"type":"Polygon","coordinates":[[[149.364,-33.452],[149.234,-33.428],[149.172,-33.432],[149.116,-33.426],[149.058,-33.424],[149.052,-33.464],[148.914,-33.452],[148.888,-33.506],[148.84,-33.568],[148.922,-33.598],[148.912,-33.682],[148.994,-33.72],[148.976,-33.756],[149.026,-33.802],[149.066,-33.812],[149.17,-33.72],[149.258,-33.74],[149.336,-33.744],[149.4,-33.684],[149.422,-33.544],[149.354,-33.526],[149.364,-33.452]]]}},{"type":"Feature","id":"10900","properties":{"id":"10900","name":"Blue Mountains","regionAbbrev":"AUNSW","ste":"1"},"geometry":{"type":"Polygon","coordinates":[[[150.66,-33.684],[150.606,-33.662],[150.616,-33.614],[150.562,-33.61],[150.544,-33.556],[150.468,-33.584],[150.436,-33.548],[150.432,-33.538],[150.5,-33.428],[150.55,-33.368],[150.482,-33.382],[150.448,-33.482],[150.34,-33.512],[150.332,-33.522],[150.258,-33.494],[150.252,-33.558],[150.216,-33.548],[150.272,-33.622],[150.182,-33.704],[150.212,-33.722],[150.18,-33.746],[150.186,-33.88],[150.238,-33.88],[150.246,-33.874],[150.342,-33.856],[150.364,-33.802],[150.41,-33.83],[150.406,-33.862],[150.464,-33.9],[150.508,-33.868],[150.546,-33.894],[150.612,-33.858],[150.59,-33.836],[150.644,-33.78],[150.66,-33.684]]]}},{"type":"Feature","id":"10950","properties":{"id":"10950","name":"Bogan","regionAbbrev":"AUNSW","ste":"1"},"geometry":{"type":"Polygon","coordinates":[[[146.346,-30.852],[146.438,-30.96],[146.286,-31.032],[146.364,-31.122],[146.316,-31.152],[146.366,-31.228],[146.468,-31.18],[146.548,-31.302],[146.32,-31.572],[146.528,-32.368],[146.676,-32.332],[146.808,-32.448],[146.87,-32.406],[146.768,-32.29],[146.898,-32.204],[146.998,-32.316],[147.002,-32.288],[147.046,-32.292],[147.144,-32.228],[147.072,-32.152],[147.194,-32.068],[147.198,-32.11],[147.268,-32.066],[147.294,-31.994],[147.33,-31.994],[147.486,-31.86],[147.44,-31.82],[147.42,-31.848],[147.342,-31.81],[147.482,-31.522],[147.46,-31.496],[147.506,-31.466],[147.52,-31.432],[147.46,-31.356],[147.518,-31.334],[147.424,-31.246],[147.42,-31.24],[147.42,-31.23],[147.388,-31.202],[147.386,-31.198],[147.384,-31.184],[147.38,-31.17],[147.376,-31.166],[147.376,-31.164],[147.3,-31.192],[147.198,-31.078],[147.268,-31.032],[147.158,-30.902],[147.158,-30.82],[147.054,-30.852],[147.056,-30.776],[147.006,-30.714],[146.904,-30.738],[146.954,-30.792],[146.626,-30.836],[146.662,-30.892],[146.608,-30.902],[146.432,-30.692],[146.32,-30.714],[146.406,-30.802],[146.346,-30.852]]]}},{"type":"Feature","id":"11150","properties":{"id":"11150","name":"Bourke","regionAbbrev":"AUNSW","ste":"1"},"geometry":{"type":"Polygon","coordinates":[[[146.432,-30.692],[146.462,-30.686],[146.378,-30.416],[146.406,-30.418],[146.418,-30.356],[146.356,-30.35],[146.428,-30.18],[146.366,-30.138],[146.458,-30.008],[146.45,-29.84],[146.508,-29.784],[146.658,-29.678],[146.63,-29.624],[146.582,-29.648],[146.464,-29.534],[146.524,-29.38],[146.422,-29.382],[146.42,-29.236],[146.352,-29.236],[146.376,-28.998],[144.48,-28.998],[144.394,-28.998],[144.358,-29.086],[144.442,-29.104],[144.482,-29.168],[144.404,-29.314],[144.414,-29.43],[144.206,-29.636],[144.134,-29.724],[144.14,-29.774],[144.112,-29.818],[144.144,-29.884],[144.132,-29.974],[144.134,-29.978],[144.134,-29.98],[144.096,-30.036],[144.098,-30.036],[144.066,-30.062],[144.234,-30.08],[144.21,-30.24],[144.346,-30.254],[144.198,-30.372],[144.662,-30.894],[144.7,-30.868],[144.814,-30.992],[144.98,-30.894],[145.01,-30.926],[145.126,-30.89],[145.064,-30.798],[145.228,-30.732],[145.246,-30.764],[145.384,-30.696],[145.566,-30.98],[145.608,-30.958],[145.576,-30.91],[145.664,-30.864],[145.662,-30.83],[145.734,-30.796],[145.78,-30.862],[145.922,-30.794],[145.888,-30.742],[145.97,-30.712],[145.992,-30.748],[146.126,-30.656],[146.232,-30.826],[146.302,-30.79],[146.346,-30.852],[146.406,-30.802],[146.32,-30.714],[146.432,-30.692]]]}},{"type":"Feature","id":"11200","properties":{"id":"11200","name":"Brewarrina","regionAbbrev":"AUNSW","ste":"1"},"geometry":{"type":"Polygon","coordinates":[[[147.158,-30.82],[147.25,-30.824],[147.248,-30.75],[147.21,-30.72],[147.214,-30.68],[147.208,-30.638],[147.204,-30.61],[147.12,-30.6],[147.1,-30.534],[147.19,-30.524],[147.186,-30.514],[147.168,-30.438],[147.166,-30.428],[147.172,-30.42],[147.178,-30.402],[147.188,-30.354],[147.2,-30.316],[147.214,-30.298],[147.242,-30.232],[147.238,-30.208],[147.236,-30.196],[147.238,-30.194],[147.248,-30.132],[147.26,-30.13],[147.298,-30.128],[147.388,-30.128],[147.42,-30.116],[147.39,-30.106],[147.412,-29.974],[147.476,-29.982],[147.494,-29.852],[147.414,-29.834],[147.382,-29.782],[147.428,-29.762],[147.412,-29.724],[147.346,-29.69],[147.412,-29.59],[147.41,-29.574],[147.43,-29.54],[147.436,-29.53],[147.596,-29.36],[147.678,-29.344],[147.736,-29.276],[147.774,-29.288],[147.852,-29.148],[147.92,-29.114],[147.946,-28.998],[146.946,-28.998],[146.376,-28.998],[146.352,-29.236],[146.42,-29.236],[146.422,-29.382],[146.524,-29.38],[146.464,-29.534],[146.582,-29.648],[146.63,-29.624],[146.658,-29.678],[146.508,-29.784],[146.45,-29.84],[146.458,-30.008],[146.366,-30.138],[146.428,-30.18],[146.356,-30.35],[146.418,-30.356],[146.406,-30.418],[146.378,-30.416],[146.462,-30.686],[146.432,-30.692],[146.608,-30.902],[146.662,-30.892],[146.626,-30.836],[146.954,-30.792],[146.904,-30.738],[147.006,-30.714],[147.056,-30.776],[147.054,-30.852],[147.158,-30.82]]]}},{"type":"Feature","id":"11250","properties":{"id":"11250","name":"Broken Hill","regionAbbrev":"AUNSW","ste":"1"},"geometry":{"type":"Polygon","coordinates":[[[141.414,-31.938],[141.412,-32.002],[141.544,-32.002],[141.564,-31.884],[141.414,-31.886],[141.414,-31.938]]]}},{"type":"Feature","id":"11300","properties":{"id":"11300","name":"Burwood","regionAbbrev":"AUNSW","ste":"1"},"geometry":{"type":"Polygon","coordinates":[[[151.094,-33.872],[151.09,-33.898],[151.09,-33.9],[151.112,-33.894],[151.114,-33.884],[151.118,-33.88],[151.12,-33.88],[151.12,-33.876],[151.12,-33.87],[151.096,-33.872],[151.094,-33.872]]]}},{"type":"Feature","id":"11350","properties":{"id":"11350","name":"Byron","regionAbbrev":"AUNSW","ste":"1"},"geometry":{"type":"Polygon","coordinates":[[[153.606,-28.746],[153.62,-28.708],[153.62,-28.706],[153.614,-28.696],[153.636,-28.642],[153.638,-28.642],[153.638,-28.64],[153.638,-28.636],[153.64,-28.636],[153.638,-28.634],[153.574,-28.6],[153.554,-28.476],[153.374,-28.472],[153.33,-28.54],[153.414,-28.64],[153.408,-28.686],[153.408,-28.744],[153.438,-28.744],[153.446,-28.746],[153.45,-28.748],[153.448,-28.748],[153.45,-28.754],[153.454,-28.76],[153.456,-28.76],[153.462,-28.764],[153.464,-28.764],[153.478,-28.75],[153.482,-28.754],[153.482,-28.744],[153.502,-28.726],[153.504,-28.726],[153.516,-28.724],[153.518,-28.724],[153.534,-28.71],[153.606,-28.746]]]}},{"type":"Feature","id":"11400","properties":{"id":"11400","name":"Cabonne","regionAbbrev":"AUNSW","ste":"1"},"geometry":{"type":"Polygon","coordinates":[[[149.324,-33.058],[149.234,-32.998],[149.204,-33.032],[149.14,-33.01],[149.122,-33.018],[149.12,-33.018],[149.13,-33.04],[149.134,-33.062],[149.082,-33.04],[149.064,-33.04],[149.014,-33.04],[149.014,-33.014],[149.02,-32.968],[148.986,-32.956],[148.96,-32.91],[148.956,-32.902],[148.81,-32.88],[148.796,-32.85],[148.648,-32.744],[148.692,-32.664],[148.636,-32.636],[148.406,-32.624],[148.362,-32.622],[148.348,-32.676],[148.328,-32.802],[148.386,-32.858],[148.372,-32.972],[148.432,-32.97],[148.508,-33.052],[148.5,-33.186],[148.43,-33.216],[148.426,-33.242],[148.424,-33.242],[148.402,-33.26],[148.402,-33.264],[148.41,-33.326],[148.398,-33.336],[148.418,-33.386],[148.346,-33.42],[148.362,-33.448],[148.35,-33.452],[148.334,-33.448],[148.328,-33.454],[148.292,-33.492],[148.394,-33.518],[148.414,-33.604],[148.484,-33.584],[148.492,-33.582],[148.494,-33.582],[148.496,-33.58],[148.544,-33.596],[148.544,-33.598],[148.552,-33.602],[148.586,-33.594],[148.59,-33.594],[148.652,-33.56],[148.684,-33.586],[148.778,-33.526],[148.84,-33.568],[148.888,-33.506],[148.914,-33.452],[149.052,-33.464],[149.058,-33.424],[149.116,-33.426],[149.172,-33.432],[149.152,-33.394],[149.042,-33.382],[149.01,-33.366],[149.044,-33.222],[149.162,-33.226],[149.234,-33.428],[149.364,-33.452],[149.3,-33.428],[149.338,-33.328],[149.32,-33.258],[149.316,-33.242],[149.35,-33.184],[149.324,-33.058]]]}},{"type":"Feature","id":"11450","properties":{"id":"11450","name":"Camden","regionAbbrev":"AUNSW","ste":"1"},"geometry":{"type":"Polygon","coordinates":[[[150.816,-33.968],[150.678,-33.946],[150.66,-33.95],[150.65,-33.958],[150.638,-33.956],[150.63,-33.956],[150.67,-34.032],[150.67,-34.034],[150.668,-34.034],[150.666,-34.038],[150.664,-34.044],[150.662,-34.048],[150.662,-34.05],[150.662,-34.052],[150.654,-34.084],[150.714,-34.078],[150.718,-34.078],[150.742,-34.08],[150.796,-34.044],[150.81,-33.982],[150.816,-33.968]]]}},{"type":"Feature","id":"11500","properties":{"id":"11500","name":"Campbelltown (NSW)","regionAbbrev":"AUNSW","ste":"1"},"geometry":{"type":"Polygon","coordinates":[[[150.742,-34.08],[150.752,-34.164],[150.9,-34.19],[150.924,-34.13],[150.942,-34.04],[150.888,-34.024],[150.914,-33.964],[150.816,-33.968],[150.81,-33.982],[150.796,-34.044],[150.742,-34.08]]]}},{"type":"Feature","id":"11520","properties":{"id":"11520","name":"Canada Bay","regionAbbrev":"AUNSW","ste":"1"},"geometry":{"type":"Polygon","coordinates":[[[151.12,-33.87],[151.142,-33.87],[151.148,-33.866],[151.146,-33.862],[151.164,-33.856],[151.164,-33.854],[151.164,-33.852],[151.162,-33.852],[151.162,-33.85],[151.158,-33.846],[151.154,-33.844],[151.15,-33.846],[151.132,-33.848],[151.124,-33.862],[151.12,-33.842],[151.106,-33.836],[151.096,-33.84],[151.082,-33.838],[151.082,-33.85],[151.094,-33.872],[151.096,-33.872],[151.12,-33.87]]]}},{"type":"Feature","id":"11570","properties":{"id":"11570","name":"Canterbury-Bankstown","regionAbbrev":"AUNSW","ste":"1"},"geometry":{"type":"Polygon","coordinates":[[[151.156,-33.926],[151.112,-33.894],[151.09,-33.9],[151.058,-33.884],[150.992,-33.864],[150.974,-33.91],[150.994,-33.972],[151.016,-33.982],[151.022,-33.976],[151.022,-33.974],[151.024,-33.972],[151.026,-33.97],[151.024,-33.972],[151.026,-33.972],[151.024,-33.976],[151.042,-33.964],[151.042,-33.962],[151.042,-33.958],[151.042,-33.956],[151.042,-33.952],[151.044,-33.95],[151.046,-33.948],[151.082,-33.942],[151.102,-33.938],[151.106,-33.936],[151.156,-33.926]]]}},{"type":"Feature","id":"11600","properties":{"id":"11600","name":"Carrathool","regionAbbrev":"AUNSW","ste":"1"},"geometry":{"type":"Polygon","coordinates":[[[144.462,-33.516],[144.544,-33.526],[144.554,-33.488],[144.728,-33.524],[144.692,-33.462],[144.808,-33.474],[144.802,-33.512],[144.834,-33.506],[144.812,-33.684],[144.934,-33.716],[144.928,-33.754],[144.966,-33.758],[144.99,-33.748],[144.996,-33.74],[145,-33.738],[145,-33.74],[145.004,-33.74],[145.012,-33.738],[145.018,-33.738],[145.024,-33.738],[145.028,-33.738],[145.03,-33.736],[145.032,-33.734],[145.038,-33.734],[145.038,-33.732],[145.04,-33.73],[145.04,-33.728],[145.04,-33.724],[145.042,-33.72],[145.044,-33.716],[145.042,-33.714],[145.042,-33.71],[145.044,-33.71],[145.052,-33.71],[145.054,-33.716],[145.062,-33.72],[145.07,-33.722],[145.096,-33.72],[145.132,-33.712],[145.156,-33.714],[145.158,-33.71],[145.158,-33.706],[145.16,-33.702],[145.17,-33.698],[145.172,-33.696],[145.164,-33.77],[145.216,-33.826],[145.036,-33.94],[145.124,-34.076],[145.258,-34.176],[145.206,-34.488],[145.242,-34.506],[145.258,-34.49],[145.36,-34.442],[145.398,-34.458],[145.408,-34.434],[145.444,-34.468],[145.476,-34.452],[145.49,-34.44],[145.664,-34.468],[145.698,-34.468],[145.686,-34.498],[145.856,-34.58],[145.95,-34.552],[145.968,-34.452],[145.826,-34.44],[145.834,-34.344],[145.736,-34.362],[145.796,-34.098],[146.154,-34.134],[146.194,-34.198],[146.248,-34.18],[146.234,-34.252],[146.306,-34.26],[146.36,-34.084],[146.466,-34.096],[146.494,-33.92],[146.418,-33.91],[146.438,-33.794],[146.07,-33.754],[146.096,-33.602],[146.054,-33.476],[146.074,-33.352],[146.08,-33.336],[146.086,-33.308],[146.096,-33.276],[146.06,-33.212],[146.094,-33.188],[146.032,-33.094],[145.646,-33.08],[145.672,-32.806],[145.588,-32.796],[145.596,-32.738],[145.554,-32.736],[145.552,-32.792],[145.474,-32.722],[145.414,-32.776],[145.332,-32.768],[145.344,-32.682],[145.258,-32.67],[145.25,-32.724],[145.166,-32.716],[145.16,-32.746],[145.108,-33.034],[144.986,-33.022],[144.964,-33.086],[144.914,-33.048],[144.798,-33.036],[144.734,-33.23],[144.646,-33.222],[144.548,-33.3],[144.37,-33.282],[144.382,-33.44],[144.442,-33.452],[144.432,-33.512],[144.462,-33.516]]]}},{"type":"Feature","id":"11650","properties":{"id":"11650","name":"Central Coast (NSW)","regionAbbrev":"AUNSW","ste":"1"},"geometry":{"type":"MultiPolygon","coordinates":[[[[151.528,-33.156],[151.512,-33.194],[151.458,-33.202],[151.392,-33.17],[151.332,-33.062],[151.304,-33.044],[151.264,-33.08],[151.204,-33.138],[151.136,-33.11],[151.098,-33.192],[151.098,-33.204],[151.104,-33.222],[151.104,-33.224],[151.1,-33.252],[151.098,-33.26],[151.09,-33.28],[151.088,-33.316],[151.078,-33.334],[151.042,-33.344],[151.032,-33.35],[150.986,-33.368],[150.988,-33.378],[150.99,-33.38],[151.064,-33.45],[151.068,-33.46],[151.076,-33.458],[151.08,-33.444],[151.106,-33.474],[151.106,-33.472],[151.108,-33.472],[151.108,-33.47],[151.146,-33.448],[151.168,-33.428],[151.166,-33.466],[151.172,-33.47],[151.17,-33.468],[151.16,-33.51],[151.184,-33.5],[151.198,-33.528],[151.196,-33.51],[151.194,-33.488],[151.214,-33.472],[151.214,-33.47],[151.216,-33.47],[151.216,-33.472],[151.23,-33.456],[151.236,-33.474],[151.238,-33.474],[151.232,-33.476],[151.224,-33.478],[151.222,-33.48],[151.212,-33.484],[151.202,-33.508],[151.21,-33.514],[151.22,-33.52],[151.264,-33.486],[151.258,-33.498],[151.246,-33.508],[151.262,-33.568],[151.27,-33.564],[151.272,-33.56],[151.31,-33.554],[151.314,-33.528],[151.352,-33.514],[151.334,-33.484],[151.3,-33.494],[151.306,-33.48],[151.302,-33.474],[151.324,-33.476],[151.314,-33.46],[151.32,-33.452],[151.326,-33.43],[151.34,-33.432],[151.342,-33.436],[151.342,-33.45],[151.346,-33.44],[151.37,-33.442],[151.336,-33.476],[151.374,-33.488],[151.382,-33.488],[151.368,-33.5],[151.352,-33.5],[151.364,-33.522],[151.336,-33.522],[151.344,-33.546],[151.374,-33.53],[151.382,-33.532],[151.386,-33.528],[151.388,-33.524],[151.406,-33.528],[151.408,-33.526],[151.412,-33.522],[151.422,-33.51],[151.424,-33.51],[151.446,-33.486],[151.436,-33.468],[151.452,-33.45],[151.452,-33.448],[151.452,-33.446],[151.45,-33.446],[151.464,-33.416],[151.486,-33.394],[151.486,-33.382],[151.488,-33.382],[151.488,-33.38],[151.5,-33.364],[151.502,-33.362],[151.492,-33.336],[151.476,-33.364],[151.474,-33.364],[151.45,-33.354],[151.454,-33.322],[151.444,-33.308],[151.492,-33.268],[151.516,-33.244],[151.522,-33.22],[151.526,-33.22],[151.528,-33.22],[151.53,-33.232],[151.562,-33.236],[151.558,-33.25],[151.558,-33.248],[151.554,-33.244],[151.536,-33.262],[151.522,-33.262],[151.522,-33.264],[151.546,-33.278],[151.504,-33.342],[151.57,-33.29],[151.57,-33.288],[151.576,-33.284],[151.566,-33.244],[151.62,-33.2],[151.62,-33.198],[151.622,-33.198],[151.624,-33.198],[151.624,-33.194],[151.628,-33.186],[151.628,-33.188],[151.63,-33.186],[151.632,-33.176],[151.596,-33.162],[151.59,-33.12],[151.584,-33.108],[151.58,-33.104],[151.568,-33.13],[151.568,-33.174],[151.53,-33.16],[151.528,-33.158],[151.528,-33.156]]],[[[151.352,-33.5],[151.35,-33.498],[151.35,-33.496],[151.35,-33.494],[151.348,-33.492],[151.344,-33.496],[151.348,-33.5],[151.35,-33.5],[151.352,-33.5]]],[[[151.196,-33.528],[151.194,-33.528],[151.196,-33.53],[151.196,-33.528]]]]}},{"type":"Feature","id":"11700","properties":{"id":"11700","name":"Central Darling","regionAbbrev":"AUNSW","ste":"1"},"geometry":{"type":"Polygon","coordinates":[[[144.37,-33.282],[144.548,-33.3],[144.646,-33.222],[144.734,-33.23],[144.798,-33.036],[144.914,-33.048],[144.964,-33.086],[144.986,-33.022],[145.108,-33.034],[145.16,-32.746],[144.958,-32.722],[144.988,-32.528],[144.892,-32.56],[144.818,-32.506],[144.664,-32.49],[144.674,-32.424],[144.598,-32.464],[144.438,-32.274],[144.38,-32.314],[144.276,-32.198],[144.316,-32.172],[144.212,-32.058],[144.144,-32.102],[144.038,-31.986],[144.108,-31.94],[144.152,-31.99],[144.302,-31.916],[144.244,-31.852],[144.514,-31.674],[144.41,-31.558],[144.328,-31.614],[144.04,-31.3],[144.016,-31.23],[144.222,-31.114],[144.246,-31.058],[144.328,-31.086],[144.42,-30.934],[144.52,-30.89],[144.662,-30.894],[144.198,-30.372],[144.126,-30.424],[144.092,-30.386],[144.114,-30.332],[144.028,-30.324],[144.04,-30.28],[143.51,-30.242],[143.498,-30.322],[143.02,-30.316],[143.022,-30.462],[142.854,-30.464],[142.854,-30.604],[142.764,-30.604],[142.764,-30.712],[142.74,-30.712],[142.742,-31.004],[142.586,-31.004],[142.586,-31.07],[142.756,-31.07],[142.728,-31.514],[142.824,-31.59],[142.786,-31.614],[142.892,-31.732],[142.822,-31.794],[142.858,-31.822],[142.81,-31.868],[142.728,-31.824],[142.372,-32.122],[142.37,-32.208],[142.296,-32.214],[142.26,-32.368],[142.112,-32.366],[142.098,-32.524],[142.132,-32.596],[142.248,-32.61],[142.236,-32.756],[142.388,-32.768],[142.344,-32.828],[142.376,-32.974],[142.548,-33.016],[142.516,-32.846],[142.944,-32.89],[142.966,-32.75],[143.272,-32.78],[143.432,-32.808],[143.418,-32.906],[143.5,-32.918],[143.506,-32.876],[143.592,-32.884],[143.586,-32.93],[143.672,-32.94],[143.654,-33.012],[143.574,-33.012],[143.552,-33.14],[143.666,-33.178],[143.722,-33.14],[143.898,-33.16],[143.906,-33.116],[144.252,-33.154],[144.236,-33.25],[144.37,-33.282]]]}},{"type":"Feature","id":"11720","properties":{"id":"11720","name":"Cessnock","regionAbbrev":"AUNSW","ste":"1"},"geometry":{"type":"Polygon","coordinates":[[[151.332,-33.062],[151.386,-33.006],[151.518,-32.966],[151.542,-32.872],[151.61,-32.88],[151.624,-32.81],[151.522,-32.798],[151.468,-32.728],[151.42,-32.738],[151.404,-32.662],[151.34,-32.648],[151.334,-32.682],[151.276,-32.704],[151.268,-32.746],[151.214,-32.744],[151.218,-32.782],[151.092,-32.83],[151.006,-32.952],[150.91,-32.932],[150.814,-32.92],[150.824,-32.944],[150.806,-33.006],[150.854,-33.058],[150.884,-33.118],[151.038,-33.124],[151.084,-33.074],[151.136,-33.11],[151.204,-33.138],[151.264,-33.08],[151.304,-33.044],[151.332,-33.062]]]}},{"type":"Feature","id":"11730","properties":{"id":"11730","name":"Clarence Valley","regionAbbrev":"AUNSW","ste":"1"},"geometry":{"type":"MultiPolygon","coordinates":[[[[152.428,-30.418],[152.478,-30.378],[152.478,-30.366],[152.48,-30.338],[152.506,-30.322],[152.544,-30.29],[152.542,-30.29],[152.558,-30.242],[152.646,-30.256],[152.664,-30.25],[152.694,-30.188],[152.804,-30.19],[152.808,-30.126],[152.82,-30.138],[152.834,-30.142],[152.868,-30.134],[152.882,-30.128],[152.918,-30.154],[152.974,-30.13],[152.97,-30.086],[153.038,-30.09],[153.044,-30.044],[153.092,-30.036],[153.1,-29.998],[153.144,-29.98],[153.136,-29.952],[153.23,-29.896],[153.262,-29.94],[153.29,-29.81],[153.302,-29.78],[153.304,-29.774],[153.296,-29.76],[153.294,-29.748],[153.33,-29.684],[153.332,-29.676],[153.334,-29.674],[153.332,-29.67],[153.342,-29.608],[153.36,-29.496],[153.368,-29.484],[153.37,-29.482],[153.36,-29.474],[153.362,-29.474],[153.372,-29.438],[153.372,-29.424],[153.366,-29.424],[153.366,-29.422],[153.372,-29.384],[153.376,-29.366],[153.374,-29.364],[153.364,-29.356],[153.36,-29.264],[153.144,-29.242],[153.144,-29.282],[153.112,-29.274],[153.068,-29.322],[153.02,-29.342],[152.812,-29.316],[152.81,-29.236],[152.718,-29.182],[152.76,-29.09],[152.69,-29.022],[152.56,-28.99],[152.472,-28.972],[152.46,-29.032],[152.424,-29.036],[152.42,-29.08],[152.456,-29.088],[152.414,-29.23],[152.314,-29.282],[152.332,-29.342],[152.452,-29.358],[152.432,-29.392],[152.41,-29.398],[152.41,-29.512],[152.354,-29.544],[152.328,-29.654],[152.282,-29.664],[152.262,-29.756],[152.188,-29.802],[152.17,-29.864],[152.198,-29.872],[152.214,-29.87],[152.248,-29.864],[152.274,-29.846],[152.288,-29.872],[152.27,-29.932],[152.272,-29.942],[152.318,-30],[152.298,-30.132],[152.304,-30.178],[152.312,-30.19],[152.31,-30.196],[152.346,-30.242],[152.34,-30.256],[152.342,-30.272],[152.352,-30.354],[152.382,-30.362],[152.428,-30.418]]],[[[153.394,-29.926],[153.392,-29.928],[153.394,-29.928],[153.394,-29.926]]]]}},{"type":"Feature","id":"11750","properties":{"id":"11750","name":"Cobar","regionAbbrev":"AUNSW","ste":"1"},"geometry":{"type":"Polygon","coordinates":[[[146.346,-30.852],[146.302,-30.79],[146.232,-30.826],[146.126,-30.656],[145.992,-30.748],[145.97,-30.712],[145.888,-30.742],[145.922,-30.794],[145.78,-30.862],[145.734,-30.796],[145.662,-30.83],[145.664,-30.864],[145.576,-30.91],[145.608,-30.958],[145.566,-30.98],[145.384,-30.696],[145.246,-30.764],[145.228,-30.732],[145.064,-30.798],[145.126,-30.89],[145.01,-30.926],[144.98,-30.894],[144.814,-30.992],[144.7,-30.868],[144.662,-30.894],[144.52,-30.89],[144.42,-30.934],[144.328,-31.086],[144.246,-31.058],[144.222,-31.114],[144.016,-31.23],[144.04,-31.3],[144.328,-31.614],[144.41,-31.558],[144.514,-31.674],[144.244,-31.852],[144.302,-31.916],[144.152,-31.99],[144.108,-31.94],[144.038,-31.986],[144.144,-32.102],[144.212,-32.058],[144.316,-32.172],[144.276,-32.198],[144.38,-32.314],[144.438,-32.274],[144.598,-32.464],[144.674,-32.424],[144.664,-32.49],[144.818,-32.506],[144.892,-32.56],[144.988,-32.528],[144.958,-32.722],[145.16,-32.746],[145.166,-32.716],[145.25,-32.724],[145.258,-32.67],[145.344,-32.682],[145.332,-32.768],[145.414,-32.776],[145.474,-32.722],[145.552,-32.792],[145.554,-32.736],[145.596,-32.738],[145.588,-32.796],[145.672,-32.806],[145.646,-33.08],[146.032,-33.094],[146.094,-33.188],[146.06,-33.212],[146.096,-33.276],[146.102,-33.27],[146.116,-33.264],[146.138,-33.226],[146.212,-33.232],[146.234,-33.232],[146.272,-33.226],[146.292,-33.214],[146.342,-33.188],[146.384,-33.228],[146.382,-33.228],[146.438,-33.208],[146.456,-33.178],[146.458,-33.172],[146.474,-33.114],[146.476,-33.11],[146.55,-33.086],[146.554,-33.088],[146.564,-33.094],[146.562,-33.092],[146.582,-33.08],[146.596,-33.08],[146.602,-33.074],[146.63,-33.06],[146.648,-33.032],[146.706,-33.03],[146.528,-32.368],[146.32,-31.572],[146.548,-31.302],[146.468,-31.18],[146.366,-31.228],[146.316,-31.152],[146.364,-31.122],[146.286,-31.032],[146.438,-30.96],[146.346,-30.852]]]}},{"type":"Feature","id":"11800","properties":{"id":"11800","name":"Coffs Harbour","regionAbbrev":"AUNSW","ste":"1"},"geometry":{"type":"Polygon","coordinates":[[[153.06,-30.448],[153.076,-30.432],[153.078,-30.432],[153.078,-30.43],[153.076,-30.43],[153.108,-30.358],[153.11,-30.356],[153.144,-30.312],[153.146,-30.312],[153.148,-30.314],[153.15,-30.312],[153.144,-30.31],[153.154,-30.304],[153.14,-30.296],[153.148,-30.27],[153.14,-30.266],[153.14,-30.264],[153.14,-30.256],[153.144,-30.25],[153.164,-30.212],[153.204,-30.146],[153.214,-30.112],[153.214,-30.11],[153.206,-30.058],[153.262,-29.94],[153.23,-29.896],[153.136,-29.952],[153.144,-29.98],[153.1,-29.998],[153.092,-30.036],[153.044,-30.044],[153.038,-30.09],[152.97,-30.086],[152.974,-30.13],[152.918,-30.154],[152.882,-30.128],[152.868,-30.134],[152.834,-30.142],[152.82,-30.138],[152.808,-30.126],[152.804,-30.19],[152.818,-30.212],[152.856,-30.252],[152.822,-30.274],[152.822,-30.276],[152.834,-30.312],[152.966,-30.348],[152.962,-30.39],[152.964,-30.39],[152.968,-30.392],[152.97,-30.392],[152.972,-30.394],[152.978,-30.396],[152.984,-30.4],[153.06,-30.448]]]}},{"type":"Feature","id":"12000","properties":{"id":"12000","name":"Coolamon","regionAbbrev":"AUNSW","ste":"1"},"geometry":{"type":"Polygon","coordinates":[[[146.824,-34.31],[146.792,-34.472],[146.912,-34.482],[146.902,-34.534],[146.85,-34.808],[146.958,-34.844],[147.094,-34.824],[147.09,-34.88],[147.316,-34.906],[147.394,-34.87],[147.466,-34.754],[147.464,-34.63],[147.374,-34.658],[147.336,-34.564],[147.108,-34.536],[147.114,-34.498],[147.13,-34.426],[147.084,-34.42],[147.108,-34.316],[146.824,-34.31]]]}},{"type":"Feature","id":"12150","properties":{"id":"12150","name":"Coonamble","regionAbbrev":"AUNSW","ste":"1"},"geometry":{"type":"Polygon","coordinates":[[[147.866,-30.984],[147.888,-31.016],[147.928,-31.044],[147.978,-31.086],[147.988,-31.18],[148.118,-31.284],[148.23,-31.388],[148.298,-31.384],[148.308,-31.416],[148.46,-31.344],[148.596,-31.388],[148.618,-31.27],[148.828,-31.25],[149.026,-31.306],[149.064,-31.29],[148.954,-31.226],[148.902,-31.046],[148.834,-31.028],[148.874,-30.912],[148.82,-30.87],[148.88,-30.826],[148.798,-30.75],[148.812,-30.674],[148.836,-30.528],[148.666,-30.526],[148.644,-30.582],[148.586,-30.564],[148.474,-30.508],[148.304,-30.318],[148.228,-30.35],[148.234,-30.44],[148.118,-30.512],[148.11,-30.418],[147.972,-30.412],[147.846,-30.478],[147.848,-30.54],[147.622,-30.512],[147.574,-30.576],[147.574,-30.58],[147.576,-30.588],[147.584,-30.664],[147.532,-30.758],[147.52,-30.784],[147.518,-30.81],[147.698,-30.836],[147.744,-30.996],[147.866,-30.984]]]}},{"type":"Feature","id":"12160","properties":{"id":"12160","name":"Cootamundra-Gundagai Regional","regionAbbrev":"AUNSW","ste":"1"},"geometry":{"type":"Polygon","coordinates":[[[147.77,-34.532],[147.87,-34.634],[147.878,-34.722],[147.948,-34.748],[147.944,-34.834],[147.866,-34.904],[147.84,-34.988],[147.846,-34.998],[147.846,-35.006],[147.848,-35.012],[147.852,-35.018],[147.814,-35.09],[147.69,-35.078],[147.688,-35.078],[147.734,-35.104],[147.736,-35.104],[147.77,-35.174],[147.772,-35.18],[147.772,-35.184],[147.856,-35.278],[147.898,-35.23],[147.96,-35.228],[147.962,-35.186],[148.184,-35.184],[148.214,-35.146],[148.2,-35.11],[148.424,-35.164],[148.47,-35.08],[148.526,-35.088],[148.548,-35.132],[148.584,-35.002],[148.532,-34.992],[148.55,-34.908],[148.522,-34.9],[148.394,-34.906],[148.394,-34.86],[148.316,-34.866],[148.248,-34.732],[148.194,-34.664],[148.194,-34.594],[148.238,-34.582],[148.2,-34.488],[148.016,-34.412],[148.028,-34.35],[147.826,-34.34],[147.824,-34.34],[147.828,-34.356],[147.834,-34.36],[147.836,-34.382],[147.842,-34.398],[147.854,-34.404],[147.854,-34.406],[147.856,-34.408],[147.856,-34.41],[147.858,-34.414],[147.856,-34.416],[147.856,-34.424],[147.862,-34.432],[147.862,-34.434],[147.876,-34.456],[147.79,-34.446],[147.77,-34.532]]]}},{"type":"Feature","id":"12350","properties":{"id":"12350","name":"Cowra","regionAbbrev":"AUNSW","ste":"1"},"geometry":{"type":"Polygon","coordinates":[[[149.258,-33.74],[149.17,-33.72],[149.066,-33.812],[149.026,-33.802],[148.976,-33.756],[148.994,-33.72],[148.912,-33.682],[148.922,-33.598],[148.84,-33.568],[148.778,-33.526],[148.684,-33.586],[148.652,-33.56],[148.59,-33.594],[148.586,-33.594],[148.552,-33.602],[148.544,-33.598],[148.544,-33.596],[148.496,-33.58],[148.494,-33.582],[148.492,-33.582],[148.484,-33.584],[148.414,-33.604],[148.372,-33.606],[148.344,-33.616],[148.346,-33.616],[148.346,-33.618],[148.344,-33.62],[148.344,-33.624],[148.342,-33.63],[148.342,-33.636],[148.342,-33.638],[148.338,-33.64],[148.338,-33.642],[148.334,-33.644],[148.33,-33.648],[148.376,-33.688],[148.336,-33.75],[148.372,-33.744],[148.31,-33.836],[148.38,-33.832],[148.406,-33.884],[148.472,-33.826],[148.516,-33.916],[148.442,-34.012],[148.552,-34.02],[148.56,-34.022],[148.672,-34.096],[148.732,-34.078],[148.746,-34.008],[148.832,-33.944],[148.89,-33.938],[148.93,-33.982],[148.968,-33.964],[148.982,-33.924],[149.012,-33.932],[149.12,-33.888],[149.138,-33.864],[149.142,-33.856],[149.166,-33.856],[149.182,-33.834],[149.258,-33.74]]]}},{"type":"Feature","id":"12380","properties":{"id":"12380","name":"Cumberland","regionAbbrev":"AUNSW","ste":"1"},"geometry":{"type":"Polygon","coordinates":[[[150.91,-33.824],[150.932,-33.842],[150.946,-33.852],[150.95,-33.854],[150.958,-33.86],[150.96,-33.86],[150.96,-33.862],[150.962,-33.868],[150.992,-33.864],[151.058,-33.884],[151.06,-33.884],[151.062,-33.864],[151.064,-33.856],[151.006,-33.828],[150.992,-33.82],[150.992,-33.818],[150.952,-33.784],[150.91,-33.824]]]}},{"type":"Feature","id":"12390","properties":{"id":"12390","name":"Dubbo Regional","regionAbbrev":"AUNSW","ste":"1"},"geometry":{"type":"Polygon","coordinates":[[[149.234,-32.998],[149.282,-32.922],[149.23,-32.908],[149.24,-32.812],[149.282,-32.818],[149.278,-32.694],[149.296,-32.646],[149.232,-32.606],[149.298,-32.498],[149.26,-32.48],[149.286,-32.434],[149.258,-32.398],[149.174,-32.402],[149.226,-32.296],[149.226,-32.294],[149.19,-32.29],[149.222,-32.182],[149.198,-32.11],[149.096,-32.116],[149.06,-32.088],[149.02,-32.108],[148.998,-32.036],[149.032,-31.922],[148.978,-31.914],[148.626,-31.9],[148.44,-32.018],[148.438,-32.018],[148.406,-32.102],[148.458,-32.142],[148.36,-32.2],[148.366,-32.236],[148.406,-32.31],[148.38,-32.394],[148.408,-32.396],[148.38,-32.426],[148.406,-32.624],[148.636,-32.636],[148.692,-32.664],[148.648,-32.744],[148.796,-32.85],[148.81,-32.88],[148.956,-32.902],[148.96,-32.91],[148.986,-32.956],[149.02,-32.968],[149.014,-33.014],[149.014,-33.04],[149.064,-33.04],[149.082,-33.04],[149.134,-33.062],[149.13,-33.04],[149.12,-33.018],[149.122,-33.018],[149.14,-33.01],[149.204,-33.032],[149.234,-32.998]]]}},{"type":"Feature","id":"12700","properties":{"id":"12700","name":"Dungog","regionAbbrev":"AUNSW","ste":"1"},"geometry":{"type":"Polygon","coordinates":[[[151.346,-32.182],[151.34,-32.262],[151.502,-32.504],[151.474,-32.606],[151.606,-32.63],[151.67,-32.578],[151.764,-32.614],[151.808,-32.584],[151.79,-32.62],[151.822,-32.646],[151.858,-32.614],[151.918,-32.442],[151.844,-32.41],[151.81,-32.246],[151.76,-32.264],[151.696,-32.19],[151.65,-32.1],[151.406,-32.044],[151.392,-32.082],[151.336,-32.082],[151.31,-32.14],[151.346,-32.182]]]}},{"type":"Feature","id":"12730","properties":{"id":"12730","name":"Edward River","regionAbbrev":"AUNSW","ste":"1"},"geometry":{"type":"Polygon","coordinates":[[[145.486,-35.512],[145.57,-35.018],[145.598,-34.856],[145.178,-34.85],[144.62,-34.846],[144.284,-34.794],[144.15,-34.74],[144.138,-35.044],[144.05,-35.096],[144.172,-35.158],[144.264,-35.174],[144.39,-35.192],[144.434,-35.26],[144.596,-35.33],[144.654,-35.394],[144.892,-35.488],[144.896,-35.57],[145.104,-35.638],[145.164,-35.674],[145.204,-35.688],[145.344,-35.712],[145.36,-35.718],[145.372,-35.722],[145.418,-35.708],[145.458,-35.698],[145.486,-35.512]]]}},{"type":"Feature","id":"12750","properties":{"id":"12750","name":"Eurobodalla","regionAbbrev":"AUNSW","ste":"1"},"geometry":{"type":"MultiPolygon","coordinates":[[[[150.084,-36.362],[150.128,-36.32],[150.128,-36.318],[150.136,-36.312],[150.136,-36.31],[150.136,-36.306],[150.138,-36.304],[150.136,-36.298],[150.134,-36.294],[150.134,-36.292],[150.134,-36.29],[150.132,-36.29],[150.148,-36.266],[150.146,-36.258],[150.146,-36.256],[150.146,-36.252],[150.146,-36.238],[150.148,-36.238],[150.148,-36.236],[150.144,-36.23],[150.142,-36.228],[150.142,-36.226],[150.142,-36.218],[150.142,-36.216],[150.14,-36.216],[150.134,-36.21],[150.134,-36.202],[150.134,-36.2],[150.132,-36.198],[150.132,-36.196],[150.132,-36.194],[150.134,-36.194],[150.134,-36.178],[150.134,-36.17],[150.132,-36.17],[150.132,-36.168],[150.134,-36.168],[150.134,-36.166],[150.138,-36.104],[150.138,-36.102],[150.138,-36.1],[150.142,-36.096],[150.142,-36.094],[150.138,-36.092],[150.136,-36.086],[150.136,-36.084],[150.136,-36.082],[150.134,-36.082],[150.134,-36.08],[150.136,-36.066],[150.14,-36.064],[150.142,-36.062],[150.144,-36.056],[150.158,-36.018],[150.162,-36.012],[150.16,-36.002],[150.16,-35.998],[150.162,-35.996],[150.164,-35.994],[150.164,-35.992],[150.16,-35.992],[150.158,-35.992],[150.154,-35.984],[150.152,-35.974],[150.16,-35.912],[150.162,-35.908],[150.16,-35.908],[150.158,-35.908],[150.154,-35.908],[150.152,-35.904],[150.184,-35.84],[150.186,-35.838],[150.192,-35.832],[150.216,-35.832],[150.226,-35.832],[150.236,-35.834],[150.228,-35.828],[150.228,-35.824],[150.226,-35.82],[150.228,-35.82],[150.228,-35.81],[150.226,-35.808],[150.232,-35.804],[150.236,-35.792],[150.236,-35.79],[150.234,-35.776],[150.222,-35.762],[150.216,-35.762],[150.216,-35.748],[150.216,-35.746],[150.216,-35.742],[150.214,-35.738],[150.208,-35.732],[150.208,-35.73],[150.198,-35.718],[150.186,-35.712],[150.192,-35.704],[150.21,-35.706],[150.212,-35.71],[150.242,-35.708],[150.242,-35.71],[150.244,-35.71],[150.244,-35.708],[150.262,-35.718],[150.27,-35.72],[150.286,-35.702],[150.286,-35.7],[150.288,-35.698],[150.298,-35.692],[150.298,-35.69],[150.304,-35.684],[150.306,-35.672],[150.308,-35.638],[150.274,-35.632],[150.272,-35.626],[150.26,-35.624],[150.254,-35.564],[150.202,-35.546],[150.2,-35.552],[150.068,-35.578],[150.002,-35.536],[149.998,-35.53],[149.994,-35.524],[149.98,-35.502],[149.946,-35.564],[149.936,-35.562],[149.862,-35.714],[149.76,-35.794],[149.686,-35.802],[149.684,-35.962],[149.674,-35.988],[149.62,-35.962],[149.602,-35.99],[149.568,-36.008],[149.584,-36.08],[149.544,-36.106],[149.584,-36.142],[149.652,-36.13],[149.64,-36.196],[149.74,-36.24],[149.954,-36.268],[149.952,-36.322],[149.96,-36.32],[149.96,-36.316],[149.988,-36.358],[150.032,-36.356],[150.03,-36.354],[150.032,-36.346],[150.044,-36.354],[150.052,-36.356],[150.054,-36.358],[150.058,-36.36],[150.064,-36.35],[150.084,-36.362]]],[[[150.23,-36.244],[150.232,-36.244],[150.23,-36.244],[150.228,-36.242],[150.224,-36.244],[150.226,-36.244],[150.224,-36.246],[150.226,-36.248],[150.224,-36.25],[150.224,-36.252],[150.224,-36.254],[150.23,-36.256],[150.23,-36.254],[150.23,-36.25],[150.232,-36.25],[150.23,-36.25],[150.228,-36.248],[150.23,-36.246],[150.23,-36.244]]]]}},{"type":"Feature","id":"12850","properties":{"id":"12850","name":"Fairfield","regionAbbrev":"AUNSW","ste":"1"},"geometry":{"type":"Polygon","coordinates":[[[150.814,-33.822],[150.816,-33.878],[150.916,-33.908],[150.916,-33.906],[150.926,-33.906],[150.942,-33.904],[150.974,-33.91],[150.992,-33.864],[150.962,-33.868],[150.96,-33.862],[150.96,-33.86],[150.958,-33.86],[150.95,-33.854],[150.946,-33.852],[150.932,-33.842],[150.91,-33.824],[150.89,-33.832],[150.878,-33.826],[150.814,-33.822]]]}},{"type":"Feature","id":"12870","properties":{"id":"12870","name":"Federation","regionAbbrev":"AUNSW","ste":"1"},"geometry":{"type":"Polygon","coordinates":[[[145.948,-35.96],[145.972,-36.016],[146.052,-35.994],[146.156,-36.022],[146.178,-36.034],[146.19,-36.04],[146.19,-36.038],[146.198,-36.03],[146.2,-36.032],[146.242,-36.022],[146.258,-36.012],[146.276,-36.018],[146.298,-36.048],[146.352,-36.042],[146.398,-36.008],[146.4,-36.008],[146.426,-35.964],[146.49,-35.99],[146.502,-35.958],[146.548,-35.992],[146.564,-35.968],[146.708,-36.03],[146.706,-35.95],[146.654,-35.93],[146.676,-35.894],[146.53,-35.918],[146.552,-35.82],[146.498,-35.812],[146.606,-35.506],[146.432,-35.474],[146.354,-35.388],[146.362,-35.346],[146.404,-35.304],[146.39,-35.232],[146.688,-35.068],[146.28,-34.884],[146.234,-34.872],[146.192,-34.924],[146.152,-34.902],[146.076,-34.898],[146.008,-35.134],[146.04,-35.198],[145.964,-35.252],[145.986,-35.288],[146.066,-35.322],[146.008,-35.586],[145.948,-35.96]]]}},{"type":"Feature","id":"12900","properties":{"id":"12900","name":"Forbes","regionAbbrev":"AUNSW","ste":"1"},"geometry":{"type":"Polygon","coordinates":[[[147.512,-33.706],[147.602,-33.614],[147.684,-33.624],[147.698,-33.704],[148.078,-33.704],[148.082,-33.696],[148.086,-33.688],[148.088,-33.678],[148.102,-33.648],[148.184,-33.638],[148.328,-33.654],[148.328,-33.65],[148.33,-33.648],[148.334,-33.644],[148.338,-33.642],[148.338,-33.64],[148.342,-33.638],[148.342,-33.636],[148.342,-33.63],[148.344,-33.624],[148.344,-33.62],[148.346,-33.618],[148.346,-33.616],[148.344,-33.616],[148.372,-33.606],[148.414,-33.604],[148.394,-33.518],[148.292,-33.492],[148.328,-33.454],[148.334,-33.448],[148.35,-33.452],[148.362,-33.448],[148.346,-33.42],[148.418,-33.386],[148.398,-33.336],[148.41,-33.326],[148.402,-33.264],[148.402,-33.26],[148.424,-33.242],[148.426,-33.242],[148.43,-33.216],[148.238,-33.198],[148.228,-33.276],[148.166,-33.252],[148.098,-33.276],[147.886,-33.21],[147.636,-33.186],[147.656,-33.15],[147.566,-33.13],[147.556,-33.048],[147.406,-33.036],[147.39,-33.138],[147.332,-33.112],[147.326,-33.112],[147.298,-33.192],[147.376,-33.218],[147.516,-33.262],[147.48,-33.442],[147.426,-33.434],[147.404,-33.526],[147.512,-33.706]]]}},{"type":"Feature","id":"12930","properties":{"id":"12930","name":"Georges River","regionAbbrev":"AUNSW","ste":"1"},"geometry":{"type":"Polygon","coordinates":[[[151.102,-33.938],[151.082,-33.942],[151.046,-33.948],[151.044,-33.95],[151.042,-33.952],[151.042,-33.956],[151.042,-33.958],[151.042,-33.962],[151.046,-33.966],[151.04,-33.984],[151.034,-33.984],[151.036,-33.99],[151.052,-33.992],[151.05,-33.98],[151.054,-33.982],[151.062,-33.982],[151.066,-33.982],[151.074,-33.984],[151.074,-33.986],[151.076,-33.992],[151.084,-33.992],[151.088,-33.982],[151.09,-33.982],[151.096,-33.99],[151.1,-33.992],[151.11,-34],[151.112,-33.996],[151.116,-33.996],[151.114,-33.998],[151.114,-34],[151.124,-33.994],[151.124,-33.996],[151.124,-33.998],[151.126,-34.002],[151.138,-33.96],[151.102,-33.938]]]}},{"type":"Feature","id":"12950","properties":{"id":"12950","name":"Gilgandra","regionAbbrev":"AUNSW","ste":"1"},"geometry":{"type":"Polygon","coordinates":[[[148.308,-31.416],[148.268,-31.586],[148.324,-31.59],[148.298,-31.732],[148.358,-31.73],[148.346,-31.798],[148.302,-31.792],[148.344,-31.936],[148.438,-32.018],[148.44,-32.018],[148.626,-31.9],[148.978,-31.914],[149.032,-31.8],[149.098,-31.784],[149.068,-31.67],[149.112,-31.612],[149.114,-31.578],[149.118,-31.57],[149.12,-31.568],[149.128,-31.556],[149.126,-31.552],[149.138,-31.536],[149.138,-31.532],[149.13,-31.49],[149.032,-31.478],[149.048,-31.444],[148.956,-31.452],[149.064,-31.29],[149.026,-31.306],[148.828,-31.25],[148.618,-31.27],[148.596,-31.388],[148.46,-31.344],[148.308,-31.416]]]}},{"type":"Feature","id":"13010","properties":{"id":"13010","name":"Glen Innes Severn","regionAbbrev":"AUNSW","ste":"1"},"geometry":{"type":"Polygon","coordinates":[[[152.272,-29.942],[152.27,-29.932],[152.288,-29.872],[152.274,-29.846],[152.248,-29.864],[152.214,-29.87],[152.198,-29.872],[152.17,-29.864],[152.188,-29.802],[152.262,-29.756],[152.282,-29.664],[152.328,-29.654],[152.354,-29.544],[152.41,-29.512],[152.41,-29.398],[152.432,-29.392],[152.452,-29.358],[152.332,-29.342],[152.298,-29.376],[152.054,-29.34],[152.006,-29.406],[151.806,-29.426],[151.784,-29.354],[151.7,-29.328],[151.676,-29.356],[151.624,-29.346],[151.582,-29.268],[151.464,-29.24],[151.428,-29.288],[151.454,-29.352],[151.456,-29.356],[151.46,-29.42],[151.476,-29.602],[151.534,-29.674],[151.506,-29.75],[151.548,-29.76],[151.604,-29.938],[151.604,-29.942],[151.672,-30.018],[151.864,-30.016],[152.074,-30.008],[152.1,-30.006],[152.148,-30.018],[152.134,-29.972],[152.186,-29.944],[152.224,-29.988],[152.272,-29.942]]]}},{"type":"Feature","id":"13310","properties":{"id":"13310","name":"Goulburn Mulwaree","regionAbbrev":"AUNSW","ste":"1"},"geometry":{"type":"Polygon","coordinates":[[[149.528,-34.634],[149.496,-34.668],[149.534,-34.71],[149.508,-34.818],[149.47,-34.858],[149.544,-34.87],[149.522,-34.906],[149.53,-34.952],[149.542,-35.152],[149.592,-35.156],[149.642,-35.112],[149.672,-35.142],[149.672,-35.144],[149.674,-35.146],[149.82,-35.208],[149.85,-35.232],[149.88,-35.256],[149.9,-35.224],[149.93,-35.236],[149.932,-35.15],[149.978,-35.166],[150.036,-35.128],[149.978,-35.066],[150.028,-35.054],[150.024,-35.002],[150.052,-35.006],[150.092,-34.912],[150.042,-34.86],[150.056,-34.77],[150.166,-34.822],[150.334,-34.752],[150.27,-34.734],[150.216,-34.746],[150.19,-34.756],[150.094,-34.68],[150.084,-34.582],[150.064,-34.616],[149.95,-34.632],[149.832,-34.598],[149.856,-34.642],[149.794,-34.65],[149.81,-34.62],[149.76,-34.598],[149.7,-34.548],[149.66,-34.556],[149.618,-34.644],[149.556,-34.606],[149.528,-34.634]]]}},{"type":"Feature","id":"13340","properties":{"id":"13340","name":"Greater Hume Shire","regionAbbrev":"AUNSW","ste":"1"},"geometry":{"type":"MultiPolygon","coordinates":[[[[147.096,-36.038],[147.098,-36.038],[147.118,-35.998],[147.144,-36.038],[147.322,-36.06],[147.374,-35.98],[147.376,-35.976],[147.392,-35.972],[147.392,-35.97],[147.406,-35.942],[147.476,-35.944],[147.55,-36.004],[147.584,-35.986],[147.56,-35.972],[147.558,-35.972],[147.69,-35.938],[147.706,-35.872],[147.712,-35.838],[147.806,-35.798],[147.824,-35.646],[147.898,-35.634],[147.846,-35.554],[147.754,-35.536],[147.742,-35.536],[147.682,-35.556],[147.522,-35.482],[147.488,-35.546],[147.428,-35.538],[147.392,-35.564],[147.364,-35.514],[147.186,-35.448],[147.16,-35.464],[147.07,-35.452],[146.872,-35.576],[146.684,-35.558],[146.67,-35.52],[146.606,-35.506],[146.498,-35.812],[146.552,-35.82],[146.53,-35.918],[146.676,-35.894],[146.654,-35.93],[146.706,-35.95],[146.708,-36.03],[146.728,-36.03],[146.73,-36.03],[146.814,-36.064],[146.818,-36.066],[146.836,-36.016],[146.952,-35.988],[146.936,-35.948],[146.97,-35.914],[147.046,-35.948],[147.058,-35.98],[147.058,-35.982],[147.064,-35.99],[147.066,-35.992],[147.096,-36.038]]],[[[147.098,-36.04],[147.098,-36.038],[147.096,-36.038],[147.098,-36.04]]]]}},{"type":"Feature","id":"13450","properties":{"id":"13450","name":"Griffith","regionAbbrev":"AUNSW","ste":"1"},"geometry":{"type":"Polygon","coordinates":[[[145.95,-34.552],[146.028,-34.566],[146.076,-34.566],[146.09,-34.484],[146.146,-34.5],[146.134,-34.39],[146.308,-34.334],[146.306,-34.26],[146.234,-34.252],[146.248,-34.18],[146.194,-34.198],[146.154,-34.134],[145.796,-34.098],[145.736,-34.362],[145.834,-34.344],[145.826,-34.44],[145.968,-34.452],[145.95,-34.552]]]}},{"type":"Feature","id":"13550","properties":{"id":"13550","name":"Gunnedah","regionAbbrev":"AUNSW","ste":"1"},"geometry":{"type":"Polygon","coordinates":[[[149.66,-30.884],[149.632,-30.916],[149.838,-30.92],[149.82,-31.084],[149.906,-31.096],[149.894,-31.164],[149.888,-31.178],[149.796,-31.224],[149.79,-31.294],[149.804,-31.372],[149.884,-31.372],[149.914,-31.452],[150.002,-31.446],[149.988,-31.328],[150.08,-31.338],[150.138,-31.224],[150.166,-31.232],[150.162,-31.354],[150.434,-31.392],[150.43,-31.352],[150.548,-31.356],[150.592,-31.082],[150.598,-31.038],[150.492,-30.92],[150.564,-30.83],[150.456,-30.772],[150.458,-30.69],[150.51,-30.66],[150.474,-30.626],[150.392,-30.604],[150.338,-30.674],[150.296,-30.674],[150.264,-30.762],[150.112,-30.748],[150.078,-30.804],[150.012,-30.736],[149.984,-30.776],[149.826,-30.758],[149.788,-30.858],[149.66,-30.884]]]}},{"type":"Feature","id":"13660","properties":{"id":"13660","name":"Gwydir","regionAbbrev":"AUNSW","ste":"1"},"geometry":{"type":"Polygon","coordinates":[[[150.252,-29.078],[150.17,-29.496],[150.22,-29.498],[150.196,-29.62],[150.304,-29.732],[150.304,-29.878],[150.3,-29.942],[150.294,-29.99],[150.25,-29.992],[150.198,-30.062],[150.074,-30.104],[150.102,-30.19],[150.146,-30.208],[150.18,-30.206],[150.208,-30.256],[150.308,-30.258],[150.366,-30.318],[150.432,-30.282],[150.464,-30.252],[150.54,-30.322],[150.592,-30.286],[150.694,-30.278],[150.724,-30.294],[150.834,-30.196],[150.94,-30.196],[150.97,-30.13],[150.948,-30.074],[150.992,-30.08],[150.992,-29.916],[150.88,-29.864],[150.77,-29.782],[150.648,-29.776],[150.688,-29.706],[150.734,-29.568],[150.858,-29.512],[150.884,-29.458],[150.89,-29.416],[150.828,-29.412],[150.818,-29.362],[150.802,-29.336],[150.75,-29.262],[150.75,-29.134],[150.648,-29.044],[150.612,-28.998],[150.638,-28.826],[150.652,-28.812],[150.658,-28.808],[150.668,-28.786],[150.666,-28.734],[150.564,-28.708],[150.54,-28.706],[150.48,-28.672],[150.344,-28.828],[150.15,-28.888],[150.26,-29.014],[150.252,-29.078]]]}},{"type":"Feature","id":"13800","properties":{"id":"13800","name":"Hawkesbury","regionAbbrev":"AUNSW","ste":"1"},"geometry":{"type":"Polygon","coordinates":[[[150.874,-33.656],[150.936,-33.564],[150.89,-33.562],[150.928,-33.504],[150.87,-33.5],[150.906,-33.472],[150.876,-33.452],[150.988,-33.378],[150.986,-33.368],[151.032,-33.35],[151.042,-33.344],[151.078,-33.334],[151.088,-33.316],[151.09,-33.28],[151.098,-33.26],[151.1,-33.252],[151.104,-33.224],[151.104,-33.222],[151.098,-33.204],[151.098,-33.192],[151.136,-33.11],[151.084,-33.074],[151.038,-33.124],[150.884,-33.118],[150.854,-33.058],[150.806,-33.006],[150.742,-33.018],[150.694,-32.996],[150.672,-33.024],[150.728,-33.072],[150.612,-33.066],[150.614,-33.088],[150.61,-33.144],[150.524,-33.194],[150.576,-33.29],[150.552,-33.314],[150.592,-33.338],[150.55,-33.368],[150.5,-33.428],[150.432,-33.538],[150.436,-33.548],[150.468,-33.584],[150.544,-33.556],[150.562,-33.61],[150.616,-33.614],[150.606,-33.662],[150.66,-33.684],[150.688,-33.622],[150.712,-33.614],[150.812,-33.678],[150.874,-33.656]]]}},{"type":"Feature","id":"13850","properties":{"id":"13850","name":"Hay","regionAbbrev":"AUNSW","ste":"1"},"geometry":{"type":"Polygon","coordinates":[[[143.946,-34.356],[143.902,-34.654],[144.15,-34.74],[144.284,-34.794],[144.62,-34.846],[145.178,-34.85],[145.242,-34.506],[145.206,-34.488],[145.258,-34.176],[145.124,-34.076],[145.036,-33.94],[145.216,-33.826],[145.164,-33.77],[145.172,-33.696],[145.17,-33.698],[145.16,-33.702],[145.158,-33.706],[145.158,-33.71],[145.156,-33.714],[145.132,-33.712],[145.096,-33.72],[145.07,-33.722],[145.062,-33.72],[145.054,-33.716],[145.052,-33.71],[145.044,-33.71],[145.042,-33.71],[145.042,-33.714],[145.044,-33.716],[145.042,-33.72],[145.04,-33.724],[145.04,-33.728],[145.04,-33.73],[145.038,-33.732],[145.038,-33.734],[145.032,-33.734],[145.03,-33.736],[145.028,-33.738],[145.024,-33.738],[145.018,-33.738],[145.012,-33.738],[145.004,-33.74],[145,-33.74],[145,-33.738],[144.996,-33.74],[144.99,-33.748],[144.966,-33.758],[144.928,-33.754],[144.934,-33.716],[144.812,-33.684],[144.834,-33.506],[144.802,-33.512],[144.808,-33.474],[144.692,-33.462],[144.728,-33.524],[144.554,-33.488],[144.544,-33.526],[144.462,-33.516],[144.448,-33.602],[144.532,-33.61],[144.514,-33.728],[144.556,-33.732],[144.558,-34.028],[144.688,-34.05],[144.684,-34.058],[144.688,-34.068],[144.682,-34.074],[144.68,-34.074],[144.678,-34.076],[144.67,-34.084],[144.666,-34.082],[144.66,-34.082],[144.658,-34.082],[144.648,-34.082],[144.644,-34.082],[144.642,-34.084],[144.624,-34.096],[144.62,-34.1],[144.612,-34.102],[144.608,-34.106],[144.608,-34.108],[144.608,-34.112],[144.592,-34.116],[144.586,-34.12],[144.588,-34.122],[144.586,-34.128],[144.584,-34.128],[144.582,-34.128],[144.57,-34.132],[144.568,-34.13],[144.554,-34.142],[144.55,-34.154],[144.552,-34.168],[144.55,-34.168],[144.546,-34.174],[144.538,-34.178],[144.534,-34.184],[144.532,-34.184],[144.526,-34.184],[144.512,-34.198],[144.508,-34.202],[144.504,-34.206],[144.504,-34.208],[144.5,-34.21],[144.492,-34.214],[144.49,-34.212],[144.454,-34.224],[144.44,-34.218],[144.43,-34.226],[144.412,-34.222],[144.41,-34.22],[144.408,-34.222],[144.402,-34.222],[144.388,-34.228],[144.376,-34.23],[144.374,-34.234],[144.362,-34.24],[144.36,-34.24],[144.35,-34.24],[144.35,-34.242],[144.342,-34.242],[144.338,-34.242],[144.3,-34.244],[144.296,-34.24],[144.292,-34.232],[144.282,-34.232],[144.272,-34.236],[144.266,-34.236],[144.262,-34.236],[144.24,-34.236],[144.242,-34.24],[144.228,-34.25],[144.17,-34.228],[144.16,-34.216],[144.156,-34.208],[144.154,-34.206],[144.15,-34.208],[144.134,-34.196],[144.118,-34.192],[144.11,-34.198],[144.102,-34.212],[144.098,-34.214],[144.096,-34.214],[144.094,-34.212],[144.09,-34.214],[144.08,-34.22],[144.078,-34.232],[144.076,-34.234],[144.076,-34.236],[144.056,-34.276],[143.946,-34.356]]]}},{"type":"Feature","id":"13910","properties":{"id":"13910","name":"Hilltops","regionAbbrev":"AUNSW","ste":"1"},"geometry":{"type":"Polygon","coordinates":[[[147.714,-34.162],[147.724,-34.182],[147.752,-34.184],[147.798,-34.268],[147.798,-34.278],[147.806,-34.3],[147.806,-34.302],[147.824,-34.336],[147.824,-34.34],[147.826,-34.34],[148.028,-34.35],[148.016,-34.412],[148.2,-34.488],[148.238,-34.582],[148.194,-34.594],[148.194,-34.664],[148.248,-34.732],[148.316,-34.866],[148.394,-34.86],[148.394,-34.906],[148.522,-34.9],[148.582,-34.806],[148.588,-34.626],[148.66,-34.614],[148.654,-34.542],[148.74,-34.56],[148.842,-34.566],[148.892,-34.642],[148.948,-34.644],[149.01,-34.508],[149.016,-34.492],[149.018,-34.49],[149.022,-34.484],[149.024,-34.482],[149.038,-34.448],[149.12,-34.36],[149.092,-34.292],[149.132,-34.276],[149.012,-34.142],[149.062,-33.998],[149.018,-33.99],[149.012,-33.932],[148.982,-33.924],[148.968,-33.964],[148.93,-33.982],[148.89,-33.938],[148.832,-33.944],[148.746,-34.008],[148.732,-34.078],[148.672,-34.096],[148.56,-34.022],[148.552,-34.02],[148.442,-34.012],[148.386,-34.13],[148.238,-34.054],[148.146,-34.08],[148.032,-34.028],[148.026,-34.118],[147.98,-34.094],[147.874,-34.114],[147.822,-34.118],[147.774,-34.14],[147.76,-34.142],[147.714,-34.162]]]}},{"type":"Feature","id":"14000","properties":{"id":"14000","name":"Hornsby","regionAbbrev":"AUNSW","ste":"1"},"geometry":{"type":"MultiPolygon","coordinates":[[[[150.99,-33.38],[150.986,-33.392],[150.986,-33.398],[151.03,-33.516],[151.026,-33.666],[151.012,-33.71],[151.05,-33.758],[151.098,-33.766],[151.106,-33.76],[151.094,-33.732],[151.156,-33.666],[151.16,-33.66],[151.156,-33.652],[151.162,-33.644],[151.16,-33.64],[151.164,-33.636],[151.17,-33.628],[151.166,-33.626],[151.176,-33.62],[151.21,-33.6],[151.202,-33.594],[151.192,-33.592],[151.194,-33.59],[151.2,-33.59],[151.22,-33.594],[151.242,-33.57],[151.232,-33.562],[151.222,-33.574],[151.214,-33.572],[151.224,-33.556],[151.234,-33.548],[151.23,-33.546],[151.228,-33.546],[151.22,-33.546],[151.198,-33.55],[151.188,-33.536],[151.178,-33.514],[151.166,-33.536],[151.168,-33.556],[151.162,-33.574],[151.14,-33.572],[151.142,-33.584],[151.126,-33.588],[151.126,-33.6],[151.11,-33.588],[151.106,-33.586],[151.132,-33.578],[151.13,-33.576],[151.13,-33.572],[151.144,-33.564],[151.142,-33.536],[151.128,-33.53],[151.122,-33.52],[151.154,-33.498],[151.156,-33.466],[151.126,-33.466],[151.124,-33.47],[151.114,-33.472],[151.114,-33.474],[151.09,-33.48],[151.08,-33.448],[151.078,-33.46],[151.068,-33.46],[151.064,-33.45],[150.99,-33.38]]],[[[151.23,-33.542],[151.228,-33.538],[151.202,-33.544],[151.23,-33.542]]]]}},{"type":"Feature","id":"14100","properties":{"id":"14100","name":"Hunters Hill","regionAbbrev":"AUNSW","ste":"1"},"geometry":{"type":"Polygon","coordinates":[[[151.138,-33.814],[151.128,-33.84],[151.128,-33.842],[151.138,-33.844],[151.138,-33.842],[151.14,-33.836],[151.174,-33.838],[151.18,-33.836],[151.162,-33.838],[151.162,-33.834],[151.144,-33.83],[151.144,-33.826],[151.14,-33.816],[151.138,-33.814]]]}},{"type":"Feature","id":"14170","properties":{"id":"14170","name":"Inner West","regionAbbrev":"AUNSW","ste":"1"},"geometry":{"type":"MultiPolygon","coordinates":[[[[151.18,-33.92],[151.182,-33.906],[151.176,-33.872],[151.186,-33.868],[151.192,-33.86],[151.192,-33.854],[151.19,-33.856],[151.188,-33.856],[151.19,-33.854],[151.188,-33.854],[151.188,-33.852],[151.192,-33.852],[151.19,-33.852],[151.182,-33.848],[151.178,-33.852],[151.142,-33.87],[151.12,-33.87],[151.12,-33.876],[151.12,-33.88],[151.118,-33.88],[151.114,-33.884],[151.112,-33.894],[151.156,-33.926],[151.18,-33.92]]],[[[151.174,-33.848],[151.17,-33.846],[151.17,-33.848],[151.172,-33.848],[151.174,-33.848]]]]}},{"type":"Feature","id":"14220","properties":{"id":"14220","name":"Inverell","regionAbbrev":"AUNSW","ste":"1"},"geometry":{"type":"Polygon","coordinates":[[[151.604,-29.942],[151.604,-29.938],[151.548,-29.76],[151.506,-29.75],[151.534,-29.674],[151.476,-29.602],[151.46,-29.42],[151.456,-29.356],[151.454,-29.352],[151.428,-29.288],[151.428,-29.286],[151.366,-29.174],[151.316,-29.166],[151.28,-29.102],[151.276,-28.938],[151.104,-28.836],[151.044,-28.844],[151.01,-28.74],[150.752,-28.634],[150.634,-28.676],[150.526,-28.666],[150.484,-28.662],[150.48,-28.672],[150.54,-28.706],[150.564,-28.708],[150.666,-28.734],[150.668,-28.786],[150.658,-28.808],[150.652,-28.812],[150.638,-28.826],[150.612,-28.998],[150.648,-29.044],[150.75,-29.134],[150.75,-29.262],[150.802,-29.336],[150.818,-29.362],[150.828,-29.412],[150.89,-29.416],[150.884,-29.458],[150.858,-29.512],[150.734,-29.568],[150.688,-29.706],[150.648,-29.776],[150.77,-29.782],[150.88,-29.864],[150.992,-29.916],[150.992,-30.08],[151.012,-30.1],[151.124,-30.132],[151.136,-30.186],[151.236,-30.184],[151.278,-30.24],[151.292,-30.172],[151.292,-30.17],[151.258,-30.028],[151.37,-29.94],[151.448,-29.996],[151.604,-29.942]]]}},{"type":"Feature","id":"14300","properties":{"id":"14300","name":"Junee","regionAbbrev":"AUNSW","ste":"1"},"geometry":{"type":"Polygon","coordinates":[[[147.316,-34.906],[147.318,-34.95],[147.6,-34.986],[147.688,-35.078],[147.69,-35.078],[147.814,-35.09],[147.852,-35.018],[147.848,-35.012],[147.846,-35.006],[147.846,-34.998],[147.84,-34.988],[147.866,-34.904],[147.944,-34.834],[147.948,-34.748],[147.878,-34.722],[147.87,-34.634],[147.77,-34.532],[147.706,-34.582],[147.646,-34.566],[147.612,-34.63],[147.464,-34.63],[147.466,-34.754],[147.394,-34.87],[147.316,-34.906]]]}},{"type":"Feature","id":"14350","properties":{"id":"14350","name":"Kempsey","regionAbbrev":"AUNSW","ste":"1"},"geometry":{"type":"Polygon","coordinates":[[[152.296,-30.93],[152.288,-30.956],[152.272,-31.002],[152.346,-31.042],[152.336,-31.088],[152.35,-31.116],[152.386,-31.166],[152.522,-31.166],[152.562,-31.138],[152.562,-31.13],[152.574,-31.13],[152.624,-31.136],[152.71,-31.164],[152.752,-31.194],[152.73,-31.224],[152.818,-31.234],[152.816,-31.282],[152.966,-31.31],[152.968,-31.284],[152.982,-31.186],[153.056,-31.078],[153.056,-31.076],[153.054,-31.076],[153.056,-31.074],[153.054,-31.074],[153.056,-31.068],[153.066,-31.056],[153.066,-31.054],[153.04,-31.002],[153.088,-30.926],[153.088,-30.924],[153.09,-30.922],[153.09,-30.92],[153.088,-30.918],[153.088,-30.914],[153.09,-30.912],[153.084,-30.906],[153.078,-30.88],[153.078,-30.878],[153.076,-30.878],[153.074,-30.878],[153.074,-30.876],[153.072,-30.876],[153.068,-30.874],[153.044,-30.882],[153.04,-30.882],[153.038,-30.882],[153.002,-30.792],[152.998,-30.778],[153,-30.76],[152.87,-30.884],[152.772,-30.928],[152.734,-30.864],[152.666,-30.864],[152.684,-30.812],[152.556,-30.698],[152.5,-30.566],[152.43,-30.514],[152.4,-30.5],[152.312,-30.6],[152.37,-30.658],[152.376,-30.74],[152.288,-30.83],[152.296,-30.93]]]}},{"type":"Feature","id":"14400","properties":{"id":"14400","name":"Kiama","regionAbbrev":"AUNSW","ste":"1"},"geometry":{"type":"Polygon","coordinates":[[[150.604,-34.652],[150.736,-34.688],[150.734,-34.748],[150.782,-34.792],[150.82,-34.778],[150.822,-34.778],[150.824,-34.78],[150.824,-34.774],[150.828,-34.768],[150.832,-34.758],[150.834,-34.75],[150.86,-34.67],[150.866,-34.65],[150.862,-34.628],[150.838,-34.612],[150.83,-34.638],[150.798,-34.642],[150.79,-34.602],[150.694,-34.604],[150.604,-34.652]]]}},{"type":"Feature","id":"14500","properties":{"id":"14500","name":"Ku-ring-gai","regionAbbrev":"AUNSW","ste":"1"},"geometry":{"type":"Polygon","coordinates":[[[151.106,-33.76],[151.12,-33.768],[151.158,-33.792],[151.17,-33.79],[151.18,-33.786],[151.208,-33.778],[151.208,-33.776],[151.206,-33.774],[151.204,-33.772],[151.204,-33.774],[151.2,-33.768],[151.198,-33.768],[151.194,-33.758],[151.174,-33.692],[151.162,-33.66],[151.16,-33.66],[151.156,-33.666],[151.094,-33.732],[151.106,-33.76]]]}},{"type":"Feature","id":"14550","properties":{"id":"14550","name":"Kyogle","regionAbbrev":"AUNSW","ste":"1"},"geometry":{"type":"Polygon","coordinates":[[[152.69,-29.022],[152.746,-28.994],[152.744,-28.934],[152.846,-28.886],[152.924,-28.81],[152.952,-28.8],[152.954,-28.798],[152.912,-28.736],[152.918,-28.71],[153.076,-28.732],[153.078,-28.732],[153.082,-28.73],[153.082,-28.724],[153.082,-28.716],[153.086,-28.71],[153.086,-28.708],[153.084,-28.67],[153.122,-28.594],[153.16,-28.568],[153.168,-28.558],[153.17,-28.558],[153.172,-28.548],[153.178,-28.532],[153.184,-28.522],[153.16,-28.518],[153.146,-28.476],[153.136,-28.458],[153.114,-28.368],[153.11,-28.356],[152.88,-28.31],[152.752,-28.364],[152.614,-28.268],[152.598,-28.314],[152.63,-28.34],[152.616,-28.352],[152.616,-28.362],[152.608,-28.376],[152.606,-28.39],[152.598,-28.398],[152.594,-28.41],[152.58,-28.42],[152.568,-28.438],[152.566,-28.442],[152.556,-28.466],[152.552,-28.466],[152.554,-28.476],[152.544,-28.478],[152.542,-28.482],[152.502,-28.518],[152.502,-28.52],[152.44,-28.53],[152.458,-28.568],[152.418,-28.618],[152.398,-28.664],[152.376,-28.7],[152.414,-28.722],[152.494,-28.748],[152.498,-28.784],[152.544,-28.782],[152.538,-28.848],[152.574,-28.862],[152.56,-28.99],[152.69,-29.022]]]}},{"type":"Feature","id":"14600","properties":{"id":"14600","name":"Lachlan","regionAbbrev":"AUNSW","ste":"1"},"geometry":{"type":"Polygon","coordinates":[[[147.404,-33.526],[147.426,-33.434],[147.48,-33.442],[147.516,-33.262],[147.376,-33.218],[147.298,-33.192],[147.326,-33.112],[147.332,-33.112],[147.39,-33.138],[147.406,-33.036],[147.556,-33.048],[147.604,-32.762],[147.568,-32.734],[147.566,-32.616],[147.562,-32.456],[147.696,-32.368],[147.686,-32.338],[147.688,-32.316],[147.688,-32.314],[147.624,-32.284],[147.596,-32.266],[147.502,-32.21],[147.496,-32.188],[147.472,-32.146],[147.478,-32.124],[147.432,-32.076],[147.346,-31.996],[147.344,-31.996],[147.338,-31.996],[147.33,-31.994],[147.294,-31.994],[147.268,-32.066],[147.198,-32.11],[147.194,-32.068],[147.072,-32.152],[147.144,-32.228],[147.046,-32.292],[147.002,-32.288],[146.998,-32.316],[146.898,-32.204],[146.768,-32.29],[146.87,-32.406],[146.808,-32.448],[146.676,-32.332],[146.528,-32.368],[146.706,-33.03],[146.648,-33.032],[146.63,-33.06],[146.602,-33.074],[146.596,-33.08],[146.582,-33.08],[146.562,-33.092],[146.564,-33.094],[146.554,-33.088],[146.55,-33.086],[146.476,-33.11],[146.474,-33.114],[146.458,-33.172],[146.456,-33.178],[146.438,-33.208],[146.382,-33.228],[146.384,-33.228],[146.342,-33.188],[146.292,-33.214],[146.272,-33.226],[146.234,-33.232],[146.212,-33.232],[146.138,-33.226],[146.116,-33.264],[146.102,-33.27],[146.096,-33.276],[146.086,-33.308],[146.08,-33.336],[146.074,-33.352],[146.054,-33.476],[146.096,-33.602],[146.442,-33.52],[146.446,-33.564],[146.81,-33.606],[146.824,-33.532],[147.244,-33.592],[147.404,-33.526]]]}},{"type":"Feature","id":"14650","properties":{"id":"14650","name":"Lake Macquarie","regionAbbrev":"AUNSW","ste":"1"},"geometry":{"type":"MultiPolygon","coordinates":[[[[151.632,-33.176],[151.638,-33.176],[151.636,-33.172],[151.634,-33.166],[151.636,-33.162],[151.636,-33.16],[151.64,-33.144],[151.642,-33.142],[151.644,-33.138],[151.644,-33.136],[151.646,-33.128],[151.648,-33.126],[151.648,-33.124],[151.648,-33.12],[151.65,-33.12],[151.648,-33.118],[151.66,-33.096],[151.662,-33.096],[151.662,-33.092],[151.664,-33.092],[151.666,-33.086],[151.652,-33.09],[151.644,-33.088],[151.644,-33.09],[151.648,-33.09],[151.65,-33.09],[151.652,-33.092],[151.65,-33.096],[151.64,-33.094],[151.642,-33.086],[151.638,-33.078],[151.63,-33.086],[151.628,-33.094],[151.624,-33.092],[151.614,-33.12],[151.604,-33.136],[151.596,-33.162],[151.632,-33.176]]],[[[151.528,-33.156],[151.528,-33.154],[151.512,-33.138],[151.512,-33.136],[151.516,-33.136],[151.518,-33.132],[151.52,-33.126],[151.552,-33.114],[151.568,-33.114],[151.55,-33.09],[151.526,-33.106],[151.51,-33.102],[151.514,-33.09],[151.546,-33.066],[151.546,-33.064],[151.6,-33.074],[151.6,-33.076],[151.608,-33.084],[151.588,-33.06],[151.6,-33.058],[151.596,-33.038],[151.58,-33.032],[151.582,-33.032],[151.582,-33.03],[151.592,-33.026],[151.596,-33.026],[151.62,-33.048],[151.618,-33.044],[151.6,-33.004],[151.594,-32.998],[151.588,-33.002],[151.592,-32.998],[151.586,-32.996],[151.592,-32.992],[151.592,-32.994],[151.616,-32.99],[151.622,-32.976],[151.62,-32.976],[151.618,-32.978],[151.614,-32.962],[151.642,-32.972],[151.658,-33.04],[151.646,-33.058],[151.648,-33.058],[151.648,-33.062],[151.642,-33.066],[151.642,-33.068],[151.646,-33.076],[151.642,-33.076],[151.642,-33.078],[151.642,-33.08],[151.642,-33.084],[151.66,-33.084],[151.728,-33.01],[151.73,-33.01],[151.73,-33.006],[151.73,-33.002],[151.73,-32.994],[151.738,-32.962],[151.736,-32.962],[151.7,-32.95],[151.654,-32.92],[151.61,-32.88],[151.542,-32.872],[151.518,-32.966],[151.386,-33.006],[151.332,-33.062],[151.392,-33.17],[151.458,-33.202],[151.512,-33.194],[151.528,-33.156]]],[[[151.64,-33.06],[151.642,-33.06],[151.64,-33.058],[151.64,-33.06]]]]}},{"type":"Feature","id":"14700","properties":{"id":"14700","name":"Lane Cove","regionAbbrev":"AUNSW","ste":"1"},"geometry":{"type":"Polygon","coordinates":[[[151.146,-33.802],[151.144,-33.802],[151.144,-33.806],[151.142,-33.806],[151.142,-33.808],[151.15,-33.818],[151.146,-33.828],[151.152,-33.828],[151.154,-33.822],[151.156,-33.83],[151.166,-33.828],[151.172,-33.83],[151.18,-33.832],[151.182,-33.83],[151.188,-33.842],[151.188,-33.834],[151.19,-33.834],[151.196,-33.822],[151.176,-33.812],[151.146,-33.802]]]}},{"type":"Feature","id":"14750","properties":{"id":"14750","name":"Leeton","regionAbbrev":"AUNSW","ste":"1"},"geometry":{"type":"Polygon","coordinates":[[[146.028,-34.566],[146.024,-34.594],[146.05,-34.578],[146.098,-34.632],[146.156,-34.624],[146.192,-34.622],[146.228,-34.612],[146.22,-34.674],[146.41,-34.704],[146.484,-34.714],[146.514,-34.53],[146.472,-34.526],[146.484,-34.462],[146.4,-34.442],[146.392,-34.344],[146.308,-34.334],[146.134,-34.39],[146.146,-34.5],[146.09,-34.484],[146.076,-34.566],[146.028,-34.566]]]}},{"type":"Feature","id":"14850","properties":{"id":"14850","name":"Lismore","regionAbbrev":"AUNSW","ste":"1"},"geometry":{"type":"Polygon","coordinates":[[[153.45,-28.754],[153.448,-28.748],[153.45,-28.748],[153.446,-28.746],[153.438,-28.744],[153.408,-28.744],[153.408,-28.686],[153.414,-28.64],[153.33,-28.54],[153.184,-28.522],[153.178,-28.532],[153.172,-28.548],[153.17,-28.558],[153.168,-28.558],[153.16,-28.568],[153.122,-28.594],[153.084,-28.67],[153.086,-28.708],[153.086,-28.71],[153.082,-28.716],[153.082,-28.724],[153.082,-28.73],[153.078,-28.732],[153.076,-28.734],[153.108,-28.762],[153.164,-28.824],[153.168,-28.83],[153.17,-28.83],[153.17,-28.832],[153.178,-28.836],[153.174,-28.922],[153.27,-28.944],[153.308,-29.06],[153.326,-29.038],[153.336,-29.07],[153.378,-29.058],[153.398,-29],[153.436,-29],[153.376,-28.954],[153.366,-28.898],[153.366,-28.896],[153.366,-28.894],[153.364,-28.892],[153.364,-28.89],[153.366,-28.884],[153.366,-28.882],[153.368,-28.874],[153.38,-28.86],[153.384,-28.85],[153.386,-28.85],[153.39,-28.814],[153.412,-28.792],[153.434,-28.782],[153.438,-28.78],[153.444,-28.766],[153.45,-28.754]]]}},{"type":"Feature","id":"14870","properties":{"id":"14870","name":"Lithgow","regionAbbrev":"AUNSW","ste":"1"},"geometry":{"type":"Polygon","coordinates":[[[149.87,-33.52],[149.878,-33.54],[149.894,-33.558],[149.892,-33.558],[149.938,-33.564],[149.952,-33.604],[149.984,-33.742],[150.032,-33.76],[150.064,-33.714],[150.11,-33.734],[150.18,-33.746],[150.212,-33.722],[150.182,-33.704],[150.272,-33.622],[150.216,-33.548],[150.252,-33.558],[150.258,-33.494],[150.332,-33.522],[150.34,-33.512],[150.448,-33.482],[150.482,-33.382],[150.55,-33.368],[150.592,-33.338],[150.552,-33.314],[150.576,-33.29],[150.524,-33.194],[150.61,-33.144],[150.614,-33.088],[150.612,-33.066],[150.546,-33.044],[150.546,-33.042],[150.394,-33.038],[150.368,-32.944],[150.342,-32.888],[150.28,-32.92],[150.074,-32.88],[150.012,-32.906],[150.01,-33.004],[150.004,-33.008],[149.98,-33.01],[149.932,-32.998],[149.924,-33.108],[149.898,-33.146],[149.884,-33.124],[149.81,-33.094],[149.772,-33.116],[149.752,-33.176],[149.822,-33.246],[149.832,-33.324],[149.914,-33.376],[149.922,-33.478],[149.87,-33.52]]]}},{"type":"Feature","id":"14900","properties":{"id":"14900","name":"Liverpool","regionAbbrev":"AUNSW","ste":"1"},"geometry":{"type":"Polygon","coordinates":[[[150.816,-33.968],[150.914,-33.964],[150.888,-34.024],[150.942,-34.04],[150.99,-33.976],[150.994,-33.972],[150.974,-33.91],[150.942,-33.904],[150.926,-33.906],[150.916,-33.906],[150.916,-33.908],[150.816,-33.878],[150.64,-33.876],[150.63,-33.956],[150.638,-33.956],[150.65,-33.958],[150.66,-33.95],[150.678,-33.946],[150.816,-33.968]]]}},{"type":"Feature","id":"14920","properties":{"id":"14920","name":"Liverpool Plains","regionAbbrev":"AUNSW","ste":"1"},"geometry":{"type":"Polygon","coordinates":[[[149.914,-31.452],[149.882,-31.454],[149.868,-31.536],[149.894,-31.536],[149.904,-31.538],[149.902,-31.624],[149.842,-31.616],[149.866,-31.678],[149.98,-31.728],[150.03,-31.688],[150.112,-31.746],[150.2,-31.824],[150.294,-31.848],[150.336,-31.824],[150.444,-31.854],[150.486,-31.83],[150.548,-31.858],[150.718,-31.84],[150.74,-31.778],[150.85,-31.73],[150.914,-31.648],[150.998,-31.638],[150.998,-31.602],[150.788,-31.328],[150.79,-31.32],[150.79,-31.318],[150.794,-31.306],[150.784,-31.268],[150.782,-31.268],[150.77,-31.234],[150.622,-31.092],[150.592,-31.082],[150.548,-31.356],[150.43,-31.352],[150.434,-31.392],[150.162,-31.354],[150.166,-31.232],[150.138,-31.224],[150.08,-31.338],[149.988,-31.328],[150.002,-31.446],[149.914,-31.452]]]}},{"type":"Feature","id":"14950","properties":{"id":"14950","name":"Lockhart","regionAbbrev":"AUNSW","ste":"1"},"geometry":{"type":"Polygon","coordinates":[[[146.606,-35.506],[146.67,-35.52],[146.684,-35.558],[146.872,-35.576],[147.07,-35.452],[147.16,-35.464],[147.168,-35.364],[147.198,-35.326],[147.23,-35.338],[147.232,-35.32],[147.142,-35.254],[147.15,-35.18],[146.856,-35.18],[146.78,-35.098],[146.688,-35.068],[146.39,-35.232],[146.404,-35.304],[146.362,-35.346],[146.354,-35.388],[146.432,-35.474],[146.606,-35.506]]]}},{"type":"Feature","id":"15050","properties":{"id":"15050","name":"Maitland","regionAbbrev":"AUNSW","ste":"1"},"geometry":{"type":"Polygon","coordinates":[[[151.624,-32.81],[151.706,-32.804],[151.744,-32.756],[151.666,-32.74],[151.596,-32.652],[151.606,-32.63],[151.474,-32.606],[151.404,-32.662],[151.42,-32.738],[151.468,-32.728],[151.522,-32.798],[151.624,-32.81]]]}},{"type":"Feature","id":"15240","properties":{"id":"15240","name":"Mid-Coast","regionAbbrev":"AUNSW","ste":"1"},"geometry":{"type":"MultiPolygon","coordinates":[[[[151.858,-32.614],[151.958,-32.616],[151.97,-32.654],[151.992,-32.66],[151.996,-32.668],[152.01,-32.666],[152.012,-32.666],[152.014,-32.666],[152.026,-32.666],[152.034,-32.668],[152.05,-32.654],[152.06,-32.658],[152.058,-32.682],[152.062,-32.682],[152.064,-32.68],[152.06,-32.686],[152.114,-32.68],[152.12,-32.658],[152.138,-32.672],[152.136,-32.672],[152.13,-32.682],[152.132,-32.686],[152.14,-32.686],[152.14,-32.684],[152.14,-32.682],[152.158,-32.682],[152.196,-32.7],[152.202,-32.7],[152.206,-32.698],[152.208,-32.698],[152.198,-32.694],[152.196,-32.648],[152.27,-32.602],[152.348,-32.518],[152.496,-32.456],[152.54,-32.444],[152.532,-32.378],[152.544,-32.348],[152.546,-32.328],[152.524,-32.29],[152.562,-32.232],[152.566,-32.23],[152.566,-32.228],[152.562,-32.208],[152.558,-32.206],[152.556,-32.206],[152.552,-32.204],[152.506,-32.156],[152.548,-32.072],[152.548,-32.07],[152.546,-32.07],[152.616,-31.94],[152.754,-31.844],[152.754,-31.842],[152.752,-31.838],[152.75,-31.84],[152.74,-31.8],[152.8,-31.732],[152.802,-31.732],[152.806,-31.73],[152.804,-31.728],[152.736,-31.724],[152.744,-31.716],[152.616,-31.692],[152.466,-31.64],[152.376,-31.65],[152.352,-31.65],[152.348,-31.616],[152.308,-31.624],[152.35,-31.576],[152.336,-31.524],[152.252,-31.49],[152.206,-31.54],[152.178,-31.518],[152.18,-31.518],[152.182,-31.506],[152.184,-31.494],[152.188,-31.482],[152.148,-31.442],[152.164,-31.516],[152.084,-31.5],[151.914,-31.496],[151.754,-31.514],[151.802,-31.57],[151.758,-31.638],[151.604,-31.598],[151.586,-31.602],[151.562,-31.606],[151.538,-31.598],[151.536,-31.596],[151.522,-31.67],[151.524,-31.68],[151.534,-31.694],[151.532,-31.77],[151.54,-31.776],[151.568,-31.79],[151.57,-31.79],[151.584,-31.786],[151.586,-31.834],[151.554,-31.848],[151.552,-31.848],[151.514,-31.862],[151.49,-31.88],[151.406,-32.044],[151.65,-32.1],[151.696,-32.19],[151.76,-32.264],[151.81,-32.246],[151.844,-32.41],[151.918,-32.442],[151.858,-32.614]]],[[[152.334,-32.616],[152.332,-32.622],[152.334,-32.624],[152.336,-32.624],[152.338,-32.622],[152.336,-32.622],[152.336,-32.62],[152.334,-32.62],[152.334,-32.618],[152.334,-32.616]]],[[[152.324,-32.616],[152.324,-32.614],[152.322,-32.612],[152.31,-32.612],[152.308,-32.612],[152.308,-32.614],[152.308,-32.616],[152.314,-32.622],[152.314,-32.624],[152.316,-32.624],[152.318,-32.624],[152.318,-32.626],[152.318,-32.628],[152.318,-32.626],[152.318,-32.624],[152.316,-32.618],[152.322,-32.622],[152.324,-32.622],[152.324,-32.62],[152.326,-32.62],[152.328,-32.62],[152.324,-32.616]]]]}},{"type":"Feature","id":"15270","properties":{"id":"15270","name":"Mid-Western Regional","regionAbbrev":"AUNSW","ste":"1"},"geometry":{"type":"Polygon","coordinates":[[[149.772,-33.116],[149.81,-33.094],[149.884,-33.124],[149.898,-33.146],[149.924,-33.108],[149.932,-32.998],[149.98,-33.01],[150.004,-33.008],[150.01,-33.004],[150.012,-32.906],[150.074,-32.88],[150.28,-32.92],[150.342,-32.888],[150.364,-32.846],[150.338,-32.804],[150.336,-32.79],[150.276,-32.744],[150.32,-32.648],[150.228,-32.612],[150.262,-32.596],[150.248,-32.55],[150.238,-32.476],[150.228,-32.46],[150.284,-32.42],[150.32,-32.408],[150.262,-32.352],[150.256,-32.302],[150.19,-32.35],[150.168,-32.32],[150.07,-32.356],[150.03,-32.334],[150.072,-32.192],[150.024,-32.186],[150.002,-32.162],[149.962,-32.182],[149.932,-32.118],[149.796,-32.094],[149.796,-32.058],[149.752,-32.12],[149.666,-32.118],[149.654,-32.116],[149.632,-32.116],[149.546,-32.088],[149.416,-32.096],[149.414,-32.176],[149.374,-32.19],[149.336,-32.284],[149.286,-32.288],[149.226,-32.294],[149.226,-32.296],[149.174,-32.402],[149.258,-32.398],[149.286,-32.434],[149.26,-32.48],[149.298,-32.498],[149.232,-32.606],[149.296,-32.646],[149.278,-32.694],[149.282,-32.818],[149.24,-32.812],[149.23,-32.908],[149.282,-32.922],[149.234,-32.998],[149.324,-33.058],[149.346,-33.06],[149.348,-33.056],[149.35,-33.054],[149.35,-33.052],[149.354,-33.042],[149.362,-33.032],[149.362,-33.028],[149.374,-33.01],[149.378,-33.008],[149.384,-32.994],[149.484,-32.96],[149.488,-32.966],[149.496,-32.978],[149.502,-32.976],[149.536,-32.972],[149.558,-32.984],[149.576,-32.986],[149.648,-32.996],[149.66,-33.052],[149.772,-33.116]]]}},{"type":"Feature","id":"15300","properties":{"id":"15300","name":"Moree Plains","regionAbbrev":"AUNSW","ste":"1"},"geometry":{"type":"Polygon","coordinates":[[[150.48,-28.672],[150.484,-28.662],[150.414,-28.652],[150.292,-28.536],[150.214,-28.574],[150.156,-28.556],[150.056,-28.586],[149.986,-28.604],[149.874,-28.604],[149.814,-28.608],[149.768,-28.612],[149.75,-28.612],[149.718,-28.614],[149.706,-28.622],[149.698,-28.632],[149.69,-28.63],[149.69,-28.628],[149.672,-28.626],[149.656,-28.614],[149.61,-28.598],[149.598,-28.584],[149.538,-28.574],[149.452,-28.594],[149.386,-28.692],[149.37,-28.688],[149.368,-28.688],[149.352,-28.69],[149.348,-28.696],[149.328,-28.706],[149.322,-28.708],[149.316,-28.71],[149.312,-28.71],[149.31,-28.71],[149.302,-28.708],[149.298,-28.71],[149.292,-28.714],[149.292,-28.716],[149.286,-28.726],[149.284,-28.728],[149.284,-28.732],[149.264,-28.738],[149.264,-28.734],[149.26,-28.736],[149.258,-28.738],[149.256,-28.738],[149.25,-28.74],[149.248,-28.738],[149.244,-28.742],[149.242,-28.746],[149.238,-28.748],[149.224,-28.762],[149.208,-28.768],[149.2,-28.77],[149.168,-28.808],[149.14,-28.814],[149.142,-28.82],[149.142,-28.822],[149.14,-28.826],[149.118,-28.832],[149.056,-28.9],[149.044,-28.936],[149.034,-28.952],[148.964,-28.992],[148.958,-28.998],[148.958,-29.002],[148.958,-29.006],[148.912,-29.022],[148.91,-29.022],[148.876,-29.042],[148.806,-29.102],[148.808,-29.12],[148.8,-29.166],[148.808,-29.17],[148.806,-29.182],[148.8,-29.188],[148.794,-29.184],[148.752,-29.23],[148.75,-29.232],[148.734,-29.252],[148.688,-29.378],[148.716,-29.418],[148.686,-29.494],[148.678,-29.51],[148.69,-29.508],[148.708,-29.516],[148.77,-29.502],[148.792,-29.504],[148.814,-29.494],[148.834,-29.494],[148.846,-29.496],[148.85,-29.494],[148.854,-29.494],[148.87,-29.49],[148.87,-29.486],[148.874,-29.486],[148.876,-29.486],[148.886,-29.478],[148.888,-29.482],[148.88,-29.628],[149.09,-29.712],[149.084,-29.748],[149.554,-29.816],[149.648,-29.774],[149.696,-29.822],[149.722,-29.778],[149.76,-29.782],[149.79,-29.876],[149.912,-29.884],[149.924,-29.962],[150.03,-29.988],[150.074,-30.104],[150.198,-30.062],[150.25,-29.992],[150.294,-29.99],[150.3,-29.942],[150.304,-29.878],[150.304,-29.732],[150.196,-29.62],[150.22,-29.498],[150.17,-29.496],[150.252,-29.078],[150.26,-29.014],[150.15,-28.888],[150.344,-28.828],[150.48,-28.672]]]}},{"type":"Feature","id":"15350","properties":{"id":"15350","name":"Mosman","regionAbbrev":"AUNSW","ste":"1"},"geometry":{"type":"Polygon","coordinates":[[[151.232,-33.816],[151.23,-33.838],[151.244,-33.848],[151.254,-33.84],[151.262,-33.832],[151.248,-33.808],[151.246,-33.804],[151.236,-33.812],[151.234,-33.816],[151.232,-33.816]]]}},{"type":"Feature","id":"15520","properties":{"id":"15520","name":"Murray River","regionAbbrev":"AUNSW","ste":"1"},"geometry":{"type":"Polygon","coordinates":[[[143.352,-34.858],[143.334,-34.886],[143.346,-35.074],[143.396,-35.192],[143.45,-35.188],[143.47,-35.218],[143.566,-35.202],[143.586,-35.278],[143.568,-35.308],[143.598,-35.354],[143.608,-35.366],[143.616,-35.372],[143.64,-35.4],[143.684,-35.368],[143.73,-35.39],[143.816,-35.446],[143.918,-35.498],[143.97,-35.5],[143.99,-35.554],[144.04,-35.548],[144.11,-35.598],[144.148,-35.644],[144.152,-35.642],[144.156,-35.65],[144.152,-35.652],[144.21,-35.686],[144.356,-35.786],[144.378,-35.828],[144.376,-35.834],[144.382,-35.842],[144.406,-35.86],[144.408,-35.882],[144.41,-35.898],[144.408,-35.898],[144.446,-35.932],[144.482,-35.952],[144.484,-35.954],[144.49,-35.958],[144.492,-35.964],[144.548,-36],[144.6,-36.038],[144.614,-36.052],[144.622,-36.076],[144.628,-36.05],[144.638,-36.048],[144.638,-36.046],[144.638,-36.048],[144.654,-36.058],[144.726,-36.112],[144.778,-36.13],[144.83,-36.102],[144.842,-36.084],[144.872,-36.058],[144.982,-36.072],[144.954,-36.016],[144.928,-35.99],[144.952,-35.934],[144.992,-35.856],[145.04,-35.838],[145.056,-35.836],[145.216,-35.84],[145.302,-35.858],[145.31,-35.86],[145.36,-35.862],[145.36,-35.86],[145.344,-35.712],[145.204,-35.688],[145.164,-35.674],[145.104,-35.638],[144.896,-35.57],[144.892,-35.488],[144.654,-35.394],[144.596,-35.33],[144.434,-35.26],[144.39,-35.192],[144.264,-35.174],[144.172,-35.158],[144.05,-35.096],[144.138,-35.044],[144.15,-34.74],[143.902,-34.654],[143.946,-34.356],[143.916,-34.342],[143.898,-34.332],[143.756,-34.396],[143.73,-34.462],[143.716,-34.462],[143.636,-34.56],[143.628,-34.688],[143.542,-34.732],[143.492,-34.972],[143.472,-34.904],[143.354,-34.858],[143.352,-34.858]]]}},{"type":"Feature","id":"15560","properties":{"id":"15560","name":"Murrumbidgee","regionAbbrev":"AUNSW","ste":"1"},"geometry":{"type":"Polygon","coordinates":[[[146.008,-35.586],[146.066,-35.322],[145.986,-35.288],[145.964,-35.252],[146.04,-35.198],[146.008,-35.134],[146.076,-34.898],[146.152,-34.902],[146.22,-34.674],[146.228,-34.612],[146.192,-34.622],[146.156,-34.624],[146.098,-34.632],[146.05,-34.578],[146.024,-34.594],[146.028,-34.566],[145.95,-34.552],[145.856,-34.58],[145.686,-34.498],[145.698,-34.468],[145.664,-34.468],[145.49,-34.44],[145.476,-34.452],[145.444,-34.468],[145.408,-34.434],[145.398,-34.458],[145.36,-34.442],[145.258,-34.49],[145.242,-34.506],[145.178,-34.85],[145.598,-34.856],[145.57,-35.018],[145.486,-35.512],[146.008,-35.586]]]}},{"type":"Feature","id":"15650","properties":{"id":"15650","name":"Muswellbrook","regionAbbrev":"AUNSW","ste":"1"},"geometry":{"type":"Polygon","coordinates":[[[150.364,-32.846],[150.466,-32.786],[150.518,-32.75],[150.596,-32.726],[150.662,-32.706],[150.682,-32.634],[150.746,-32.64],[150.774,-32.498],[150.8,-32.502],[150.778,-32.474],[150.884,-32.47],[150.898,-32.396],[151.018,-32.402],[151.03,-32.344],[151.1,-32.336],[151.106,-32.302],[151.144,-32.268],[151.15,-32.268],[151.166,-32.232],[151.16,-32.21],[151.07,-32.166],[150.878,-32.182],[150.502,-32.142],[150.51,-32.154],[150.506,-32.158],[150.494,-32.214],[150.494,-32.222],[150.5,-32.256],[150.5,-32.26],[150.504,-32.268],[150.516,-32.298],[150.53,-32.332],[150.544,-32.326],[150.558,-32.332],[150.522,-32.37],[150.47,-32.322],[150.396,-32.332],[150.374,-32.382],[150.36,-32.384],[150.32,-32.408],[150.284,-32.42],[150.228,-32.46],[150.238,-32.476],[150.248,-32.55],[150.262,-32.596],[150.228,-32.612],[150.32,-32.648],[150.276,-32.744],[150.336,-32.79],[150.338,-32.804],[150.364,-32.846]]]}},{"type":"Feature","id":"15700","properties":{"id":"15700","name":"Nambucca Valley","regionAbbrev":"AUNSW","ste":"1"},"geometry":{"type":"Polygon","coordinates":[[[152.4,-30.5],[152.43,-30.514],[152.5,-30.566],[152.556,-30.698],[152.684,-30.812],[152.666,-30.864],[152.734,-30.864],[152.772,-30.928],[152.87,-30.884],[153,-30.76],[153,-30.746],[152.998,-30.744],[153.018,-30.64],[153.018,-30.638],[153.014,-30.592],[153.018,-30.564],[152.874,-30.548],[152.872,-30.546],[152.63,-30.54],[152.408,-30.488],[152.4,-30.5]]]}},{"type":"Feature","id":"15750","properties":{"id":"15750","name":"Narrabri","regionAbbrev":"AUNSW","ste":"1"},"geometry":{"type":"Polygon","coordinates":[[[148.812,-30.674],[148.924,-30.624],[148.948,-30.654],[149.026,-30.606],[149.048,-30.712],[149.12,-30.716],[149.122,-30.798],[149.156,-30.784],[149.208,-30.906],[149.312,-30.864],[149.66,-30.884],[149.788,-30.858],[149.826,-30.758],[149.984,-30.776],[150.012,-30.736],[150.078,-30.804],[150.112,-30.748],[150.264,-30.762],[150.296,-30.674],[150.338,-30.674],[150.392,-30.604],[150.36,-30.566],[150.394,-30.546],[150.356,-30.528],[150.364,-30.432],[150.33,-30.402],[150.284,-30.43],[150.232,-30.376],[150.23,-30.376],[150.19,-30.364],[150.146,-30.208],[150.102,-30.19],[150.074,-30.104],[150.03,-29.988],[149.924,-29.962],[149.912,-29.884],[149.79,-29.876],[149.76,-29.782],[149.722,-29.778],[149.696,-29.822],[149.648,-29.774],[149.554,-29.816],[149.084,-29.748],[149.048,-29.952],[149.094,-29.958],[149.082,-30.034],[148.944,-30.188],[148.91,-30.336],[148.91,-30.334],[148.894,-30.334],[148.892,-30.334],[148.894,-30.33],[148.886,-30.326],[148.852,-30.53],[148.836,-30.528],[148.812,-30.674]]]}},{"type":"Feature","id":"15800","properties":{"id":"15800","name":"Narrandera","regionAbbrev":"AUNSW","ste":"1"},"geometry":{"type":"Polygon","coordinates":[[[146.466,-34.096],[146.36,-34.084],[146.306,-34.26],[146.308,-34.334],[146.392,-34.344],[146.4,-34.442],[146.484,-34.462],[146.472,-34.526],[146.514,-34.53],[146.484,-34.714],[146.41,-34.704],[146.22,-34.674],[146.152,-34.902],[146.192,-34.924],[146.234,-34.872],[146.28,-34.884],[146.688,-35.068],[146.78,-35.098],[146.81,-34.986],[146.786,-34.924],[146.842,-34.902],[146.85,-34.808],[146.902,-34.534],[146.912,-34.482],[146.792,-34.472],[146.824,-34.31],[146.72,-34.298],[146.73,-34.236],[146.624,-34.224],[146.636,-34.15],[146.458,-34.132],[146.466,-34.096]]]}},{"type":"Feature","id":"15850","properties":{"id":"15850","name":"Narromine","regionAbbrev":"AUNSW","ste":"1"},"geometry":{"type":"Polygon","coordinates":[[[148.406,-32.624],[148.38,-32.426],[148.408,-32.396],[148.38,-32.394],[148.406,-32.31],[148.366,-32.236],[148.36,-32.2],[148.458,-32.142],[148.406,-32.102],[148.438,-32.018],[148.344,-31.936],[148.302,-31.792],[148.262,-31.77],[148.186,-31.826],[148.156,-31.806],[148.052,-31.898],[147.948,-31.866],[147.838,-31.926],[147.804,-31.984],[147.746,-31.988],[147.496,-32.188],[147.502,-32.21],[147.596,-32.266],[147.624,-32.284],[147.688,-32.314],[147.688,-32.316],[147.686,-32.338],[147.696,-32.368],[147.698,-32.368],[147.748,-32.406],[147.77,-32.414],[147.768,-32.418],[147.816,-32.422],[147.826,-32.422],[147.828,-32.424],[147.83,-32.424],[147.844,-32.43],[147.868,-32.436],[147.906,-32.438],[147.906,-32.442],[147.906,-32.446],[147.912,-32.466],[147.926,-32.472],[147.928,-32.474],[147.93,-32.478],[147.966,-32.512],[147.966,-32.518],[147.974,-32.524],[147.974,-32.526],[147.988,-32.536],[147.992,-32.538],[148.008,-32.564],[148.016,-32.566],[148.018,-32.566],[148.02,-32.566],[148.02,-32.57],[148.024,-32.57],[148.03,-32.572],[148.03,-32.57],[148.032,-32.57],[148.034,-32.572],[148.04,-32.576],[148.092,-32.604],[148.108,-32.634],[148.108,-32.636],[148.106,-32.64],[148.108,-32.646],[148.13,-32.676],[148.348,-32.676],[148.362,-32.622],[148.406,-32.624]]]}},{"type":"Feature","id":"15900","properties":{"id":"15900","name":"Newcastle","regionAbbrev":"AUNSW","ste":"1"},"geometry":{"type":"MultiPolygon","coordinates":[[[[151.61,-32.88],[151.654,-32.92],[151.7,-32.95],[151.736,-32.962],[151.738,-32.962],[151.75,-32.954],[151.754,-32.952],[151.78,-32.936],[151.794,-32.926],[151.794,-32.922],[151.782,-32.924],[151.78,-32.926],[151.78,-32.924],[151.762,-32.914],[151.77,-32.898],[151.734,-32.878],[151.768,-32.886],[151.774,-32.888],[151.776,-32.858],[151.734,-32.846],[151.728,-32.846],[151.728,-32.842],[151.714,-32.834],[151.696,-32.836],[151.7,-32.848],[151.702,-32.846],[151.734,-32.88],[151.708,-32.864],[151.706,-32.86],[151.69,-32.842],[151.686,-32.822],[151.686,-32.814],[151.706,-32.804],[151.624,-32.81],[151.61,-32.88]]],[[[151.786,-32.898],[151.792,-32.914],[151.81,-32.878],[151.794,-32.876],[151.794,-32.882],[151.786,-32.898]]]]}},{"type":"Feature","id":"15950","properties":{"id":"15950","name":"North Sydney","regionAbbrev":"AUNSW","ste":"1"},"geometry":{"type":"Polygon","coordinates":[[[151.188,-33.834],[151.19,-33.838],[151.2,-33.842],[151.202,-33.846],[151.204,-33.846],[151.204,-33.85],[151.21,-33.848],[151.22,-33.848],[151.22,-33.846],[151.224,-33.846],[151.226,-33.84],[151.232,-33.846],[151.23,-33.842],[151.23,-33.84],[151.23,-33.838],[151.232,-33.816],[151.226,-33.818],[151.22,-33.818],[151.196,-33.822],[151.19,-33.834],[151.188,-33.834]]]}},{"type":"Feature","id":"15990","properties":{"id":"15990","name":"Northern Beaches","regionAbbrev":"AUNSW","ste":"1"},"geometry":{"type":"MultiPolygon","coordinates":[[[[151.206,-33.774],[151.216,-33.782],[151.23,-33.782],[151.232,-33.776],[151.238,-33.796],[151.25,-33.8],[151.252,-33.802],[151.254,-33.81],[151.274,-33.812],[151.272,-33.804],[151.27,-33.8],[151.268,-33.8],[151.266,-33.798],[151.282,-33.8],[151.282,-33.798],[151.284,-33.8],[151.286,-33.8],[151.286,-33.802],[151.284,-33.808],[151.286,-33.806],[151.29,-33.81],[151.286,-33.816],[151.292,-33.82],[151.308,-33.808],[151.304,-33.806],[151.304,-33.804],[151.29,-33.786],[151.302,-33.768],[151.302,-33.766],[151.302,-33.746],[151.294,-33.746],[151.3,-33.744],[151.3,-33.746],[151.302,-33.746],[151.304,-33.746],[151.318,-33.742],[151.306,-33.734],[151.308,-33.704],[151.314,-33.696],[151.31,-33.688],[151.318,-33.678],[151.318,-33.676],[151.32,-33.672],[151.326,-33.658],[151.328,-33.646],[151.334,-33.642],[151.334,-33.64],[151.332,-33.638],[151.332,-33.636],[151.336,-33.634],[151.34,-33.626],[151.342,-33.626],[151.342,-33.624],[151.34,-33.618],[151.336,-33.606],[151.334,-33.604],[151.33,-33.6],[151.334,-33.582],[151.306,-33.642],[151.306,-33.644],[151.306,-33.648],[151.308,-33.656],[151.308,-33.658],[151.308,-33.66],[151.31,-33.662],[151.31,-33.666],[151.308,-33.662],[151.304,-33.666],[151.304,-33.664],[151.3,-33.658],[151.298,-33.658],[151.296,-33.656],[151.284,-33.644],[151.28,-33.644],[151.28,-33.646],[151.28,-33.652],[151.274,-33.656],[151.274,-33.65],[151.274,-33.648],[151.276,-33.634],[151.274,-33.632],[151.278,-33.632],[151.3,-33.596],[151.308,-33.576],[151.262,-33.598],[151.254,-33.6],[151.256,-33.604],[151.224,-33.602],[151.222,-33.6],[151.22,-33.6],[151.226,-33.608],[151.228,-33.616],[151.2,-33.62],[151.17,-33.638],[151.166,-33.65],[151.164,-33.65],[151.162,-33.66],[151.174,-33.692],[151.194,-33.758],[151.198,-33.768],[151.2,-33.768],[151.204,-33.774],[151.204,-33.772],[151.206,-33.774]]],[[[151.286,-33.638],[151.286,-33.64],[151.288,-33.64],[151.292,-33.644],[151.288,-33.638],[151.286,-33.638]]]]}},{"type":"Feature","id":"16100","properties":{"id":"16100","name":"Oberon","regionAbbrev":"AUNSW","ste":"1"},"geometry":{"type":"Polygon","coordinates":[[[149.396,-33.998],[149.524,-34.052],[149.53,-34.054],[149.53,-34.062],[149.53,-34.06],[149.536,-34.062],[149.676,-34.176],[149.718,-34.194],[149.806,-34.198],[149.854,-34.186],[149.938,-34.166],[149.938,-34.152],[149.944,-34.144],[149.944,-34.14],[149.95,-34.124],[149.936,-34.116],[149.93,-34.078],[149.962,-34.076],[150.038,-34.12],[150.124,-34.15],[150.108,-34.09],[150.146,-34.068],[150.204,-34],[150.242,-33.952],[150.176,-33.944],[150.156,-33.892],[150.186,-33.88],[150.18,-33.746],[150.11,-33.734],[150.064,-33.714],[150.032,-33.76],[149.984,-33.742],[149.952,-33.604],[149.938,-33.564],[149.892,-33.558],[149.894,-33.558],[149.878,-33.54],[149.87,-33.52],[149.794,-33.548],[149.776,-33.528],[149.76,-33.53],[149.626,-33.492],[149.628,-33.494],[149.612,-33.536],[149.62,-33.558],[149.634,-33.558],[149.656,-33.564],[149.656,-33.572],[149.716,-33.622],[149.692,-33.656],[149.694,-33.662],[149.692,-33.668],[149.688,-33.676],[149.682,-33.68],[149.628,-33.672],[149.612,-33.682],[149.608,-33.708],[149.574,-33.728],[149.526,-33.746],[149.522,-33.746],[149.52,-33.746],[149.508,-33.75],[149.484,-33.846],[149.414,-33.856],[149.406,-33.93],[149.396,-33.998]]]}},{"type":"Feature","id":"16150","properties":{"id":"16150","name":"Orange","regionAbbrev":"AUNSW","ste":"1"},"geometry":{"type":"Polygon","coordinates":[[[149.234,-33.428],[149.162,-33.226],[149.044,-33.222],[149.01,-33.366],[149.042,-33.382],[149.152,-33.394],[149.172,-33.432],[149.234,-33.428]]]}},{"type":"Feature","id":"16200","properties":{"id":"16200","name":"Parkes","regionAbbrev":"AUNSW","ste":"1"},"geometry":{"type":"Polygon","coordinates":[[[148.348,-32.676],[148.13,-32.676],[148.108,-32.646],[148.106,-32.64],[148.108,-32.636],[148.108,-32.634],[148.092,-32.604],[148.04,-32.576],[148.034,-32.572],[148.032,-32.57],[148.03,-32.57],[148.03,-32.572],[148.024,-32.57],[148.02,-32.57],[148.02,-32.566],[148.018,-32.566],[148.016,-32.566],[148.008,-32.564],[147.992,-32.538],[147.988,-32.536],[147.974,-32.526],[147.974,-32.524],[147.966,-32.518],[147.966,-32.512],[147.93,-32.478],[147.928,-32.474],[147.926,-32.472],[147.912,-32.466],[147.906,-32.446],[147.906,-32.442],[147.906,-32.438],[147.868,-32.436],[147.844,-32.43],[147.83,-32.424],[147.828,-32.424],[147.826,-32.422],[147.816,-32.422],[147.768,-32.418],[147.77,-32.414],[147.748,-32.406],[147.698,-32.368],[147.696,-32.368],[147.562,-32.456],[147.566,-32.616],[147.568,-32.734],[147.604,-32.762],[147.556,-33.048],[147.566,-33.13],[147.656,-33.15],[147.636,-33.186],[147.886,-33.21],[148.098,-33.276],[148.166,-33.252],[148.228,-33.276],[148.238,-33.198],[148.43,-33.216],[148.5,-33.186],[148.508,-33.052],[148.432,-32.97],[148.372,-32.972],[148.386,-32.858],[148.328,-32.802],[148.348,-32.676]]]}},{"type":"Feature","id":"16260","properties":{"id":"16260","name":"Parramatta","regionAbbrev":"AUNSW","ste":"1"},"geometry":{"type":"Polygon","coordinates":[[[150.952,-33.784],[150.992,-33.818],[150.992,-33.82],[151.006,-33.828],[151.064,-33.856],[151.082,-33.85],[151.082,-33.838],[151.08,-33.834],[151.078,-33.834],[151.066,-33.824],[151.074,-33.818],[151.094,-33.772],[151.098,-33.766],[151.05,-33.758],[150.96,-33.768],[150.952,-33.784]]]}},{"type":"Feature","id":"16350","properties":{"id":"16350","name":"Penrith","regionAbbrev":"AUNSW","ste":"1"},"geometry":{"type":"Polygon","coordinates":[[[150.812,-33.678],[150.712,-33.614],[150.688,-33.622],[150.66,-33.684],[150.644,-33.78],[150.59,-33.836],[150.612,-33.858],[150.64,-33.876],[150.816,-33.878],[150.814,-33.822],[150.814,-33.812],[150.814,-33.81],[150.812,-33.794],[150.812,-33.792],[150.81,-33.788],[150.81,-33.786],[150.808,-33.782],[150.802,-33.77],[150.794,-33.76],[150.794,-33.754],[150.782,-33.74],[150.764,-33.724],[150.766,-33.718],[150.776,-33.704],[150.802,-33.674],[150.812,-33.678]]]}},{"type":"Feature","id":"16380","properties":{"id":"16380","name":"Port Macquarie-Hastings","regionAbbrev":"AUNSW","ste":"1"},"geometry":{"type":"Polygon","coordinates":[[[152.966,-31.31],[152.816,-31.282],[152.818,-31.234],[152.73,-31.224],[152.752,-31.194],[152.71,-31.164],[152.624,-31.136],[152.574,-31.13],[152.562,-31.13],[152.562,-31.138],[152.522,-31.166],[152.386,-31.166],[152.35,-31.116],[152.318,-31.202],[152.234,-31.198],[152.18,-31.198],[152.148,-31.196],[152.154,-31.274],[152.066,-31.436],[152.084,-31.5],[152.164,-31.516],[152.148,-31.442],[152.188,-31.482],[152.184,-31.494],[152.182,-31.506],[152.18,-31.518],[152.178,-31.518],[152.206,-31.54],[152.252,-31.49],[152.336,-31.524],[152.35,-31.576],[152.308,-31.624],[152.348,-31.616],[152.352,-31.65],[152.376,-31.65],[152.466,-31.64],[152.616,-31.692],[152.744,-31.716],[152.736,-31.724],[152.804,-31.728],[152.804,-31.726],[152.804,-31.724],[152.804,-31.722],[152.802,-31.72],[152.8,-31.72],[152.802,-31.72],[152.8,-31.718],[152.8,-31.716],[152.798,-31.716],[152.798,-31.718],[152.798,-31.716],[152.838,-31.648],[152.844,-31.644],[152.846,-31.642],[152.85,-31.64],[152.848,-31.64],[152.846,-31.64],[152.848,-31.602],[152.848,-31.6],[152.938,-31.476],[152.926,-31.436],[152.918,-31.426],[152.976,-31.314],[152.976,-31.312],[152.974,-31.312],[152.974,-31.31],[152.968,-31.31],[152.966,-31.31]]]}},{"type":"Feature","id":"16400","properties":{"id":"16400","name":"Port Stephens","regionAbbrev":"AUNSW","ste":"1"},"geometry":{"type":"MultiPolygon","coordinates":[[[[151.606,-32.63],[151.596,-32.652],[151.666,-32.74],[151.744,-32.756],[151.706,-32.804],[151.686,-32.814],[151.686,-32.822],[151.688,-32.822],[151.696,-32.828],[151.698,-32.826],[151.696,-32.828],[151.702,-32.832],[151.704,-32.832],[151.73,-32.836],[151.744,-32.848],[151.768,-32.852],[151.802,-32.818],[151.81,-32.844],[151.794,-32.876],[151.81,-32.878],[152.078,-32.786],[152.08,-32.788],[152.084,-32.788],[152.1,-32.788],[152.102,-32.788],[152.106,-32.788],[152.106,-32.79],[152.108,-32.79],[152.108,-32.792],[152.11,-32.792],[152.114,-32.792],[152.116,-32.792],[152.12,-32.788],[152.12,-32.786],[152.122,-32.784],[152.122,-32.78],[152.14,-32.764],[152.144,-32.768],[152.144,-32.766],[152.144,-32.764],[152.148,-32.766],[152.15,-32.764],[152.148,-32.764],[152.154,-32.764],[152.156,-32.764],[152.158,-32.764],[152.16,-32.764],[152.16,-32.762],[152.162,-32.76],[152.162,-32.758],[152.164,-32.76],[152.166,-32.762],[152.166,-32.76],[152.168,-32.76],[152.168,-32.762],[152.172,-32.76],[152.172,-32.756],[152.176,-32.756],[152.186,-32.722],[152.19,-32.714],[152.186,-32.712],[152.152,-32.714],[152.106,-32.718],[152.104,-32.716],[152.06,-32.71],[152.064,-32.714],[152.068,-32.724],[152.062,-32.736],[152.056,-32.72],[152.012,-32.724],[151.99,-32.72],[151.936,-32.738],[151.97,-32.714],[151.974,-32.706],[151.964,-32.692],[151.964,-32.694],[151.962,-32.694],[151.962,-32.692],[151.95,-32.676],[151.95,-32.674],[151.95,-32.672],[151.96,-32.668],[151.964,-32.67],[151.966,-32.658],[151.968,-32.658],[151.97,-32.654],[151.958,-32.616],[151.858,-32.614],[151.822,-32.646],[151.79,-32.62],[151.808,-32.584],[151.764,-32.614],[151.67,-32.578],[151.606,-32.63]]],[[[152.12,-32.788],[152.12,-32.79],[152.122,-32.79],[152.122,-32.788],[152.12,-32.788]]],[[[152.198,-32.746],[152.204,-32.75],[152.204,-32.748],[152.2,-32.74],[152.198,-32.74],[152.196,-32.74],[152.19,-32.742],[152.19,-32.75],[152.192,-32.75],[152.194,-32.75],[152.194,-32.746],[152.196,-32.746],[152.198,-32.746]]]]}},{"type":"Feature","id":"16490","properties":{"id":"16490","name":"Queanbeyan-Palerang Regional","regionAbbrev":"AUNSW","ste":"1"},"geometry":{"type":"Polygon","coordinates":[[[149.98,-35.502],[150.052,-35.308],[150.166,-35.27],[150.186,-35.2],[150.216,-35.204],[150.142,-35.138],[150.108,-35.076],[150.052,-35.006],[150.024,-35.002],[150.028,-35.054],[149.978,-35.066],[150.036,-35.128],[149.978,-35.166],[149.932,-35.15],[149.93,-35.236],[149.9,-35.224],[149.88,-35.256],[149.85,-35.232],[149.82,-35.208],[149.674,-35.146],[149.672,-35.144],[149.672,-35.142],[149.642,-35.112],[149.592,-35.156],[149.542,-35.152],[149.53,-34.952],[149.522,-34.906],[149.424,-34.93],[149.422,-34.93],[149.372,-35.106],[149.202,-35.204],[149.274,-35.274],[149.396,-35.302],[149.372,-35.338],[149.208,-35.344],[149.138,-35.428],[149.136,-35.57],[149.138,-35.578],[149.256,-35.592],[149.302,-35.664],[149.376,-35.632],[149.394,-35.634],[149.41,-35.638],[149.432,-35.634],[149.51,-35.652],[149.512,-35.658],[149.524,-35.816],[149.496,-35.828],[149.486,-35.84],[149.516,-35.932],[149.52,-35.982],[149.568,-36.008],[149.602,-35.99],[149.62,-35.962],[149.674,-35.988],[149.684,-35.962],[149.686,-35.802],[149.76,-35.794],[149.862,-35.714],[149.936,-35.562],[149.946,-35.564],[149.98,-35.502]]]}},{"type":"Feature","id":"16550","properties":{"id":"16550","name":"Randwick","regionAbbrev":"AUNSW","ste":"1"},"geometry":{"type":"Polygon","coordinates":[[[151.222,-33.968],[151.224,-33.976],[151.23,-33.98],[151.23,-33.988],[151.232,-33.99],[151.234,-33.99],[151.246,-33.998],[151.25,-34],[151.25,-33.998],[151.252,-33.994],[151.254,-33.982],[151.254,-33.98],[151.252,-33.978],[151.266,-33.958],[151.26,-33.936],[151.268,-33.914],[151.272,-33.91],[151.27,-33.91],[151.242,-33.89],[151.234,-33.89],[151.232,-33.894],[151.228,-33.896],[151.214,-33.924],[151.222,-33.968]]]}},{"type":"Feature","id":"16610","properties":{"id":"16610","name":"Richmond Valley","regionAbbrev":"AUNSW","ste":"1"},"geometry":{"type":"Polygon","coordinates":[[[153.436,-29],[153.398,-29],[153.378,-29.058],[153.336,-29.07],[153.326,-29.038],[153.308,-29.06],[153.27,-28.944],[153.174,-28.922],[153.178,-28.836],[153.17,-28.832],[153.17,-28.83],[153.168,-28.83],[153.164,-28.824],[153.108,-28.762],[153.076,-28.734],[153.078,-28.732],[153.076,-28.732],[152.918,-28.71],[152.912,-28.736],[152.954,-28.798],[152.952,-28.8],[152.924,-28.81],[152.846,-28.886],[152.744,-28.934],[152.746,-28.994],[152.69,-29.022],[152.76,-29.09],[152.718,-29.182],[152.81,-29.236],[152.812,-29.316],[153.02,-29.342],[153.068,-29.322],[153.112,-29.274],[153.144,-29.282],[153.144,-29.242],[153.36,-29.264],[153.456,-29.14],[153.45,-29.122],[153.438,-29.112],[153.484,-28.99],[153.478,-28.992],[153.436,-29]]]}},{"type":"Feature","id":"16700","properties":{"id":"16700","name":"Ryde","regionAbbrev":"AUNSW","ste":"1"},"geometry":{"type":"Polygon","coordinates":[[[151.098,-33.766],[151.094,-33.772],[151.074,-33.818],[151.086,-33.82],[151.088,-33.82],[151.11,-33.834],[151.112,-33.834],[151.114,-33.83],[151.128,-33.84],[151.138,-33.814],[151.14,-33.816],[151.14,-33.81],[151.142,-33.808],[151.142,-33.806],[151.144,-33.806],[151.144,-33.802],[151.158,-33.792],[151.12,-33.768],[151.106,-33.76],[151.098,-33.766]]]}},{"type":"Feature","id":"16900","properties":{"id":"16900","name":"Shellharbour","regionAbbrev":"AUNSW","ste":"1"},"geometry":{"type":"Polygon","coordinates":[[[150.862,-34.628],[150.886,-34.606],[150.882,-34.604],[150.904,-34.598],[150.902,-34.598],[150.904,-34.596],[150.872,-34.576],[150.862,-34.536],[150.796,-34.554],[150.808,-34.55],[150.806,-34.546],[150.808,-34.55],[150.772,-34.552],[150.77,-34.552],[150.754,-34.55],[150.742,-34.552],[150.742,-34.55],[150.656,-34.546],[150.638,-34.574],[150.684,-34.6],[150.694,-34.604],[150.79,-34.602],[150.798,-34.642],[150.83,-34.638],[150.838,-34.612],[150.862,-34.628]]]}},{"type":"Feature","id":"16950","properties":{"id":"16950","name":"Shoalhaven","regionAbbrev":"AUNSW","ste":"1"},"geometry":{"type":"Polygon","coordinates":[[[150.308,-35.638],[150.326,-35.638],[150.328,-35.628],[150.328,-35.626],[150.324,-35.622],[150.324,-35.616],[150.326,-35.612],[150.328,-35.61],[150.346,-35.604],[150.342,-35.596],[150.348,-35.592],[150.354,-35.586],[150.362,-35.576],[150.378,-35.57],[150.388,-35.56],[150.392,-35.544],[150.394,-35.544],[150.404,-35.534],[150.402,-35.514],[150.4,-35.506],[150.396,-35.492],[150.396,-35.462],[150.402,-35.456],[150.45,-35.4],[150.448,-35.394],[150.476,-35.37],[150.486,-35.366],[150.486,-35.36],[150.48,-35.358],[150.478,-35.354],[150.476,-35.346],[150.478,-35.342],[150.478,-35.34],[150.482,-35.324],[150.476,-35.304],[150.514,-35.266],[150.542,-35.246],[150.594,-35.188],[150.594,-35.176],[150.594,-35.174],[150.596,-35.15],[150.596,-35.148],[150.614,-35.146],[150.702,-35.122],[150.694,-35.084],[150.692,-35.08],[150.698,-35.072],[150.698,-35.07],[150.68,-35.048],[150.678,-35.042],[150.676,-35.04],[150.674,-35.038],[150.672,-35.036],[150.716,-35.008],[150.728,-35.008],[150.728,-35.006],[150.726,-35.002],[150.774,-35.004],[150.768,-35.014],[150.782,-35.044],[150.782,-35.048],[150.776,-35.054],[150.776,-35.056],[150.774,-35.078],[150.778,-35.08],[150.788,-35.074],[150.794,-35.078],[150.8,-35.08],[150.812,-35.088],[150.83,-35.076],[150.834,-35.072],[150.838,-35.066],[150.842,-35.058],[150.842,-35.054],[150.84,-35.05],[150.836,-35.032],[150.84,-35.024],[150.85,-35.012],[150.836,-35.004],[150.796,-35.002],[150.78,-34.93],[150.778,-34.93],[150.77,-34.902],[150.782,-34.792],[150.734,-34.748],[150.736,-34.688],[150.604,-34.652],[150.562,-34.682],[150.564,-34.676],[150.564,-34.652],[150.56,-34.64],[150.536,-34.66],[150.526,-34.658],[150.506,-34.672],[150.402,-34.704],[150.334,-34.752],[150.166,-34.822],[150.056,-34.77],[150.042,-34.86],[150.092,-34.912],[150.052,-35.006],[150.108,-35.076],[150.142,-35.138],[150.216,-35.204],[150.186,-35.2],[150.166,-35.27],[150.052,-35.308],[149.98,-35.502],[149.994,-35.524],[149.998,-35.53],[150.002,-35.536],[150.068,-35.578],[150.2,-35.552],[150.202,-35.546],[150.254,-35.564],[150.26,-35.624],[150.272,-35.626],[150.274,-35.632],[150.308,-35.638]]]}},{"type":"Feature","id":"17000","properties":{"id":"17000","name":"Singleton","regionAbbrev":"AUNSW","ste":"1"},"geometry":{"type":"Polygon","coordinates":[[[151.404,-32.662],[151.474,-32.606],[151.502,-32.504],[151.34,-32.262],[151.346,-32.182],[151.31,-32.14],[151.2,-32.232],[151.16,-32.21],[151.166,-32.232],[151.15,-32.268],[151.144,-32.268],[151.106,-32.302],[151.1,-32.336],[151.03,-32.344],[151.018,-32.402],[150.898,-32.396],[150.884,-32.47],[150.778,-32.474],[150.8,-32.502],[150.774,-32.498],[150.746,-32.64],[150.682,-32.634],[150.662,-32.706],[150.596,-32.726],[150.518,-32.75],[150.466,-32.786],[150.364,-32.846],[150.342,-32.888],[150.368,-32.944],[150.394,-33.038],[150.546,-33.042],[150.546,-33.044],[150.612,-33.066],[150.728,-33.072],[150.672,-33.024],[150.694,-32.996],[150.742,-33.018],[150.806,-33.006],[150.824,-32.944],[150.814,-32.92],[150.91,-32.932],[151.006,-32.952],[151.092,-32.83],[151.218,-32.782],[151.214,-32.744],[151.268,-32.746],[151.276,-32.704],[151.334,-32.682],[151.34,-32.648],[151.404,-32.662]]]}},{"type":"Feature","id":"17040","properties":{"id":"17040","name":"Snowy Monaro Regional","regionAbbrev":"AUNSW","ste":"1"},"geometry":{"type":"Polygon","coordinates":[[[149.584,-36.142],[149.544,-36.106],[149.584,-36.08],[149.568,-36.008],[149.52,-35.982],[149.516,-35.932],[149.486,-35.84],[149.496,-35.828],[149.524,-35.816],[149.512,-35.658],[149.51,-35.652],[149.432,-35.634],[149.41,-35.638],[149.394,-35.634],[149.376,-35.632],[149.302,-35.664],[149.256,-35.592],[149.138,-35.578],[149.078,-35.586],[149.102,-35.804],[149.05,-35.92],[148.91,-35.852],[148.888,-35.718],[148.856,-35.76],[148.804,-35.714],[148.782,-35.736],[148.752,-35.684],[148.614,-35.618],[148.586,-35.63],[148.582,-35.658],[148.58,-35.66],[148.576,-35.664],[148.576,-35.662],[148.574,-35.662],[148.57,-35.668],[148.568,-35.668],[148.57,-35.68],[148.56,-35.684],[148.562,-35.69],[148.556,-35.692],[148.552,-35.692],[148.552,-35.694],[148.438,-35.898],[148.562,-36.004],[148.568,-36.094],[148.46,-36.118],[148.432,-36.256],[148.294,-36.41],[148.288,-36.41],[148.266,-36.452],[148.25,-36.544],[148.304,-36.61],[148.25,-36.624],[148.202,-36.798],[149.356,-37.262],[149.418,-37.006],[149.376,-36.958],[149.378,-36.874],[149.51,-36.83],[149.438,-36.776],[149.462,-36.646],[149.416,-36.65],[149.384,-36.59],[149.396,-36.548],[149.46,-36.524],[149.538,-36.366],[149.604,-36.336],[149.55,-36.208],[149.548,-36.208],[149.554,-36.206],[149.584,-36.142]]]}},{"type":"Feature","id":"17080","properties":{"id":"17080","name":"Snowy Valleys","regionAbbrev":"AUNSW","ste":"1"},"geometry":{"type":"Polygon","coordinates":[[[147.856,-35.278],[147.846,-35.328],[147.908,-35.42],[147.874,-35.456],[147.932,-35.55],[147.846,-35.554],[147.898,-35.634],[147.824,-35.646],[147.806,-35.798],[147.712,-35.838],[147.706,-35.872],[147.69,-35.938],[147.896,-35.992],[147.914,-36.002],[147.916,-36.004],[147.928,-36.038],[147.974,-36.04],[147.984,-36.044],[147.998,-36.06],[147.982,-36.088],[147.992,-36.11],[147.994,-36.112],[147.994,-36.116],[148.01,-36.138],[148.028,-36.14],[148.03,-36.14],[148.024,-36.156],[148.026,-36.186],[148.026,-36.188],[148.036,-36.216],[148.036,-36.28],[148.04,-36.288],[148.042,-36.298],[148.048,-36.316],[148.038,-36.39],[148.088,-36.44],[148.124,-36.464],[148.122,-36.48],[148.12,-36.482],[148.138,-36.53],[148.13,-36.542],[148.15,-36.56],[148.172,-36.576],[148.204,-36.588],[148.212,-36.594],[148.214,-36.61],[148.216,-36.634],[148.188,-36.686],[148.186,-36.69],[148.134,-36.744],[148.1,-36.79],[148.168,-36.792],[148.202,-36.798],[148.25,-36.624],[148.304,-36.61],[148.25,-36.544],[148.266,-36.452],[148.288,-36.41],[148.294,-36.41],[148.432,-36.256],[148.46,-36.118],[148.568,-36.094],[148.562,-36.004],[148.438,-35.898],[148.552,-35.694],[148.552,-35.692],[148.556,-35.692],[148.562,-35.69],[148.56,-35.684],[148.57,-35.68],[148.568,-35.668],[148.57,-35.668],[148.574,-35.662],[148.576,-35.662],[148.576,-35.664],[148.58,-35.66],[148.582,-35.658],[148.586,-35.63],[148.614,-35.618],[148.752,-35.684],[148.782,-35.736],[148.804,-35.714],[148.764,-35.494],[148.804,-35.316],[148.764,-35.316],[148.754,-35.258],[148.544,-35.238],[148.582,-35.192],[148.548,-35.132],[148.526,-35.088],[148.47,-35.08],[148.424,-35.164],[148.2,-35.11],[148.214,-35.146],[148.184,-35.184],[147.962,-35.186],[147.96,-35.228],[147.898,-35.23],[147.856,-35.278]]]}},{"type":"Feature","id":"17100","properties":{"id":"17100","name":"Strathfield","regionAbbrev":"AUNSW","ste":"1"},"geometry":{"type":"Polygon","coordinates":[[[151.094,-33.872],[151.082,-33.85],[151.064,-33.856],[151.062,-33.864],[151.06,-33.884],[151.058,-33.884],[151.09,-33.9],[151.09,-33.898],[151.094,-33.872]]]}},{"type":"Feature","id":"17150","properties":{"id":"17150","name":"Sutherland Shire","regionAbbrev":"AUNSW","ste":"1"},"geometry":{"type":"Polygon","coordinates":[[[150.924,-34.13],[151.066,-34.172],[151.104,-34.152],[151.106,-34.152],[151.118,-34.142],[151.13,-34.134],[151.144,-34.116],[151.162,-34.098],[151.166,-34.096],[151.172,-34.082],[151.172,-34.08],[151.172,-34.078],[151.17,-34.078],[151.17,-34.076],[151.166,-34.078],[151.134,-34.076],[151.134,-34.078],[151.122,-34.078],[151.116,-34.078],[151.106,-34.082],[151.1,-34.088],[151.088,-34.088],[151.104,-34.076],[151.1,-34.064],[151.09,-34.064],[151.092,-34.066],[151.06,-34.066],[151.08,-34.062],[151.09,-34.064],[151.082,-34.056],[151.098,-34.048],[151.108,-34.044],[151.112,-34.052],[151.114,-34.06],[151.112,-34.072],[151.114,-34.072],[151.128,-34.064],[151.128,-34.062],[151.134,-34.06],[151.138,-34.056],[151.134,-34.072],[151.142,-34.07],[151.144,-34.06],[151.148,-34.072],[151.156,-34.064],[151.156,-34.062],[151.204,-34.04],[151.206,-34.04],[151.208,-34.04],[151.212,-34.04],[151.214,-34.042],[151.216,-34.04],[151.228,-34.03],[151.228,-34.028],[151.232,-34.014],[151.23,-34.008],[151.224,-34.002],[151.188,-34.008],[151.2,-34.014],[151.202,-34.014],[151.206,-34.016],[151.204,-34.016],[151.2,-34.018],[151.2,-34.02],[151.194,-34.02],[151.192,-34.018],[151.192,-34.02],[151.19,-34.02],[151.19,-34.018],[151.182,-34.024],[151.17,-34.022],[151.17,-34.024],[151.164,-34.022],[151.162,-34.022],[151.18,-34.012],[151.164,-34],[151.162,-34.002],[151.166,-34.002],[151.158,-34.012],[151.142,-34.014],[151.148,-34.038],[151.14,-34.036],[151.13,-34.022],[151.128,-34.018],[151.118,-34.014],[151.116,-34.014],[151.096,-34],[151.08,-34.01],[151.086,-34.004],[151.09,-33.996],[151.05,-34.008],[151.048,-34.008],[151.048,-34.006],[151.046,-34.01],[151.052,-34.016],[151.05,-34.016],[151.046,-34.026],[151.048,-34.018],[151.048,-34.014],[151.046,-34.012],[151.046,-34.014],[151.046,-34.012],[151.044,-34.006],[151.054,-34.002],[151.054,-34],[151.056,-33.998],[151.054,-33.998],[151.056,-33.998],[151.066,-33.99],[151.062,-33.988],[151.054,-33.994],[151.034,-33.992],[151.03,-33.984],[151.038,-33.982],[151.036,-33.976],[151.022,-33.976],[151.016,-33.982],[150.994,-33.972],[150.99,-33.976],[150.942,-34.04],[150.924,-34.13]]]}},{"type":"Feature","id":"17200","properties":{"id":"17200","name":"Sydney","regionAbbrev":"AUNSW","ste":"1"},"geometry":{"type":"Polygon","coordinates":[[[151.214,-33.924],[151.228,-33.896],[151.232,-33.894],[151.234,-33.89],[151.23,-33.876],[151.232,-33.874],[151.22,-33.868],[151.212,-33.86],[151.21,-33.86],[151.208,-33.854],[151.206,-33.856],[151.204,-33.856],[151.204,-33.854],[151.19,-33.866],[151.188,-33.868],[151.192,-33.874],[151.19,-33.874],[151.176,-33.872],[151.182,-33.906],[151.18,-33.92],[151.214,-33.924]]]}},{"type":"Feature","id":"17310","properties":{"id":"17310","name":"Tamworth Regional","regionAbbrev":"AUNSW","ste":"1"},"geometry":{"type":"Polygon","coordinates":[[[150.592,-31.082],[150.622,-31.092],[150.77,-31.234],[150.782,-31.268],[150.784,-31.268],[150.794,-31.306],[150.79,-31.318],[150.79,-31.32],[150.788,-31.328],[150.998,-31.602],[151.068,-31.594],[151.236,-31.662],[151.27,-31.612],[151.274,-31.608],[151.29,-31.596],[151.338,-31.562],[151.41,-31.564],[151.458,-31.61],[151.478,-31.564],[151.48,-31.564],[151.484,-31.55],[151.418,-31.506],[151.416,-31.41],[151.46,-31.356],[151.416,-31.266],[151.364,-31.292],[151.384,-31.206],[151.346,-31.196],[151.336,-31.12],[151.336,-31.122],[151.314,-31.078],[151.324,-31.072],[151.358,-31.066],[151.344,-31.018],[151.31,-30.99],[151.344,-30.946],[151.288,-30.91],[151.322,-30.896],[151.334,-30.896],[151.378,-30.834],[151.37,-30.716],[151.248,-30.726],[151.15,-30.6],[151.068,-30.562],[151.012,-30.458],[151.026,-30.41],[150.96,-30.428],[150.936,-30.398],[150.976,-30.266],[150.94,-30.196],[150.834,-30.196],[150.724,-30.294],[150.694,-30.278],[150.592,-30.286],[150.54,-30.322],[150.464,-30.252],[150.432,-30.282],[150.366,-30.318],[150.308,-30.258],[150.208,-30.256],[150.18,-30.206],[150.146,-30.208],[150.19,-30.364],[150.23,-30.376],[150.232,-30.376],[150.284,-30.43],[150.33,-30.402],[150.364,-30.432],[150.356,-30.528],[150.394,-30.546],[150.36,-30.566],[150.392,-30.604],[150.474,-30.626],[150.51,-30.66],[150.458,-30.69],[150.456,-30.772],[150.564,-30.83],[150.492,-30.92],[150.598,-31.038],[150.592,-31.082]]]}},{"type":"Feature","id":"17350","properties":{"id":"17350","name":"Temora","regionAbbrev":"AUNSW","ste":"1"},"geometry":{"type":"Polygon","coordinates":[[[147.108,-34.316],[147.084,-34.42],[147.13,-34.426],[147.114,-34.498],[147.108,-34.536],[147.336,-34.564],[147.374,-34.658],[147.464,-34.63],[147.612,-34.63],[147.646,-34.566],[147.706,-34.582],[147.77,-34.532],[147.79,-34.446],[147.876,-34.456],[147.862,-34.434],[147.862,-34.432],[147.856,-34.424],[147.856,-34.416],[147.858,-34.414],[147.856,-34.41],[147.856,-34.408],[147.854,-34.406],[147.854,-34.404],[147.842,-34.398],[147.836,-34.382],[147.834,-34.36],[147.828,-34.356],[147.824,-34.34],[147.824,-34.336],[147.806,-34.302],[147.806,-34.3],[147.798,-34.278],[147.798,-34.268],[147.752,-34.184],[147.724,-34.182],[147.714,-34.162],[147.712,-34.16],[147.71,-34.158],[147.708,-34.158],[147.496,-34.106],[147.47,-34.208],[147.302,-34.176],[147.298,-34.254],[147.266,-34.234],[147.256,-34.29],[147.13,-34.276],[147.108,-34.316]]]}},{"type":"Feature","id":"17400","properties":{"id":"17400","name":"Tenterfield","regionAbbrev":"AUNSW","ste":"1"},"geometry":{"type":"Polygon","coordinates":[[[152.56,-28.99],[152.574,-28.862],[152.538,-28.848],[152.544,-28.782],[152.498,-28.784],[152.494,-28.748],[152.414,-28.722],[152.376,-28.7],[152.398,-28.664],[152.418,-28.618],[152.458,-28.568],[152.44,-28.53],[152.502,-28.52],[152.502,-28.518],[152.542,-28.482],[152.544,-28.478],[152.554,-28.476],[152.552,-28.466],[152.556,-28.466],[152.566,-28.442],[152.568,-28.438],[152.58,-28.42],[152.594,-28.41],[152.598,-28.398],[152.606,-28.39],[152.608,-28.376],[152.616,-28.362],[152.616,-28.352],[152.63,-28.34],[152.598,-28.314],[152.556,-28.326],[152.534,-28.262],[152.488,-28.252],[152.416,-28.298],[152.386,-28.368],[152.31,-28.362],[152.22,-28.448],[152.16,-28.432],[152.018,-28.524],[151.956,-28.518],[152.01,-28.664],[152.076,-28.708],[152.042,-28.732],[152.038,-28.864],[151.998,-28.894],[151.92,-28.928],[151.852,-28.906],[151.832,-28.962],[151.778,-28.958],[151.726,-28.866],[151.546,-28.952],[151.506,-29.01],[151.502,-29.072],[151.366,-29.174],[151.428,-29.286],[151.428,-29.288],[151.464,-29.24],[151.582,-29.268],[151.624,-29.346],[151.676,-29.356],[151.7,-29.328],[151.784,-29.354],[151.806,-29.426],[152.006,-29.406],[152.054,-29.34],[152.298,-29.376],[152.332,-29.342],[152.314,-29.282],[152.414,-29.23],[152.456,-29.088],[152.42,-29.08],[152.424,-29.036],[152.46,-29.032],[152.472,-28.972],[152.56,-28.99]]]}},{"type":"Feature","id":"17420","properties":{"id":"17420","name":"The Hills Shire","regionAbbrev":"AUNSW","ste":"1"},"geometry":{"type":"Polygon","coordinates":[[[150.96,-33.768],[151.05,-33.758],[151.012,-33.71],[151.026,-33.666],[151.03,-33.516],[150.986,-33.398],[150.986,-33.392],[150.99,-33.38],[150.988,-33.378],[150.876,-33.452],[150.906,-33.472],[150.87,-33.5],[150.928,-33.504],[150.89,-33.562],[150.936,-33.564],[150.874,-33.656],[150.96,-33.768]]]}},{"type":"Feature","id":"17550","properties":{"id":"17550","name":"Tweed","regionAbbrev":"AUNSW","ste":"1"},"geometry":{"type":"Polygon","coordinates":[[[153.554,-28.476],[153.58,-28.362],[153.578,-28.334],[153.578,-28.336],[153.574,-28.334],[153.586,-28.258],[153.572,-28.246],[153.572,-28.198],[153.554,-28.17],[153.552,-28.17],[153.564,-28.2],[153.564,-28.202],[153.564,-28.204],[153.554,-28.23],[153.556,-28.23],[153.556,-28.232],[153.544,-28.242],[153.54,-28.238],[153.542,-28.238],[153.544,-28.238],[153.542,-28.236],[153.544,-28.236],[153.546,-28.236],[153.546,-28.234],[153.548,-28.232],[153.546,-28.232],[153.544,-28.232],[153.556,-28.218],[153.558,-28.218],[153.554,-28.192],[153.538,-28.184],[153.516,-28.202],[153.504,-28.22],[153.496,-28.206],[153.5,-28.2],[153.508,-28.2],[153.51,-28.192],[153.522,-28.188],[153.522,-28.19],[153.54,-28.182],[153.548,-28.17],[153.552,-28.168],[153.554,-28.168],[153.552,-28.168],[153.552,-28.164],[153.478,-28.156],[153.364,-28.248],[153.208,-28.252],[153.176,-28.25],[153.11,-28.356],[153.114,-28.368],[153.136,-28.458],[153.146,-28.476],[153.16,-28.518],[153.184,-28.522],[153.33,-28.54],[153.374,-28.472],[153.554,-28.476]]]}},{"type":"Feature","id":"17620","properties":{"id":"17620","name":"Upper Hunter Shire","regionAbbrev":"AUNSW","ste":"1"},"geometry":{"type":"Polygon","coordinates":[[[151.406,-32.044],[151.49,-31.88],[151.514,-31.862],[151.552,-31.848],[151.554,-31.848],[151.586,-31.834],[151.584,-31.786],[151.57,-31.79],[151.568,-31.79],[151.54,-31.776],[151.532,-31.77],[151.534,-31.694],[151.524,-31.68],[151.522,-31.67],[151.536,-31.596],[151.53,-31.592],[151.524,-31.59],[151.512,-31.584],[151.514,-31.58],[151.504,-31.576],[151.48,-31.564],[151.478,-31.564],[151.458,-31.61],[151.41,-31.564],[151.338,-31.562],[151.29,-31.596],[151.274,-31.608],[151.27,-31.612],[151.236,-31.662],[151.068,-31.594],[150.998,-31.602],[150.998,-31.638],[150.914,-31.648],[150.85,-31.73],[150.74,-31.778],[150.718,-31.84],[150.548,-31.858],[150.486,-31.83],[150.444,-31.854],[150.336,-31.824],[150.294,-31.848],[150.2,-31.824],[150.112,-31.746],[150.07,-31.77],[150.016,-31.834],[149.91,-31.9],[149.904,-31.904],[149.866,-31.96],[149.852,-31.97],[149.876,-32.03],[149.796,-32.058],[149.796,-32.094],[149.932,-32.118],[149.962,-32.182],[150.002,-32.162],[150.024,-32.186],[150.072,-32.192],[150.03,-32.334],[150.07,-32.356],[150.168,-32.32],[150.19,-32.35],[150.256,-32.302],[150.262,-32.352],[150.32,-32.408],[150.36,-32.384],[150.374,-32.382],[150.396,-32.332],[150.47,-32.322],[150.522,-32.37],[150.558,-32.332],[150.544,-32.326],[150.53,-32.332],[150.516,-32.298],[150.504,-32.268],[150.5,-32.26],[150.5,-32.256],[150.494,-32.222],[150.494,-32.214],[150.506,-32.158],[150.51,-32.154],[150.502,-32.142],[150.878,-32.182],[151.07,-32.166],[151.16,-32.21],[151.2,-32.232],[151.31,-32.14],[151.336,-32.082],[151.392,-32.082],[151.406,-32.044]]]}},{"type":"Feature","id":"17640","properties":{"id":"17640","name":"Upper Lachlan Shire","regionAbbrev":"AUNSW","ste":"1"},"geometry":{"type":"Polygon","coordinates":[[[149.12,-33.888],[149.012,-33.932],[149.018,-33.99],[149.062,-33.998],[149.012,-34.142],[149.132,-34.276],[149.092,-34.292],[149.12,-34.36],[149.038,-34.448],[149.024,-34.482],[149.022,-34.484],[149.018,-34.49],[149.016,-34.492],[149.01,-34.508],[148.948,-34.644],[148.94,-34.704],[148.984,-34.708],[148.994,-34.714],[149.044,-34.828],[149.12,-34.888],[149.272,-34.886],[149.346,-34.922],[149.338,-34.948],[149.422,-34.93],[149.424,-34.93],[149.522,-34.906],[149.544,-34.87],[149.47,-34.858],[149.508,-34.818],[149.534,-34.71],[149.496,-34.668],[149.528,-34.634],[149.556,-34.606],[149.618,-34.644],[149.66,-34.556],[149.7,-34.548],[149.76,-34.598],[149.81,-34.62],[149.794,-34.65],[149.856,-34.642],[149.832,-34.598],[149.95,-34.632],[150.064,-34.616],[150.084,-34.582],[150.094,-34.554],[150.046,-34.526],[150.094,-34.512],[150.06,-34.464],[150.124,-34.374],[150.092,-34.346],[150.016,-34.366],[149.972,-34.302],[149.992,-34.258],[150.06,-34.266],[150.034,-34.146],[150.016,-34.144],[150.038,-34.12],[149.962,-34.076],[149.93,-34.078],[149.936,-34.116],[149.95,-34.124],[149.944,-34.14],[149.944,-34.144],[149.938,-34.152],[149.938,-34.166],[149.854,-34.186],[149.806,-34.198],[149.718,-34.194],[149.676,-34.176],[149.536,-34.062],[149.53,-34.06],[149.53,-34.062],[149.53,-34.054],[149.524,-34.052],[149.396,-33.998],[149.3,-33.946],[149.18,-33.984],[149.12,-33.888]]]}},{"type":"Feature","id":"17650","properties":{"id":"17650","name":"Uralla","regionAbbrev":"AUNSW","ste":"1"},"geometry":{"type":"Polygon","coordinates":[[[151.292,-30.172],[151.278,-30.24],[151.236,-30.184],[151.136,-30.186],[151.124,-30.132],[151.012,-30.1],[150.992,-30.08],[150.948,-30.074],[150.97,-30.13],[150.94,-30.196],[150.976,-30.266],[150.936,-30.398],[150.96,-30.428],[151.026,-30.41],[151.012,-30.458],[151.068,-30.562],[151.15,-30.6],[151.248,-30.726],[151.37,-30.716],[151.378,-30.834],[151.478,-30.896],[151.59,-30.844],[151.642,-30.876],[151.72,-30.796],[151.734,-30.696],[151.774,-30.686],[151.672,-30.666],[151.584,-30.55],[151.582,-30.544],[151.576,-30.486],[151.568,-30.48],[151.53,-30.44],[151.462,-30.44],[151.452,-30.394],[151.324,-30.336],[151.348,-30.304],[151.304,-30.264],[151.318,-30.166],[151.292,-30.172]]]}},{"type":"Feature","id":"17750","properties":{"id":"17750","name":"Wagga Wagga","regionAbbrev":"AUNSW","ste":"1"},"geometry":{"type":"Polygon","coordinates":[[[146.85,-34.808],[146.842,-34.902],[146.786,-34.924],[146.81,-34.986],[146.78,-35.098],[146.856,-35.18],[147.15,-35.18],[147.142,-35.254],[147.232,-35.32],[147.23,-35.338],[147.198,-35.326],[147.168,-35.364],[147.16,-35.464],[147.186,-35.448],[147.364,-35.514],[147.392,-35.564],[147.428,-35.538],[147.488,-35.546],[147.522,-35.482],[147.682,-35.556],[147.742,-35.536],[147.754,-35.536],[147.846,-35.554],[147.932,-35.55],[147.874,-35.456],[147.908,-35.42],[147.846,-35.328],[147.856,-35.278],[147.772,-35.184],[147.772,-35.18],[147.77,-35.174],[147.736,-35.104],[147.734,-35.104],[147.688,-35.078],[147.6,-34.986],[147.318,-34.95],[147.316,-34.906],[147.09,-34.88],[147.094,-34.824],[146.958,-34.844],[146.85,-34.808]]]}},{"type":"Feature","id":"17850","properties":{"id":"17850","name":"Walcha","regionAbbrev":"AUNSW","ste":"1"},"geometry":{"type":"Polygon","coordinates":[[[151.72,-30.796],[151.642,-30.876],[151.59,-30.844],[151.478,-30.896],[151.378,-30.834],[151.334,-30.896],[151.322,-30.896],[151.288,-30.91],[151.344,-30.946],[151.31,-30.99],[151.344,-31.018],[151.358,-31.066],[151.324,-31.072],[151.314,-31.078],[151.336,-31.122],[151.336,-31.12],[151.346,-31.196],[151.384,-31.206],[151.364,-31.292],[151.416,-31.266],[151.46,-31.356],[151.416,-31.41],[151.418,-31.506],[151.484,-31.55],[151.48,-31.564],[151.504,-31.576],[151.514,-31.58],[151.512,-31.584],[151.524,-31.59],[151.53,-31.592],[151.536,-31.596],[151.538,-31.598],[151.562,-31.606],[151.586,-31.602],[151.604,-31.598],[151.758,-31.638],[151.802,-31.57],[151.754,-31.514],[151.914,-31.496],[152.084,-31.5],[152.066,-31.436],[152.154,-31.274],[152.148,-31.196],[152.18,-31.198],[152.234,-31.198],[152.318,-31.202],[152.35,-31.116],[152.336,-31.088],[152.346,-31.042],[152.272,-31.002],[152.288,-30.956],[152.296,-30.93],[152.178,-30.914],[152.154,-30.872],[152.084,-30.842],[152.04,-30.862],[152.016,-30.824],[151.938,-30.756],[151.844,-30.778],[151.72,-30.796]]]}},{"type":"Feature","id":"17900","properties":{"id":"17900","name":"Walgett","regionAbbrev":"AUNSW","ste":"1"},"geometry":{"type":"Polygon","coordinates":[[[147.178,-30.402],[147.562,-30.428],[147.62,-30.504],[147.622,-30.512],[147.848,-30.54],[147.846,-30.478],[147.972,-30.412],[148.11,-30.418],[148.118,-30.512],[148.234,-30.44],[148.228,-30.35],[148.304,-30.318],[148.474,-30.508],[148.586,-30.564],[148.644,-30.582],[148.666,-30.526],[148.836,-30.528],[148.852,-30.53],[148.886,-30.326],[148.894,-30.33],[148.892,-30.334],[148.894,-30.334],[148.91,-30.334],[148.91,-30.336],[148.944,-30.188],[149.082,-30.034],[149.094,-29.958],[149.048,-29.952],[149.084,-29.748],[149.09,-29.712],[148.88,-29.628],[148.888,-29.482],[148.886,-29.478],[148.876,-29.486],[148.874,-29.486],[148.87,-29.486],[148.87,-29.49],[148.854,-29.494],[148.85,-29.494],[148.846,-29.496],[148.834,-29.494],[148.814,-29.494],[148.792,-29.504],[148.77,-29.502],[148.708,-29.516],[148.69,-29.508],[148.678,-29.51],[148.686,-29.494],[148.716,-29.418],[148.688,-29.378],[148.734,-29.252],[148.75,-29.232],[148.752,-29.23],[148.794,-29.184],[148.8,-29.188],[148.806,-29.182],[148.808,-29.17],[148.8,-29.166],[148.808,-29.12],[148.806,-29.102],[148.876,-29.042],[148.91,-29.022],[148.912,-29.022],[148.958,-29.006],[148.958,-29.002],[148.958,-28.998],[147.946,-28.998],[147.92,-29.114],[147.852,-29.148],[147.774,-29.288],[147.736,-29.276],[147.678,-29.344],[147.596,-29.36],[147.436,-29.53],[147.43,-29.54],[147.41,-29.574],[147.412,-29.59],[147.346,-29.69],[147.412,-29.724],[147.428,-29.762],[147.382,-29.782],[147.414,-29.834],[147.494,-29.852],[147.476,-29.982],[147.412,-29.974],[147.39,-30.106],[147.42,-30.116],[147.388,-30.128],[147.298,-30.128],[147.26,-30.13],[147.248,-30.132],[147.238,-30.194],[147.236,-30.196],[147.238,-30.208],[147.242,-30.232],[147.214,-30.298],[147.2,-30.316],[147.188,-30.354],[147.178,-30.402]]]}},{"type":"Feature","id":"17950","properties":{"id":"17950","name":"Warren","regionAbbrev":"AUNSW","ste":"1"},"geometry":{"type":"Polygon","coordinates":[[[147.33,-31.994],[147.338,-31.996],[147.344,-31.996],[147.346,-31.996],[147.432,-32.076],[147.478,-32.124],[147.472,-32.146],[147.496,-32.188],[147.746,-31.988],[147.804,-31.984],[147.838,-31.926],[147.948,-31.866],[148.052,-31.898],[148.156,-31.806],[148.186,-31.826],[148.262,-31.77],[148.302,-31.792],[148.346,-31.798],[148.358,-31.73],[148.298,-31.732],[148.324,-31.59],[148.268,-31.586],[148.308,-31.416],[148.298,-31.384],[148.23,-31.388],[148.118,-31.284],[147.988,-31.18],[147.978,-31.086],[147.928,-31.044],[147.888,-31.016],[147.866,-30.984],[147.744,-30.996],[147.698,-30.836],[147.518,-30.81],[147.52,-30.784],[147.532,-30.758],[147.584,-30.664],[147.576,-30.588],[147.574,-30.58],[147.574,-30.576],[147.622,-30.512],[147.62,-30.504],[147.562,-30.428],[147.178,-30.402],[147.172,-30.42],[147.166,-30.428],[147.168,-30.438],[147.186,-30.514],[147.19,-30.524],[147.1,-30.534],[147.12,-30.6],[147.204,-30.61],[147.208,-30.638],[147.214,-30.68],[147.21,-30.72],[147.248,-30.75],[147.25,-30.824],[147.158,-30.82],[147.158,-30.902],[147.268,-31.032],[147.198,-31.078],[147.3,-31.192],[147.376,-31.164],[147.376,-31.166],[147.38,-31.17],[147.384,-31.184],[147.386,-31.198],[147.388,-31.202],[147.42,-31.23],[147.42,-31.24],[147.424,-31.246],[147.518,-31.334],[147.46,-31.356],[147.52,-31.432],[147.506,-31.466],[147.46,-31.496],[147.482,-31.522],[147.342,-31.81],[147.42,-31.848],[147.44,-31.82],[147.486,-31.86],[147.33,-31.994]]]}},{"type":"Feature","id":"18020","properties":{"id":"18020","name":"Warrumbungle Shire","regionAbbrev":"AUNSW","ste":"1"},"geometry":{"type":"Polygon","coordinates":[[[149.064,-31.29],[148.956,-31.452],[149.048,-31.444],[149.032,-31.478],[149.13,-31.49],[149.138,-31.532],[149.138,-31.536],[149.126,-31.552],[149.128,-31.556],[149.12,-31.568],[149.118,-31.57],[149.114,-31.578],[149.112,-31.612],[149.068,-31.67],[149.098,-31.784],[149.032,-31.8],[148.978,-31.914],[149.032,-31.922],[148.998,-32.036],[149.02,-32.108],[149.06,-32.088],[149.096,-32.116],[149.198,-32.11],[149.222,-32.182],[149.19,-32.29],[149.226,-32.294],[149.286,-32.288],[149.336,-32.284],[149.374,-32.19],[149.414,-32.176],[149.416,-32.096],[149.546,-32.088],[149.632,-32.116],[149.654,-32.116],[149.666,-32.118],[149.752,-32.12],[149.796,-32.058],[149.876,-32.03],[149.852,-31.97],[149.866,-31.96],[149.904,-31.904],[149.91,-31.9],[150.016,-31.834],[150.07,-31.77],[150.112,-31.746],[150.03,-31.688],[149.98,-31.728],[149.866,-31.678],[149.842,-31.616],[149.902,-31.624],[149.904,-31.538],[149.894,-31.536],[149.868,-31.536],[149.882,-31.454],[149.914,-31.452],[149.884,-31.372],[149.804,-31.372],[149.79,-31.294],[149.796,-31.224],[149.888,-31.178],[149.894,-31.164],[149.906,-31.096],[149.82,-31.084],[149.838,-30.92],[149.632,-30.916],[149.66,-30.884],[149.312,-30.864],[149.208,-30.906],[149.156,-30.784],[149.122,-30.798],[149.12,-30.716],[149.048,-30.712],[149.026,-30.606],[148.948,-30.654],[148.924,-30.624],[148.812,-30.674],[148.798,-30.75],[148.88,-30.826],[148.82,-30.87],[148.874,-30.912],[148.834,-31.028],[148.902,-31.046],[148.954,-31.226],[149.064,-31.29]]]}},{"type":"Feature","id":"18050","properties":{"id":"18050","name":"Waverley","regionAbbrev":"AUNSW","ste":"1"},"geometry":{"type":"Polygon","coordinates":[[[151.27,-33.91],[151.27,-33.902],[151.272,-33.9],[151.276,-33.894],[151.276,-33.892],[151.278,-33.892],[151.284,-33.862],[151.286,-33.858],[151.278,-33.864],[151.242,-33.89],[151.27,-33.91]]]}},{"type":"Feature","id":"18100","properties":{"id":"18100","name":"Weddin","regionAbbrev":"AUNSW","ste":"1"},"geometry":{"type":"Polygon","coordinates":[[[147.76,-34.142],[147.774,-34.14],[147.822,-34.118],[147.874,-34.114],[147.98,-34.094],[148.026,-34.118],[148.032,-34.028],[148.146,-34.08],[148.238,-34.054],[148.386,-34.13],[148.442,-34.012],[148.516,-33.916],[148.472,-33.826],[148.406,-33.884],[148.38,-33.832],[148.31,-33.836],[148.372,-33.744],[148.336,-33.75],[148.376,-33.688],[148.33,-33.648],[148.328,-33.65],[148.328,-33.654],[148.184,-33.638],[148.102,-33.648],[148.088,-33.678],[148.086,-33.688],[148.082,-33.696],[148.078,-33.704],[147.698,-33.704],[147.684,-33.624],[147.602,-33.614],[147.512,-33.706],[147.52,-33.756],[147.524,-33.762],[147.524,-33.764],[147.524,-33.77],[147.542,-33.91],[147.714,-33.936],[147.784,-34.07],[147.76,-34.142]]]}},{"type":"Feature","id":"18200","properties":{"id":"18200","name":"Wentworth","regionAbbrev":"AUNSW","ste":"1"},"geometry":{"type":"Polygon","coordinates":[[[143.552,-33.14],[143.574,-33.012],[143.654,-33.012],[143.672,-32.94],[143.586,-32.93],[143.592,-32.884],[143.506,-32.876],[143.5,-32.918],[143.418,-32.906],[143.432,-32.808],[143.272,-32.78],[142.966,-32.75],[142.944,-32.89],[142.516,-32.846],[142.548,-33.016],[142.376,-32.974],[142.294,-33.116],[142.024,-33.084],[142.038,-33.144],[141.562,-33.096],[141.574,-33.006],[141.404,-32.988],[141.348,-33.366],[141.31,-33.34],[141.002,-33.328],[141.004,-34.022],[141.008,-34.042],[141.09,-34.076],[141.096,-34.05],[141.138,-34.058],[141.184,-34.092],[141.242,-34.06],[141.298,-34.11],[141.298,-34.112],[141.37,-34.126],[141.444,-34.168],[141.498,-34.156],[141.512,-34.216],[141.604,-34.19],[141.596,-34.154],[141.728,-34.09],[141.852,-34.13],[141.904,-34.11],[141.94,-34.13],[142.038,-34.1],[142.084,-34.174],[142.152,-34.148],[142.168,-34.184],[142.22,-34.18],[142.234,-34.304],[142.398,-34.338],[142.352,-34.396],[142.354,-34.47],[142.384,-34.476],[142.36,-34.5],[142.396,-34.492],[142.4,-34.522],[142.368,-34.532],[142.454,-34.584],[142.466,-34.562],[142.47,-34.59],[142.584,-34.558],[142.612,-34.37],[142.79,-34.388],[142.834,-34.09],[142.744,-34.082],[142.76,-33.978],[142.798,-33.982],[142.806,-33.922],[142.932,-33.934],[142.946,-33.848],[142.992,-33.854],[143.04,-33.55],[143.212,-33.568],[143.244,-33.35],[143.296,-33.356],[143.308,-33.27],[143.356,-33.276],[143.378,-33.14],[143.552,-33.14]]]}},{"type":"Feature","id":"18250","properties":{"id":"18250","name":"Willoughby","regionAbbrev":"AUNSW","ste":"1"},"geometry":{"type":"Polygon","coordinates":[[[151.158,-33.792],[151.144,-33.802],[151.146,-33.802],[151.176,-33.812],[151.196,-33.822],[151.22,-33.818],[151.23,-33.814],[151.232,-33.808],[151.222,-33.806],[151.224,-33.802],[151.23,-33.802],[151.222,-33.796],[151.216,-33.79],[151.234,-33.788],[151.214,-33.784],[151.208,-33.778],[151.18,-33.786],[151.17,-33.79],[151.158,-33.792]]]}},{"type":"Feature","id":"18350","properties":{"id":"18350","name":"Wingecarribee","regionAbbrev":"AUNSW","ste":"1"},"geometry":{"type":"Polygon","coordinates":[[[150.334,-34.752],[150.402,-34.704],[150.506,-34.672],[150.526,-34.658],[150.536,-34.66],[150.56,-34.64],[150.564,-34.652],[150.564,-34.676],[150.562,-34.682],[150.604,-34.652],[150.694,-34.604],[150.684,-34.6],[150.638,-34.574],[150.656,-34.546],[150.746,-34.336],[150.562,-34.33],[150.548,-34.264],[150.268,-34.212],[150.198,-34.304],[150.06,-34.266],[149.992,-34.258],[149.972,-34.302],[150.016,-34.366],[150.092,-34.346],[150.124,-34.374],[150.06,-34.464],[150.094,-34.512],[150.046,-34.526],[150.094,-34.554],[150.084,-34.582],[150.094,-34.68],[150.19,-34.756],[150.216,-34.746],[150.27,-34.734],[150.334,-34.752]]]}},{"type":"Feature","id":"18400","properties":{"id":"18400","name":"Wollondilly","regionAbbrev":"AUNSW","ste":"1"},"geometry":{"type":"Polygon","coordinates":[[[150.186,-33.88],[150.156,-33.892],[150.176,-33.944],[150.242,-33.952],[150.204,-34],[150.146,-34.068],[150.108,-34.09],[150.124,-34.15],[150.038,-34.12],[150.016,-34.144],[150.034,-34.146],[150.06,-34.266],[150.198,-34.304],[150.268,-34.212],[150.548,-34.264],[150.562,-34.33],[150.746,-34.336],[150.752,-34.302],[150.818,-34.306],[150.806,-34.27],[150.88,-34.26],[150.9,-34.19],[150.752,-34.164],[150.742,-34.08],[150.718,-34.078],[150.714,-34.078],[150.654,-34.084],[150.662,-34.052],[150.662,-34.05],[150.662,-34.048],[150.664,-34.044],[150.666,-34.038],[150.668,-34.034],[150.67,-34.034],[150.67,-34.032],[150.63,-33.956],[150.64,-33.876],[150.612,-33.858],[150.546,-33.894],[150.508,-33.868],[150.464,-33.9],[150.406,-33.862],[150.41,-33.83],[150.364,-33.802],[150.342,-33.856],[150.246,-33.874],[150.238,-33.88],[150.186,-33.88]]]}},{"type":"Feature","id":"18450","properties":{"id":"18450","name":"Wollongong","regionAbbrev":"AUNSW","ste":"1"},"geometry":{"type":"MultiPolygon","coordinates":[[[[150.9,-34.19],[150.88,-34.26],[150.806,-34.27],[150.818,-34.306],[150.752,-34.302],[150.746,-34.336],[150.656,-34.546],[150.742,-34.55],[150.742,-34.552],[150.754,-34.55],[150.77,-34.552],[150.772,-34.552],[150.808,-34.55],[150.806,-34.546],[150.814,-34.534],[150.81,-34.528],[150.816,-34.502],[150.836,-34.496],[150.834,-34.486],[150.836,-34.488],[150.87,-34.492],[150.872,-34.492],[150.878,-34.492],[150.882,-34.498],[150.876,-34.498],[150.874,-34.498],[150.876,-34.542],[150.91,-34.492],[150.922,-34.492],[150.916,-34.476],[150.914,-34.476],[150.914,-34.474],[150.912,-34.474],[150.904,-34.472],[150.902,-34.468],[150.886,-34.456],[150.896,-34.45],[150.902,-34.462],[150.9,-34.45],[150.91,-34.42],[150.904,-34.418],[150.916,-34.386],[150.926,-34.376],[150.926,-34.374],[150.93,-34.368],[150.928,-34.368],[150.928,-34.34],[150.928,-34.338],[150.934,-34.31],[150.936,-34.308],[150.938,-34.306],[150.938,-34.304],[150.94,-34.302],[150.942,-34.302],[150.944,-34.302],[150.944,-34.3],[150.942,-34.3],[150.956,-34.28],[150.962,-34.272],[150.97,-34.262],[150.972,-34.26],[150.974,-34.258],[150.974,-34.256],[150.976,-34.252],[150.978,-34.248],[150.98,-34.248],[150.978,-34.248],[150.998,-34.226],[151,-34.226],[151.042,-34.19],[151.066,-34.172],[150.924,-34.13],[150.9,-34.19]]],[[[150.93,-34.492],[150.93,-34.49],[150.93,-34.488],[150.928,-34.488],[150.93,-34.492]]]]}},{"type":"Feature","id":"18500","properties":{"id":"18500","name":"Woollahra","regionAbbrev":"AUNSW","ste":"1"},"geometry":{"type":"Polygon","coordinates":[[[151.242,-33.89],[151.278,-33.864],[151.286,-33.858],[151.286,-33.854],[151.288,-33.848],[151.284,-33.838],[151.282,-33.838],[151.282,-33.836],[151.28,-33.834],[151.282,-33.842],[151.282,-33.844],[151.278,-33.85],[151.27,-33.848],[151.266,-33.856],[151.268,-33.856],[151.27,-33.866],[151.254,-33.868],[151.25,-33.866],[151.232,-33.874],[151.23,-33.876],[151.234,-33.89],[151.242,-33.89]]]}},{"type":"Feature","id":"18710","properties":{"id":"18710","name":"Yass Valley","regionAbbrev":"AUNSW","ste":"1"},"geometry":{"type":"Polygon","coordinates":[[[148.548,-35.132],[148.582,-35.192],[148.544,-35.238],[148.754,-35.258],[148.764,-35.316],[148.804,-35.316],[149.122,-35.124],[149.202,-35.204],[149.372,-35.106],[149.422,-34.93],[149.338,-34.948],[149.346,-34.922],[149.272,-34.886],[149.12,-34.888],[149.044,-34.828],[148.994,-34.714],[148.984,-34.708],[148.94,-34.704],[148.948,-34.644],[148.892,-34.642],[148.842,-34.566],[148.74,-34.56],[148.654,-34.542],[148.66,-34.614],[148.588,-34.626],[148.582,-34.806],[148.522,-34.9],[148.55,-34.908],[148.532,-34.992],[148.584,-35.002],[148.548,-35.132]]]}},{"type":"Feature","id":"19399","properties":{"id":"19399","name":"Unincorporated NSW","regionAbbrev":"AUNSW","ste":"1"},"geometry":{"type":"MultiPolygon","coordinates":[[[[144.394,-28.998],[142.7,-28.998],[141,-28.998],[141.002,-31.2],[141.002,-33.328],[141.31,-33.34],[141.348,-33.366],[141.404,-32.988],[141.574,-33.006],[141.562,-33.096],[142.038,-33.144],[142.024,-33.084],[142.294,-33.116],[142.376,-32.974],[142.344,-32.828],[142.388,-32.768],[142.236,-32.756],[142.248,-32.61],[142.132,-32.596],[142.098,-32.524],[142.112,-32.366],[142.26,-32.368],[142.296,-32.214],[142.37,-32.208],[142.372,-32.122],[142.728,-31.824],[142.81,-31.868],[142.858,-31.822],[142.822,-31.794],[142.892,-31.732],[142.786,-31.614],[142.824,-31.59],[142.728,-31.514],[142.756,-31.07],[142.586,-31.07],[142.586,-31.004],[142.742,-31.004],[142.74,-30.712],[142.764,-30.712],[142.764,-30.604],[142.854,-30.604],[142.854,-30.464],[143.022,-30.462],[143.02,-30.316],[143.498,-30.322],[143.51,-30.242],[144.04,-30.28],[144.028,-30.324],[144.114,-30.332],[144.092,-30.386],[144.126,-30.424],[144.198,-30.372],[144.346,-30.254],[144.21,-30.24],[144.234,-30.08],[144.066,-30.062],[144.098,-30.036],[144.096,-30.036],[144.134,-29.98],[144.134,-29.978],[144.132,-29.974],[144.144,-29.884],[144.112,-29.818],[144.14,-29.774],[144.134,-29.724],[144.206,-29.636],[144.414,-29.43],[144.404,-29.314],[144.482,-29.168],[144.442,-29.104],[144.358,-29.086],[144.394,-28.998]],[[141.414,-31.938],[141.414,-31.886],[141.564,-31.884],[141.544,-32.002],[141.412,-32.002],[141.414,-31.938]]],[[[159.108,-31.54],[159.106,-31.54],[159.106,-31.542],[159.108,-31.542],[159.108,-31.54]]],[[[159.06,-31.524],[159.076,-31.546],[159.076,-31.548],[159.076,-31.55],[159.076,-31.568],[159.07,-31.594],[159.072,-31.596],[159.074,-31.596],[159.088,-31.582],[159.094,-31.572],[159.098,-31.572],[159.098,-31.57],[159.096,-31.568],[159.102,-31.564],[159.104,-31.566],[159.104,-31.564],[159.106,-31.564],[159.106,-31.562],[159.104,-31.562],[159.102,-31.562],[159.102,-31.558],[159.098,-31.556],[159.096,-31.55],[159.096,-31.548],[159.094,-31.548],[159.094,-31.546],[159.08,-31.526],[159.078,-31.526],[159.076,-31.526],[159.074,-31.522],[159.074,-31.52],[159.072,-31.518],[159.064,-31.512],[159.064,-31.51],[159.062,-31.51],[159.044,-31.512],[159.04,-31.512],[159.044,-31.518],[159.048,-31.52],[159.05,-31.52],[159.058,-31.52],[159.06,-31.524]]]]}},{"type":"Feature","id":"20110","properties":{"id":"20110","name":"Alpine","regionAbbrev":"AUVIC","ste":"2"},"geometry":{"type":"Polygon","coordinates":[[[146.682,-36.484],[146.634,-36.522],[146.672,-36.568],[146.632,-36.682],[146.626,-36.684],[146.61,-36.704],[146.566,-36.74],[146.644,-36.812],[146.652,-37.12],[146.778,-37.162],[146.778,-37.164],[146.804,-37.182],[146.804,-37.184],[146.812,-37.186],[146.822,-37.19],[147.338,-37.276],[147.386,-37.212],[147.384,-37.202],[147.332,-37.152],[147.328,-37.136],[147.328,-37.128],[147.376,-37.1],[147.39,-37.048],[147.376,-37.03],[147.342,-37.03],[147.29,-37.006],[147.3,-36.892],[147.342,-36.85],[147.284,-36.826],[147.268,-36.778],[147.312,-36.732],[147.292,-36.682],[147.272,-36.678],[147.174,-36.638],[147.118,-36.5],[147.126,-36.448],[147.046,-36.424],[147.038,-36.404],[147.038,-36.402],[147.04,-36.402],[147.04,-36.4],[147.044,-36.396],[147.046,-36.394],[146.936,-36.408],[146.882,-36.454],[146.726,-36.458],[146.682,-36.484]],[[147.29,-36.874],[147.246,-36.882],[147.246,-36.844],[147.29,-36.874]],[[147.198,-37.022],[147.144,-36.984],[147.062,-37.004],[147.136,-36.958],[147.198,-37.022]]]}},{"type":"Feature","id":"20260","properties":{"id":"20260","name":"Ararat","regionAbbrev":"AUVIC","ste":"2"},"geometry":{"type":"Polygon","coordinates":[[[143.096,-37.156],[143.068,-37.146],[143.05,-37.19],[142.962,-37.166],[142.954,-37.208],[142.838,-37.192],[142.768,-37.142],[142.544,-37.156],[142.596,-37.218],[142.6,-37.292],[142.516,-37.292],[142.354,-37.598],[142.62,-37.646],[142.616,-37.81],[142.702,-37.834],[142.862,-37.806],[142.88,-37.836],[143.008,-37.766],[143.032,-37.814],[143.106,-37.834],[143.108,-37.778],[143.168,-37.754],[143.182,-37.732],[143.062,-37.718],[143.194,-37.526],[143.198,-37.426],[143.252,-37.392],[143.196,-37.32],[143.288,-37.284],[143.264,-37.182],[143.224,-37.152],[143.192,-37.172],[143.17,-37.182],[143.154,-37.174],[143.14,-37.172],[143.114,-37.158],[143.096,-37.156]]]}},{"type":"Feature","id":"20570","properties":{"id":"20570","name":"Ballarat","regionAbbrev":"AUVIC","ste":"2"},"geometry":{"type":"Polygon","coordinates":[[[143.938,-37.474],[143.85,-37.466],[143.87,-37.348],[143.648,-37.322],[143.596,-37.526],[143.67,-37.538],[143.662,-37.572],[143.708,-37.558],[143.832,-37.618],[143.836,-37.664],[143.884,-37.714],[143.888,-37.712],[143.938,-37.71],[143.95,-37.672],[143.896,-37.608],[143.952,-37.56],[143.938,-37.474]]]}},{"type":"Feature","id":"20660","properties":{"id":"20660","name":"Banyule","regionAbbrev":"AUVIC","ste":"2"},"geometry":{"type":"Polygon","coordinates":[[[145.136,-37.74],[145.144,-37.682],[145.076,-37.686],[145.068,-37.686],[145.058,-37.7],[145.052,-37.708],[145.04,-37.73],[145.036,-37.772],[145.036,-37.778],[145.038,-37.78],[145.038,-37.782],[145.04,-37.784],[145.054,-37.784],[145.064,-37.782],[145.068,-37.78],[145.122,-37.748],[145.136,-37.74]]]}},{"type":"Feature","id":"20740","properties":{"id":"20740","name":"Bass Coast","regionAbbrev":"AUVIC","ste":"2"},"geometry":{"type":"MultiPolygon","coordinates":[[[[145.816,-38.636],[145.816,-38.584],[145.768,-38.604],[145.762,-38.538],[145.7,-38.514],[145.674,-38.482],[145.696,-38.376],[145.606,-38.332],[145.554,-38.292],[145.522,-38.306],[145.516,-38.318],[145.528,-38.334],[145.536,-38.398],[145.476,-38.408],[145.418,-38.406],[145.432,-38.44],[145.43,-38.496],[145.414,-38.514],[145.41,-38.514],[145.364,-38.52],[145.39,-38.536],[145.462,-38.55],[145.566,-38.654],[145.634,-38.674],[145.682,-38.658],[145.73,-38.644],[145.816,-38.636]]],[[[145.328,-38.506],[145.318,-38.508],[145.314,-38.508],[145.302,-38.496],[145.282,-38.46],[145.282,-38.456],[145.28,-38.458],[145.274,-38.46],[145.274,-38.458],[145.28,-38.454],[145.284,-38.454],[145.298,-38.452],[145.3,-38.452],[145.24,-38.446],[145.166,-38.466],[145.116,-38.518],[145.122,-38.518],[145.132,-38.516],[145.132,-38.518],[145.134,-38.518],[145.136,-38.516],[145.168,-38.512],[145.168,-38.51],[145.186,-38.514],[145.196,-38.518],[145.198,-38.518],[145.21,-38.522],[145.21,-38.524],[145.228,-38.524],[145.228,-38.522],[145.23,-38.518],[145.234,-38.516],[145.234,-38.512],[145.244,-38.508],[145.276,-38.508],[145.346,-38.562],[145.352,-38.564],[145.352,-38.566],[145.36,-38.56],[145.362,-38.556],[145.364,-38.552],[145.362,-38.512],[145.36,-38.512],[145.36,-38.51],[145.328,-38.506]]]]}},{"type":"Feature","id":"20830","properties":{"id":"20830","name":"Baw Baw","regionAbbrev":"AUVIC","ste":"2"},"geometry":{"type":"Polygon","coordinates":[[[145.758,-38.046],[145.764,-38.108],[145.702,-38.206],[145.736,-38.274],[145.76,-38.27],[145.762,-38.27],[145.762,-38.266],[145.802,-38.268],[145.81,-38.27],[145.814,-38.276],[145.818,-38.284],[145.82,-38.286],[145.82,-38.288],[145.822,-38.29],[145.89,-38.336],[145.968,-38.312],[146.008,-38.33],[146.064,-38.31],[146.124,-38.36],[146.23,-38.322],[146.254,-38.296],[146.292,-38.226],[146.216,-38.218],[146.274,-38.124],[146.424,-38.118],[146.57,-38.058],[146.588,-37.978],[146.528,-37.964],[146.474,-37.994],[146.516,-37.676],[146.436,-37.618],[146.192,-37.588],[146.19,-37.586],[146.172,-37.596],[146.13,-37.648],[146.16,-37.762],[146.13,-37.788],[146.07,-37.766],[145.944,-37.758],[145.926,-37.83],[145.848,-37.798],[145.804,-37.814],[145.818,-37.858],[145.766,-37.898],[145.732,-37.958],[145.76,-37.988],[145.764,-37.99],[145.762,-37.992],[145.762,-37.998],[145.766,-38.01],[145.766,-38.014],[145.764,-38.016],[145.758,-38.046]]]}},{"type":"Feature","id":"20910","properties":{"id":"20910","name":"Bayside (Vic.)","regionAbbrev":"AUVIC","ste":"2"},"geometry":{"type":"Polygon","coordinates":[[[145.012,-37.964],[145.052,-37.986],[145.034,-37.932],[144.998,-37.884],[144.986,-37.89],[144.986,-37.908],[145.012,-37.964]]]}},{"type":"Feature","id":"21010","properties":{"id":"21010","name":"Benalla","regionAbbrev":"AUVIC","ste":"2"},"geometry":{"type":"Polygon","coordinates":[[[146.132,-36.254],[146.038,-36.254],[146.032,-36.298],[145.798,-36.298],[145.776,-36.444],[145.812,-36.456],[145.82,-36.562],[145.856,-36.568],[145.812,-36.734],[145.872,-36.8],[145.862,-36.878],[145.918,-36.926],[145.96,-36.896],[145.982,-36.87],[145.994,-36.864],[145.996,-36.864],[146.002,-36.862],[146.034,-36.884],[146.06,-36.908],[146.068,-36.862],[146.11,-36.866],[146.216,-36.91],[146.28,-36.924],[146.248,-36.8],[146.21,-36.502],[146.176,-36.472],[146.226,-36.448],[146.22,-36.356],[146.132,-36.254]]]}},{"type":"Feature","id":"21110","properties":{"id":"21110","name":"Boroondara","regionAbbrev":"AUVIC","ste":"2"},"geometry":{"type":"Polygon","coordinates":[[[145.04,-37.784],[145.01,-37.81],[145.026,-37.834],[145.06,-37.856],[145.092,-37.872],[145.096,-37.852],[145.106,-37.792],[145.108,-37.792],[145.08,-37.778],[145.08,-37.776],[145.068,-37.78],[145.064,-37.782],[145.054,-37.784],[145.04,-37.784]]]}},{"type":"Feature","id":"21180","properties":{"id":"21180","name":"Brimbank","regionAbbrev":"AUVIC","ste":"2"},"geometry":{"type":"Polygon","coordinates":[[[144.886,-37.708],[144.828,-37.706],[144.828,-37.704],[144.802,-37.674],[144.746,-37.662],[144.752,-37.81],[144.828,-37.822],[144.856,-37.814],[144.852,-37.77],[144.888,-37.71],[144.886,-37.708]]]}},{"type":"Feature","id":"21270","properties":{"id":"21270","name":"Buloke","regionAbbrev":"AUVIC","ste":"2"},"geometry":{"type":"Polygon","coordinates":[[[142.536,-35.302],[142.544,-35.476],[142.722,-35.474],[142.722,-35.736],[142.602,-35.736],[142.6,-35.932],[142.604,-36.12],[142.732,-36.102],[142.732,-36.404],[142.8,-36.408],[142.818,-36.46],[143.02,-36.482],[143.046,-36.442],[143.134,-36.448],[143.148,-36.41],[143.292,-36.41],[143.292,-36.412],[143.316,-36.476],[143.408,-36.5],[143.44,-36.368],[143.48,-36.376],[143.482,-36.294],[143.568,-36.222],[143.514,-36.172],[143.512,-36.1],[143.482,-36.102],[143.476,-35.982],[143.414,-36.008],[143.414,-36.01],[143.412,-36.01],[143.41,-36.01],[143.408,-36.012],[143.402,-36.014],[143.4,-36.014],[143.398,-36.014],[143.366,-35.992],[143.386,-35.842],[143.354,-35.814],[143.372,-35.752],[143.336,-35.706],[143.288,-35.646],[143.2,-35.654],[143.198,-35.55],[143.138,-35.544],[143.132,-35.49],[142.998,-35.49],[143.004,-35.248],[142.794,-35.248],[142.736,-35.198],[142.612,-35.194],[142.616,-35.304],[142.536,-35.302]]]}},{"type":"Feature","id":"21370","properties":{"id":"21370","name":"Campaspe","regionAbbrev":"AUVIC","ste":"2"},"geometry":{"type":"Polygon","coordinates":[[[144.408,-35.898],[144.366,-35.884],[144.336,-35.934],[144.264,-35.93],[144.28,-35.992],[144.308,-36.032],[144.318,-36.09],[144.286,-36.17],[144.282,-36.328],[144.332,-36.328],[144.344,-36.384],[144.67,-36.412],[144.666,-36.428],[144.654,-36.47],[144.614,-36.5],[144.62,-36.502],[144.614,-36.52],[144.56,-36.626],[144.52,-36.724],[144.668,-36.724],[144.666,-36.762],[144.75,-36.758],[144.758,-36.75],[144.768,-36.746],[144.772,-36.75],[144.796,-36.75],[144.932,-36.748],[144.932,-36.7],[145.044,-36.682],[145.044,-36.65],[145.132,-36.674],[145.15,-36.498],[145.032,-36.498],[145.032,-36.342],[145.15,-36.342],[145.132,-36.18],[145.056,-36.162],[145.012,-36.146],[145.01,-36.14],[144.996,-36.114],[144.862,-36.088],[144.83,-36.102],[144.778,-36.13],[144.726,-36.112],[144.654,-36.058],[144.638,-36.048],[144.638,-36.046],[144.638,-36.048],[144.628,-36.05],[144.622,-36.076],[144.614,-36.052],[144.6,-36.038],[144.548,-36],[144.492,-35.964],[144.49,-35.958],[144.484,-35.954],[144.482,-35.952],[144.446,-35.932],[144.408,-35.898]]]}},{"type":"Feature","id":"21450","properties":{"id":"21450","name":"Cardinia","regionAbbrev":"AUVIC","ste":"2"},"geometry":{"type":"Polygon","coordinates":[[[145.606,-38.332],[145.612,-38.286],[145.736,-38.274],[145.702,-38.206],[145.764,-38.108],[145.758,-38.046],[145.764,-38.016],[145.766,-38.014],[145.766,-38.01],[145.762,-37.998],[145.762,-37.992],[145.764,-37.99],[145.76,-37.988],[145.732,-37.958],[145.766,-37.898],[145.686,-37.88],[145.626,-37.918],[145.532,-37.866],[145.526,-37.86],[145.528,-37.88],[145.526,-37.88],[145.526,-37.882],[145.512,-37.896],[145.44,-37.91],[145.384,-37.93],[145.384,-37.972],[145.382,-37.974],[145.38,-37.974],[145.38,-37.976],[145.382,-37.984],[145.382,-37.986],[145.38,-37.988],[145.378,-37.988],[145.378,-37.994],[145.378,-38.002],[145.38,-38.002],[145.384,-38.006],[145.384,-38.008],[145.386,-38.008],[145.382,-38.016],[145.378,-38.022],[145.378,-38.024],[145.368,-38.046],[145.368,-38.048],[145.366,-38.048],[145.366,-38.052],[145.368,-38.052],[145.372,-38.056],[145.372,-38.058],[145.376,-38.06],[145.382,-38.07],[145.378,-38.074],[145.38,-38.084],[145.382,-38.084],[145.382,-38.088],[145.382,-38.09],[145.39,-38.094],[145.394,-38.096],[145.394,-38.098],[145.39,-38.192],[145.432,-38.216],[145.44,-38.216],[145.492,-38.244],[145.49,-38.25],[145.496,-38.262],[145.522,-38.306],[145.554,-38.292],[145.606,-38.332]]]}},{"type":"Feature","id":"21610","properties":{"id":"21610","name":"Casey","regionAbbrev":"AUVIC","ste":"2"},"geometry":{"type":"Polygon","coordinates":[[[145.38,-37.974],[145.294,-37.964],[145.23,-37.952],[145.234,-37.954],[145.236,-37.974],[145.236,-37.976],[145.236,-37.978],[145.234,-37.978],[145.234,-37.98],[145.232,-37.98],[145.232,-37.982],[145.232,-37.986],[145.24,-38.078],[145.216,-38.2],[145.254,-38.224],[145.26,-38.224],[145.262,-38.222],[145.272,-38.224],[145.276,-38.244],[145.334,-38.234],[145.39,-38.22],[145.388,-38.22],[145.388,-38.218],[145.39,-38.22],[145.392,-38.22],[145.432,-38.216],[145.39,-38.192],[145.394,-38.098],[145.394,-38.096],[145.39,-38.094],[145.382,-38.09],[145.382,-38.088],[145.382,-38.084],[145.38,-38.084],[145.378,-38.074],[145.382,-38.07],[145.376,-38.06],[145.372,-38.058],[145.372,-38.056],[145.368,-38.052],[145.366,-38.052],[145.366,-38.048],[145.368,-38.048],[145.368,-38.046],[145.378,-38.024],[145.378,-38.022],[145.382,-38.016],[145.386,-38.008],[145.384,-38.008],[145.384,-38.006],[145.38,-38.002],[145.378,-38.002],[145.378,-37.994],[145.378,-37.988],[145.38,-37.988],[145.382,-37.986],[145.382,-37.984],[145.38,-37.976],[145.38,-37.974]]]}},{"type":"Feature","id":"21670","properties":{"id":"21670","name":"Central Goldfields","regionAbbrev":"AUVIC","ste":"2"},"geometry":{"type":"Polygon","coordinates":[[[143.472,-36.936],[143.594,-36.956],[143.55,-37.176],[143.666,-37.236],[143.688,-37.228],[143.69,-37.228],[143.69,-37.23],[143.692,-37.23],[143.7,-37.23],[143.858,-37.234],[143.876,-37.186],[143.95,-37.194],[143.98,-37.098],[144.014,-37.074],[143.974,-37.028],[143.832,-36.98],[143.866,-36.9],[143.858,-36.886],[143.68,-36.816],[143.67,-36.724],[143.464,-36.754],[143.5,-36.822],[143.508,-36.872],[143.508,-36.874],[143.508,-36.876],[143.506,-36.878],[143.506,-36.88],[143.48,-36.904],[143.472,-36.936]]]}},{"type":"Feature","id":"21750","properties":{"id":"21750","name":"Colac Otway","regionAbbrev":"AUVIC","ste":"2"},"geometry":{"type":"Polygon","coordinates":[[[143.468,-38.15],[143.458,-38.192],[143.436,-38.188],[143.434,-38.192],[143.426,-38.194],[143.42,-38.198],[143.41,-38.202],[143.414,-38.204],[143.416,-38.204],[143.416,-38.214],[143.42,-38.222],[143.42,-38.224],[143.42,-38.226],[143.412,-38.234],[143.41,-38.234],[143.408,-38.24],[143.41,-38.242],[143.41,-38.244],[143.41,-38.246],[143.412,-38.246],[143.416,-38.248],[143.416,-38.252],[143.428,-38.248],[143.428,-38.244],[143.424,-38.24],[143.426,-38.238],[143.434,-38.238],[143.434,-38.24],[143.436,-38.24],[143.438,-38.24],[143.44,-38.24],[143.44,-38.242],[143.448,-38.244],[143.448,-38.246],[143.438,-38.25],[143.44,-38.25],[143.442,-38.252],[143.446,-38.254],[143.456,-38.252],[143.458,-38.252],[143.464,-38.252],[143.468,-38.256],[143.47,-38.256],[143.472,-38.254],[143.484,-38.26],[143.476,-38.278],[143.474,-38.278],[143.472,-38.28],[143.472,-38.282],[143.468,-38.28],[143.468,-38.282],[143.462,-38.282],[143.454,-38.292],[143.422,-38.348],[143.324,-38.324],[143.276,-38.346],[143.264,-38.446],[143.364,-38.496],[143.35,-38.544],[143.268,-38.572],[143.268,-38.628],[143.266,-38.63],[143.266,-38.634],[143.264,-38.636],[143.268,-38.646],[143.278,-38.654],[143.274,-38.66],[143.272,-38.662],[143.258,-38.686],[143.252,-38.742],[143.288,-38.758],[143.334,-38.756],[143.336,-38.756],[143.348,-38.754],[143.402,-38.776],[143.406,-38.78],[143.408,-38.782],[143.5,-38.848],[143.556,-38.854],[143.766,-38.704],[143.766,-38.706],[143.84,-38.684],[143.946,-38.578],[143.826,-38.566],[143.88,-38.276],[143.834,-38.29],[143.858,-38.132],[143.81,-38.128],[143.83,-38.022],[143.63,-38.022],[143.634,-38.09],[143.468,-38.126],[143.466,-38.148],[143.468,-38.15]]]}},{"type":"Feature","id":"21830","properties":{"id":"21830","name":"Corangamite","regionAbbrev":"AUVIC","ste":"2"},"geometry":{"type":"Polygon","coordinates":[[[143.106,-37.834],[143.092,-37.88],[143.076,-37.89],[143.084,-37.904],[143.094,-37.906],[143.042,-37.988],[143.044,-37.998],[143.022,-38.042],[143.002,-38.094],[143.014,-38.13],[142.896,-38.122],[142.818,-38.312],[142.832,-38.31],[142.88,-38.306],[142.848,-38.48],[142.9,-38.486],[142.868,-38.492],[142.834,-38.538],[142.88,-38.608],[142.882,-38.608],[142.898,-38.61],[142.9,-38.61],[142.902,-38.61],[142.904,-38.612],[142.906,-38.612],[142.906,-38.614],[142.908,-38.614],[142.914,-38.618],[142.916,-38.618],[142.922,-38.618],[142.924,-38.618],[142.932,-38.624],[143.024,-38.628],[143.03,-38.63],[143.056,-38.642],[143.06,-38.646],[143.062,-38.646],[143.064,-38.648],[143.066,-38.648],[143.068,-38.648],[143.07,-38.648],[143.072,-38.648],[143.072,-38.646],[143.072,-38.648],[143.076,-38.65],[143.078,-38.65],[143.082,-38.654],[143.1,-38.662],[143.104,-38.666],[143.186,-38.734],[143.188,-38.732],[143.198,-38.744],[143.258,-38.772],[143.26,-38.77],[143.272,-38.762],[143.28,-38.762],[143.288,-38.758],[143.252,-38.742],[143.258,-38.686],[143.272,-38.662],[143.274,-38.66],[143.278,-38.654],[143.268,-38.646],[143.264,-38.636],[143.266,-38.634],[143.266,-38.63],[143.268,-38.628],[143.268,-38.572],[143.35,-38.544],[143.364,-38.496],[143.264,-38.446],[143.276,-38.346],[143.324,-38.324],[143.422,-38.348],[143.454,-38.292],[143.462,-38.282],[143.468,-38.282],[143.468,-38.28],[143.472,-38.282],[143.472,-38.28],[143.474,-38.278],[143.476,-38.278],[143.484,-38.26],[143.472,-38.254],[143.47,-38.256],[143.468,-38.256],[143.464,-38.252],[143.458,-38.252],[143.456,-38.252],[143.446,-38.254],[143.442,-38.252],[143.44,-38.25],[143.438,-38.25],[143.448,-38.246],[143.448,-38.244],[143.44,-38.242],[143.44,-38.24],[143.438,-38.24],[143.436,-38.24],[143.434,-38.24],[143.434,-38.238],[143.426,-38.238],[143.424,-38.24],[143.428,-38.244],[143.428,-38.248],[143.416,-38.252],[143.416,-38.248],[143.412,-38.246],[143.41,-38.246],[143.41,-38.244],[143.41,-38.242],[143.408,-38.24],[143.41,-38.234],[143.412,-38.234],[143.42,-38.226],[143.42,-38.224],[143.42,-38.222],[143.416,-38.214],[143.416,-38.204],[143.414,-38.204],[143.41,-38.202],[143.42,-38.198],[143.426,-38.194],[143.434,-38.192],[143.436,-38.188],[143.458,-38.192],[143.468,-38.15],[143.466,-38.148],[143.468,-38.126],[143.634,-38.09],[143.63,-38.022],[143.656,-38.006],[143.622,-37.974],[143.62,-37.968],[143.616,-37.964],[143.616,-37.962],[143.48,-37.94],[143.444,-37.842],[143.446,-37.834],[143.466,-37.658],[143.452,-37.662],[143.354,-37.67],[143.342,-37.698],[143.342,-37.7],[143.342,-37.708],[143.322,-37.712],[143.32,-37.728],[143.316,-37.744],[143.312,-37.748],[143.306,-37.752],[143.27,-37.744],[143.266,-37.734],[143.262,-37.734],[143.242,-37.744],[143.234,-37.742],[143.226,-37.74],[143.202,-37.736],[143.182,-37.732],[143.168,-37.754],[143.108,-37.778],[143.106,-37.834]]]}},{"type":"Feature","id":"21890","properties":{"id":"21890","name":"Darebin","regionAbbrev":"AUVIC","ste":"2"},"geometry":{"type":"Polygon","coordinates":[[[145.058,-37.7],[144.972,-37.69],[144.98,-37.696],[144.98,-37.7],[144.982,-37.702],[144.98,-37.704],[144.98,-37.742],[144.98,-37.754],[144.99,-37.776],[144.998,-37.786],[145.036,-37.778],[145.036,-37.772],[145.04,-37.73],[145.052,-37.708],[145.058,-37.7]]]}},{"type":"Feature","id":"22110","properties":{"id":"22110","name":"East Gippsland","regionAbbrev":"AUVIC","ste":"2"},"geometry":{"type":"Polygon","coordinates":[[[149.356,-37.262],[148.202,-36.798],[148.168,-36.792],[148.1,-36.79],[148.134,-36.744],[147.96,-36.612],[147.542,-36.738],[147.464,-36.802],[147.42,-36.784],[147.392,-36.756],[147.312,-36.732],[147.268,-36.778],[147.284,-36.826],[147.342,-36.85],[147.3,-36.892],[147.29,-37.006],[147.342,-37.03],[147.376,-37.03],[147.39,-37.048],[147.376,-37.1],[147.328,-37.128],[147.328,-37.136],[147.332,-37.152],[147.384,-37.202],[147.386,-37.212],[147.41,-37.218],[147.424,-37.22],[147.46,-37.276],[147.412,-37.406],[147.404,-37.444],[147.406,-37.454],[147.392,-37.458],[147.39,-37.462],[147.39,-37.482],[147.404,-37.536],[147.266,-37.568],[147.262,-37.574],[147.26,-37.574],[147.252,-37.576],[147.244,-37.578],[147.224,-37.574],[147.218,-37.576],[147.216,-37.578],[147.198,-37.726],[147.282,-37.774],[147.272,-37.872],[147.276,-37.92],[147.364,-37.92],[147.406,-37.98],[147.468,-38.036],[147.458,-38.062],[147.46,-38.068],[147.46,-38.07],[147.572,-38.054],[147.712,-37.954],[147.706,-37.998],[148.176,-37.832],[148.524,-37.8],[148.524,-37.802],[148.568,-37.802],[148.684,-37.802],[148.688,-37.8],[148.726,-37.81],[148.732,-37.812],[148.732,-37.81],[148.736,-37.808],[148.736,-37.806],[148.738,-37.806],[148.74,-37.806],[148.742,-37.806],[148.744,-37.806],[148.742,-37.802],[148.752,-37.796],[149.088,-37.778],[149.192,-37.78],[149.266,-37.798],[149.268,-37.798],[149.27,-37.8],[149.27,-37.802],[149.278,-37.8],[149.284,-37.798],[149.286,-37.796],[149.286,-37.792],[149.288,-37.792],[149.38,-37.776],[149.424,-37.776],[149.434,-37.776],[149.47,-37.77],[149.472,-37.77],[149.474,-37.77],[149.49,-37.772],[149.492,-37.772],[149.496,-37.768],[149.496,-37.762],[149.514,-37.746],[149.514,-37.748],[149.518,-37.746],[149.542,-37.732],[149.544,-37.73],[149.546,-37.73],[149.594,-37.724],[149.598,-37.72],[149.602,-37.712],[149.606,-37.708],[149.666,-37.688],[149.678,-37.684],[149.682,-37.668],[149.684,-37.666],[149.686,-37.662],[149.688,-37.66],[149.69,-37.66],[149.69,-37.656],[149.692,-37.656],[149.696,-37.654],[149.696,-37.652],[149.7,-37.648],[149.702,-37.646],[149.706,-37.642],[149.708,-37.642],[149.71,-37.638],[149.71,-37.636],[149.716,-37.626],[149.718,-37.62],[149.72,-37.62],[149.72,-37.618],[149.72,-37.612],[149.72,-37.61],[149.73,-37.6],[149.732,-37.594],[149.736,-37.592],[149.96,-37.514],[149.964,-37.516],[149.976,-37.504],[149.356,-37.262]]]}},{"type":"Feature","id":"22170","properties":{"id":"22170","name":"Frankston","regionAbbrev":"AUVIC","ste":"2"},"geometry":{"type":"Polygon","coordinates":[[[145.24,-38.078],[145.156,-38.066],[145.124,-38.084],[145.124,-38.108],[145.098,-38.162],[145.13,-38.2],[145.216,-38.2],[145.24,-38.078]]]}},{"type":"Feature","id":"22250","properties":{"id":"22250","name":"Gannawarra","regionAbbrev":"AUVIC","ste":"2"},"geometry":{"type":"Polygon","coordinates":[[[143.816,-35.446],[143.796,-35.468],[143.806,-35.474],[143.806,-35.5],[143.71,-35.494],[143.73,-35.53],[143.64,-35.53],[143.642,-35.572],[143.288,-35.574],[143.288,-35.646],[143.336,-35.706],[143.372,-35.752],[143.354,-35.814],[143.386,-35.842],[143.366,-35.992],[143.398,-36.014],[143.4,-36.014],[143.402,-36.014],[143.408,-36.012],[143.41,-36.01],[143.412,-36.01],[143.414,-36.01],[143.414,-36.008],[143.476,-35.982],[143.618,-35.968],[143.618,-35.934],[143.728,-35.932],[143.728,-35.906],[143.864,-35.934],[144.16,-35.948],[144.186,-35.926],[144.264,-35.93],[144.336,-35.934],[144.366,-35.884],[144.408,-35.898],[144.41,-35.898],[144.408,-35.882],[144.406,-35.86],[144.382,-35.842],[144.376,-35.834],[144.378,-35.828],[144.356,-35.786],[144.21,-35.686],[144.152,-35.652],[144.156,-35.65],[144.152,-35.642],[144.148,-35.644],[144.11,-35.598],[144.04,-35.548],[143.99,-35.554],[143.97,-35.5],[143.918,-35.498],[143.816,-35.446]]]}},{"type":"Feature","id":"22310","properties":{"id":"22310","name":"Glen Eira","regionAbbrev":"AUVIC","ste":"2"},"geometry":{"type":"Polygon","coordinates":[[[145.034,-37.932],[145.082,-37.924],[145.078,-37.886],[145.012,-37.86],[144.998,-37.884],[145.034,-37.932]]]}},{"type":"Feature","id":"22410","properties":{"id":"22410","name":"Glenelg","regionAbbrev":"AUVIC","ste":"2"},"geometry":{"type":"Polygon","coordinates":[[[141.272,-37.402],[141.264,-37.43],[141.168,-37.42],[141.098,-37.45],[140.974,-37.358],[140.974,-37.61],[140.966,-38.056],[141.104,-38.106],[141.356,-38.272],[141.398,-38.334],[141.368,-38.36],[141.368,-38.362],[141.366,-38.37],[141.364,-38.374],[141.372,-38.384],[141.41,-38.38],[141.454,-38.36],[141.52,-38.392],[141.522,-38.41],[141.522,-38.412],[141.524,-38.416],[141.528,-38.422],[141.528,-38.424],[141.53,-38.424],[141.53,-38.426],[141.536,-38.428],[141.538,-38.428],[141.542,-38.432],[141.544,-38.432],[141.554,-38.426],[141.556,-38.416],[141.568,-38.398],[141.604,-38.392],[141.61,-38.392],[141.628,-38.402],[141.628,-38.394],[141.64,-38.392],[141.644,-38.392],[141.646,-38.392],[141.642,-38.38],[141.636,-38.376],[141.626,-38.36],[141.624,-38.358],[141.624,-38.356],[141.622,-38.348],[141.608,-38.308],[141.608,-38.306],[141.704,-38.258],[141.87,-38.264],[141.818,-37.942],[141.876,-37.94],[141.92,-37.886],[141.83,-37.868],[141.832,-37.892],[141.732,-37.894],[141.71,-37.704],[141.7,-37.7],[141.69,-37.694],[141.658,-37.664],[141.652,-37.66],[141.646,-37.648],[141.608,-37.642],[141.604,-37.64],[141.582,-37.624],[141.574,-37.614],[141.564,-37.612],[141.524,-37.602],[141.538,-37.458],[141.488,-37.452],[141.5,-37.38],[141.432,-37.372],[141.22,-37.358],[141.272,-37.402]]]}},{"type":"Feature","id":"22490","properties":{"id":"22490","name":"Golden Plains","regionAbbrev":"AUVIC","ste":"2"},"geometry":{"type":"Polygon","coordinates":[[[143.662,-37.572],[143.652,-37.646],[143.466,-37.658],[143.446,-37.834],[143.444,-37.842],[143.48,-37.94],[143.616,-37.962],[143.616,-37.964],[143.62,-37.968],[143.622,-37.974],[143.656,-38.006],[143.63,-38.022],[143.83,-38.022],[143.81,-38.128],[143.858,-38.132],[143.902,-38.138],[143.91,-38.106],[143.91,-38.108],[143.962,-38.122],[144.052,-38.114],[144.118,-38.114],[144.22,-38.142],[144.23,-38.14],[144.242,-38.14],[144.262,-38.14],[144.282,-38.082],[144.284,-38.08],[144.286,-38.076],[144.282,-38.074],[144.268,-38.068],[144.262,-38.066],[144.26,-38.06],[144.262,-38.056],[144.262,-38.044],[144.258,-38.04],[144.244,-38],[144.246,-37.992],[144.248,-37.992],[144.246,-37.988],[144.248,-37.988],[144.248,-37.986],[144.244,-37.984],[144.244,-37.982],[144.242,-37.98],[144.242,-37.974],[144.236,-37.95],[144.238,-37.95],[144.236,-37.948],[144.204,-37.938],[144.248,-37.874],[144.222,-37.81],[144.06,-37.796],[144.056,-37.832],[143.958,-37.824],[143.892,-37.784],[143.898,-37.766],[143.898,-37.752],[143.888,-37.712],[143.884,-37.714],[143.836,-37.664],[143.832,-37.618],[143.708,-37.558],[143.662,-37.572]]]}},{"type":"Feature","id":"22620","properties":{"id":"22620","name":"Greater Bendigo","regionAbbrev":"AUVIC","ste":"2"},"geometry":{"type":"Polygon","coordinates":[[[144.344,-36.384],[144.344,-36.486],[144.21,-36.488],[144.17,-36.524],[144.186,-36.618],[144.07,-36.662],[144.07,-36.692],[144.026,-36.898],[144.298,-36.956],[144.422,-36.936],[144.422,-36.938],[144.434,-36.942],[144.454,-36.94],[144.456,-36.938],[144.46,-36.948],[144.478,-36.954],[144.48,-36.958],[144.494,-37.05],[144.544,-37.06],[144.546,-37.012],[144.69,-37.01],[144.718,-36.974],[144.798,-36.966],[144.854,-36.88],[144.8,-36.832],[144.796,-36.75],[144.772,-36.75],[144.768,-36.746],[144.758,-36.75],[144.75,-36.758],[144.666,-36.762],[144.668,-36.724],[144.52,-36.724],[144.56,-36.626],[144.614,-36.52],[144.62,-36.502],[144.614,-36.5],[144.654,-36.47],[144.666,-36.428],[144.67,-36.412],[144.344,-36.384]]]}},{"type":"Feature","id":"22670","properties":{"id":"22670","name":"Greater Dandenong","regionAbbrev":"AUVIC","ste":"2"},"geometry":{"type":"Polygon","coordinates":[[[145.23,-37.952],[145.222,-37.944],[145.22,-37.942],[145.22,-37.94],[145.142,-37.93],[145.156,-38.066],[145.24,-38.078],[145.232,-37.986],[145.232,-37.982],[145.232,-37.98],[145.234,-37.98],[145.234,-37.978],[145.236,-37.978],[145.236,-37.976],[145.236,-37.974],[145.234,-37.954],[145.23,-37.952]]]}},{"type":"Feature","id":"22750","properties":{"id":"22750","name":"Greater Geelong","regionAbbrev":"AUVIC","ste":"2"},"geometry":{"type":"Polygon","coordinates":[[[144.262,-38.14],[144.242,-38.238],[144.406,-38.256],[144.376,-38.302],[144.498,-38.282],[144.602,-38.288],[144.626,-38.258],[144.624,-38.25],[144.626,-38.25],[144.694,-38.194],[144.698,-38.218],[144.702,-38.216],[144.706,-38.208],[144.708,-38.208],[144.712,-38.136],[144.632,-38.106],[144.472,-38.164],[144.43,-38.13],[144.426,-38.124],[144.418,-38.154],[144.358,-38.128],[144.36,-38.124],[144.384,-38.084],[144.398,-38.074],[144.414,-38.084],[144.444,-38.088],[144.446,-38.092],[144.458,-38.076],[144.472,-38.082],[144.484,-38.078],[144.486,-38.078],[144.5,-38.086],[144.506,-38.09],[144.506,-38.092],[144.512,-38.078],[144.516,-38.06],[144.514,-38.046],[144.534,-38.042],[144.536,-38.042],[144.538,-38.04],[144.54,-38.04],[144.566,-38.026],[144.582,-38.01],[144.592,-38.004],[144.568,-37.986],[144.566,-37.986],[144.564,-37.986],[144.55,-37.976],[144.51,-37.978],[144.496,-37.974],[144.48,-37.944],[144.478,-37.938],[144.482,-37.924],[144.482,-37.922],[144.484,-37.902],[144.444,-37.864],[144.406,-37.804],[144.406,-37.802],[144.35,-37.842],[144.346,-37.842],[144.346,-37.844],[144.344,-37.844],[144.344,-37.842],[144.342,-37.844],[144.338,-37.844],[144.336,-37.844],[144.334,-37.844],[144.334,-37.846],[144.324,-37.844],[144.318,-37.84],[144.308,-37.836],[144.222,-37.81],[144.248,-37.874],[144.204,-37.938],[144.236,-37.948],[144.238,-37.95],[144.236,-37.95],[144.242,-37.974],[144.242,-37.98],[144.244,-37.982],[144.244,-37.984],[144.248,-37.986],[144.248,-37.988],[144.246,-37.988],[144.248,-37.992],[144.246,-37.992],[144.244,-38],[144.258,-38.04],[144.262,-38.044],[144.262,-38.056],[144.26,-38.06],[144.262,-38.066],[144.268,-38.068],[144.282,-38.074],[144.286,-38.076],[144.284,-38.08],[144.282,-38.082],[144.262,-38.14]]]}},{"type":"Feature","id":"22830","properties":{"id":"22830","name":"Greater Shepparton","regionAbbrev":"AUVIC","ste":"2"},"geometry":{"type":"Polygon","coordinates":[[[145.798,-36.298],[145.632,-36.298],[145.632,-36.198],[145.26,-36.198],[145.23,-36.158],[145.184,-36.184],[145.14,-36.154],[145.132,-36.18],[145.15,-36.342],[145.032,-36.342],[145.032,-36.498],[145.15,-36.498],[145.132,-36.674],[145.18,-36.7],[145.224,-36.686],[145.212,-36.648],[145.298,-36.638],[145.3,-36.634],[145.306,-36.632],[145.31,-36.624],[145.308,-36.624],[145.308,-36.622],[145.308,-36.618],[145.31,-36.612],[145.354,-36.556],[145.632,-36.562],[145.632,-36.498],[145.732,-36.498],[145.74,-36.434],[145.776,-36.444],[145.798,-36.298]]]}},{"type":"Feature","id":"22910","properties":{"id":"22910","name":"Hepburn","regionAbbrev":"AUVIC","ste":"2"},"geometry":{"type":"Polygon","coordinates":[[[143.938,-37.474],[144.04,-37.486],[144.164,-37.418],[144.172,-37.418],[144.292,-37.436],[144.32,-37.402],[144.38,-37.438],[144.42,-37.36],[144.31,-37.292],[144.334,-37.256],[144.376,-37.18],[144.38,-37.176],[144.374,-37.172],[144.342,-37.166],[144.332,-37.17],[144.292,-37.164],[144.276,-37.208],[144.074,-37.148],[144.064,-37.25],[144.02,-37.262],[144.018,-37.262],[144,-37.24],[143.982,-37.23],[143.952,-37.204],[143.95,-37.194],[143.876,-37.186],[143.858,-37.234],[143.7,-37.23],[143.692,-37.23],[143.69,-37.23],[143.69,-37.228],[143.688,-37.228],[143.666,-37.236],[143.648,-37.322],[143.87,-37.348],[143.85,-37.466],[143.938,-37.474]]]}},{"type":"Feature","id":"22980","properties":{"id":"22980","name":"Hindmarsh","regionAbbrev":"AUVIC","ste":"2"},"geometry":{"type":"Polygon","coordinates":[[[141.33,-35.748],[141.38,-36.004],[141.254,-35.996],[141.228,-36.188],[141.404,-36.206],[141.38,-36.36],[141.498,-36.372],[141.474,-36.53],[141.838,-36.554],[142.012,-36.554],[142.014,-36.55],[142.028,-36.512],[142.168,-36.492],[142.166,-36.432],[142.168,-35.998],[142.24,-35.998],[142.24,-35.868],[141.998,-35.866],[141.998,-35.498],[141.5,-35.498],[141.5,-35.748],[141.33,-35.748]]]}},{"type":"Feature","id":"23110","properties":{"id":"23110","name":"Hobsons Bay","regionAbbrev":"AUVIC","ste":"2"},"geometry":{"type":"Polygon","coordinates":[[[144.828,-37.822],[144.762,-37.866],[144.804,-37.894],[144.806,-37.894],[144.808,-37.886],[144.808,-37.88],[144.86,-37.862],[144.862,-37.86],[144.888,-37.868],[144.904,-37.86],[144.896,-37.848],[144.9,-37.848],[144.9,-37.846],[144.9,-37.844],[144.898,-37.844],[144.898,-37.84],[144.906,-37.822],[144.856,-37.814],[144.828,-37.822]]]}},{"type":"Feature","id":"23190","properties":{"id":"23190","name":"Horsham","regionAbbrev":"AUVIC","ste":"2"},"geometry":{"type":"MultiPolygon","coordinates":[[[[141.838,-36.554],[141.816,-36.66],[141.742,-36.652],[141.708,-36.884],[141.67,-36.884],[141.658,-36.956],[141.792,-36.98],[141.774,-37.092],[141.776,-37.176],[141.84,-37.16],[141.836,-37.158],[141.838,-37.154],[141.926,-37.126],[141.924,-37.138],[141.912,-37.198],[141.914,-37.202],[142.08,-37.224],[142.114,-37.112],[142.206,-37.086],[142.236,-37.128],[142.408,-37.058],[142.406,-37.016],[142.336,-37.018],[142.396,-36.978],[142.358,-36.972],[142.358,-36.88],[142.442,-36.868],[142.456,-36.916],[142.494,-36.898],[142.498,-36.942],[142.54,-36.948],[142.57,-36.878],[142.568,-36.876],[142.566,-36.872],[142.522,-36.838],[142.482,-36.788],[142.48,-36.778],[142.48,-36.776],[142.48,-36.772],[142.478,-36.772],[142.478,-36.77],[142.476,-36.77],[142.476,-36.768],[142.472,-36.76],[142.464,-36.736],[142.456,-36.73],[142.418,-36.71],[142.418,-36.708],[142.37,-36.646],[142.396,-36.506],[142.406,-36.448],[142.166,-36.432],[142.168,-36.492],[142.028,-36.512],[142.014,-36.55],[142.012,-36.554],[141.838,-36.554]]],[[[142.478,-36.772],[142.48,-36.772],[142.478,-36.77],[142.478,-36.772]]]]}},{"type":"Feature","id":"23270","properties":{"id":"23270","name":"Hume","regionAbbrev":"AUVIC","ste":"2"},"geometry":{"type":"Polygon","coordinates":[[[144.886,-37.708],[144.972,-37.69],[144.974,-37.68],[144.974,-37.676],[144.958,-37.632],[144.956,-37.626],[144.954,-37.622],[144.952,-37.61],[144.954,-37.6],[144.958,-37.588],[144.964,-37.574],[144.966,-37.574],[144.974,-37.534],[144.976,-37.528],[144.974,-37.526],[144.976,-37.516],[144.978,-37.514],[144.884,-37.502],[144.872,-37.504],[144.69,-37.492],[144.682,-37.498],[144.652,-37.496],[144.632,-37.53],[144.672,-37.568],[144.746,-37.662],[144.802,-37.674],[144.828,-37.704],[144.828,-37.706],[144.886,-37.708]]]}},{"type":"Feature","id":"23350","properties":{"id":"23350","name":"Indigo","regionAbbrev":"AUVIC","ste":"2"},"geometry":{"type":"Polygon","coordinates":[[[146.178,-36.034],[146.202,-36.068],[146.296,-36.088],[146.284,-36.142],[146.54,-36.182],[146.512,-36.246],[146.572,-36.254],[146.558,-36.328],[146.634,-36.3],[146.612,-36.396],[146.726,-36.418],[146.726,-36.458],[146.882,-36.454],[146.936,-36.408],[147.046,-36.394],[147.044,-36.396],[147.04,-36.4],[147.04,-36.402],[147.038,-36.402],[147.038,-36.404],[147.046,-36.424],[147.126,-36.448],[147.142,-36.446],[147.146,-36.44],[147.18,-36.356],[147.17,-36.29],[147.074,-36.19],[147,-36.218],[146.998,-36.22],[146.996,-36.222],[146.998,-36.222],[146.998,-36.226],[146.824,-36.258],[146.776,-36.128],[146.708,-36.126],[146.728,-36.03],[146.708,-36.03],[146.564,-35.968],[146.548,-35.992],[146.502,-35.958],[146.49,-35.99],[146.426,-35.964],[146.4,-36.008],[146.398,-36.008],[146.352,-36.042],[146.298,-36.048],[146.276,-36.018],[146.258,-36.012],[146.242,-36.022],[146.2,-36.032],[146.198,-36.03],[146.19,-36.038],[146.19,-36.04],[146.178,-36.034]]]}},{"type":"Feature","id":"23430","properties":{"id":"23430","name":"Kingston (Vic.)","regionAbbrev":"AUVIC","ste":"2"},"geometry":{"type":"Polygon","coordinates":[[[145.052,-37.986],[145.084,-38.008],[145.12,-38.072],[145.124,-38.084],[145.156,-38.066],[145.142,-37.93],[145.082,-37.924],[145.034,-37.932],[145.052,-37.986]]]}},{"type":"Feature","id":"23670","properties":{"id":"23670","name":"Knox","regionAbbrev":"AUVIC","ste":"2"},"geometry":{"type":"Polygon","coordinates":[[[145.294,-37.964],[145.306,-37.888],[145.318,-37.864],[145.328,-37.866],[145.34,-37.858],[145.318,-37.844],[145.214,-37.84],[145.21,-37.846],[145.212,-37.846],[145.21,-37.848],[145.21,-37.85],[145.21,-37.852],[145.208,-37.852],[145.206,-37.854],[145.208,-37.854],[145.208,-37.856],[145.206,-37.856],[145.2,-37.86],[145.198,-37.864],[145.196,-37.864],[145.196,-37.866],[145.194,-37.868],[145.194,-37.872],[145.192,-37.874],[145.194,-37.874],[145.192,-37.876],[145.192,-37.878],[145.192,-37.88],[145.194,-37.882],[145.196,-37.888],[145.198,-37.888],[145.2,-37.892],[145.208,-37.9],[145.204,-37.902],[145.206,-37.91],[145.206,-37.912],[145.204,-37.914],[145.204,-37.92],[145.206,-37.924],[145.206,-37.93],[145.208,-37.93],[145.208,-37.932],[145.21,-37.932],[145.21,-37.934],[145.212,-37.936],[145.22,-37.94],[145.22,-37.942],[145.222,-37.944],[145.23,-37.952],[145.294,-37.964]]]}},{"type":"Feature","id":"23810","properties":{"id":"23810","name":"Latrobe (Vic.)","regionAbbrev":"AUVIC","ste":"2"},"geometry":{"type":"Polygon","coordinates":[[[146.23,-38.322],[146.224,-38.44],[146.272,-38.446],[146.238,-38.452],[146.256,-38.496],[146.326,-38.528],[146.328,-38.53],[146.37,-38.53],[146.374,-38.526],[146.374,-38.524],[146.372,-38.524],[146.426,-38.478],[146.484,-38.446],[146.492,-38.44],[146.49,-38.444],[146.492,-38.446],[146.528,-38.438],[146.568,-38.424],[146.602,-38.324],[146.6,-38.32],[146.598,-38.318],[146.598,-38.314],[146.604,-38.306],[146.608,-38.302],[146.618,-38.296],[146.62,-38.294],[146.622,-38.288],[146.624,-38.282],[146.626,-38.276],[146.626,-38.274],[146.628,-38.274],[146.628,-38.272],[146.63,-38.272],[146.634,-38.26],[146.638,-38.252],[146.64,-38.25],[146.642,-38.25],[146.642,-38.248],[146.644,-38.248],[146.648,-38.246],[146.65,-38.244],[146.652,-38.244],[146.652,-38.242],[146.656,-38.24],[146.656,-38.238],[146.656,-38.236],[146.656,-38.234],[146.656,-38.232],[146.656,-38.23],[146.656,-38.226],[146.656,-38.224],[146.658,-38.224],[146.66,-38.222],[146.664,-38.222],[146.666,-38.222],[146.666,-38.22],[146.668,-38.218],[146.676,-38.218],[146.69,-38.192],[146.694,-38.188],[146.696,-38.186],[146.696,-38.184],[146.71,-38.154],[146.708,-38.152],[146.668,-38.152],[146.646,-38.15],[146.638,-38.146],[146.612,-38.16],[146.61,-38.16],[146.608,-38.162],[146.606,-38.158],[146.604,-38.16],[146.574,-38.148],[146.578,-38.144],[146.582,-38.144],[146.582,-38.138],[146.58,-38.134],[146.58,-38.128],[146.584,-38.12],[146.664,-38.054],[146.624,-38.048],[146.656,-37.996],[146.588,-37.978],[146.57,-38.058],[146.424,-38.118],[146.274,-38.124],[146.216,-38.218],[146.292,-38.226],[146.254,-38.296],[146.23,-38.322]]]}},{"type":"Feature","id":"23940","properties":{"id":"23940","name":"Loddon","regionAbbrev":"AUVIC","ste":"2"},"geometry":{"type":"Polygon","coordinates":[[[143.316,-36.476],[143.318,-36.482],[143.49,-36.634],[143.492,-36.644],[143.476,-36.714],[143.462,-36.734],[143.464,-36.754],[143.67,-36.724],[143.68,-36.816],[143.858,-36.886],[143.866,-36.9],[144.026,-36.898],[144.07,-36.692],[144.07,-36.662],[144.186,-36.618],[144.17,-36.524],[144.21,-36.488],[144.344,-36.486],[144.344,-36.384],[144.332,-36.328],[144.282,-36.328],[144.286,-36.17],[144.318,-36.09],[144.308,-36.032],[144.28,-35.992],[144.264,-35.93],[144.186,-35.926],[144.16,-35.948],[143.864,-35.934],[143.728,-35.906],[143.728,-35.932],[143.618,-35.934],[143.618,-35.968],[143.476,-35.982],[143.482,-36.102],[143.512,-36.1],[143.514,-36.172],[143.568,-36.222],[143.482,-36.294],[143.48,-36.376],[143.44,-36.368],[143.408,-36.5],[143.316,-36.476]]]}},{"type":"Feature","id":"24130","properties":{"id":"24130","name":"Macedon Ranges","regionAbbrev":"AUVIC","ste":"2"},"geometry":{"type":"Polygon","coordinates":[[[144.38,-37.438],[144.428,-37.458],[144.472,-37.43],[144.464,-37.536],[144.464,-37.538],[144.556,-37.558],[144.672,-37.568],[144.632,-37.53],[144.652,-37.496],[144.682,-37.498],[144.69,-37.492],[144.872,-37.504],[144.884,-37.502],[144.882,-37.5],[144.902,-37.408],[144.922,-37.362],[144.888,-37.34],[144.86,-37.326],[144.82,-37.218],[144.708,-37.212],[144.716,-37.1],[144.542,-37.114],[144.528,-37.176],[144.374,-37.172],[144.38,-37.176],[144.376,-37.18],[144.334,-37.256],[144.31,-37.292],[144.42,-37.36],[144.38,-37.438]]]}},{"type":"Feature","id":"24210","properties":{"id":"24210","name":"Manningham","regionAbbrev":"AUVIC","ste":"2"},"geometry":{"type":"Polygon","coordinates":[[[145.068,-37.78],[145.08,-37.776],[145.08,-37.778],[145.108,-37.792],[145.11,-37.792],[145.144,-37.796],[145.158,-37.8],[145.16,-37.8],[145.168,-37.802],[145.17,-37.802],[145.172,-37.802],[145.178,-37.804],[145.206,-37.806],[145.208,-37.806],[145.214,-37.812],[145.242,-37.764],[145.29,-37.762],[145.294,-37.712],[145.292,-37.702],[145.242,-37.724],[145.136,-37.74],[145.122,-37.748],[145.068,-37.78]]]}},{"type":"Feature","id":"24250","properties":{"id":"24250","name":"Mansfield","regionAbbrev":"AUVIC","ste":"2"},"geometry":{"type":"Polygon","coordinates":[[[146.436,-37.618],[146.648,-37.162],[146.28,-36.924],[146.216,-36.91],[146.11,-36.866],[146.068,-36.862],[146.06,-36.908],[146.034,-36.884],[146.002,-36.862],[145.996,-36.864],[145.994,-36.864],[145.982,-36.87],[145.96,-36.896],[145.918,-36.926],[145.862,-36.878],[145.862,-36.91],[145.65,-36.946],[145.708,-37.038],[145.89,-37.12],[145.864,-37.144],[145.858,-37.146],[145.878,-37.168],[145.846,-37.174],[145.868,-37.188],[145.87,-37.192],[145.872,-37.192],[145.882,-37.196],[145.912,-37.206],[145.968,-37.258],[145.97,-37.262],[146,-37.228],[146.02,-37.252],[146.026,-37.284],[146.034,-37.29],[146.03,-37.298],[146.038,-37.294],[146.046,-37.312],[146.08,-37.392],[146.08,-37.398],[146.082,-37.402],[146.086,-37.404],[146.186,-37.534],[146.192,-37.58],[146.19,-37.586],[146.192,-37.588],[146.436,-37.618]],[[146.398,-37.106],[146.448,-37.106],[146.514,-37.118],[146.524,-37.104],[146.53,-37.106],[146.52,-37.124],[146.52,-37.126],[146.512,-37.134],[146.51,-37.134],[146.514,-37.144],[146.514,-37.15],[146.498,-37.148],[146.432,-37.164],[146.44,-37.118],[146.396,-37.11],[146.398,-37.106]]]}},{"type":"Feature","id":"24330","properties":{"id":"24330","name":"Maribyrnong","regionAbbrev":"AUVIC","ste":"2"},"geometry":{"type":"Polygon","coordinates":[[[144.856,-37.814],[144.906,-37.822],[144.904,-37.79],[144.904,-37.788],[144.874,-37.77],[144.852,-37.77],[144.856,-37.814]]]}},{"type":"Feature","id":"24410","properties":{"id":"24410","name":"Maroondah","regionAbbrev":"AUVIC","ste":"2"},"geometry":{"type":"Polygon","coordinates":[[[145.318,-37.844],[145.308,-37.79],[145.308,-37.782],[145.306,-37.776],[145.29,-37.762],[145.242,-37.764],[145.214,-37.812],[145.214,-37.84],[145.318,-37.844]]]}},{"type":"Feature","id":"24600","properties":{"id":"24600","name":"Melbourne","regionAbbrev":"AUVIC","ste":"2"},"geometry":{"type":"Polygon","coordinates":[[[144.898,-37.84],[144.908,-37.848],[144.904,-37.842],[144.906,-37.84],[144.908,-37.84],[144.908,-37.842],[144.914,-37.85],[144.914,-37.842],[144.984,-37.85],[144.988,-37.83],[144.962,-37.778],[144.94,-37.776],[144.938,-37.778],[144.904,-37.788],[144.904,-37.79],[144.906,-37.822],[144.898,-37.84]]]}},{"type":"Feature","id":"24650","properties":{"id":"24650","name":"Melton","regionAbbrev":"AUVIC","ste":"2"},"geometry":{"type":"Polygon","coordinates":[[[144.746,-37.662],[144.672,-37.568],[144.556,-37.558],[144.548,-37.566],[144.546,-37.568],[144.536,-37.588],[144.534,-37.59],[144.528,-37.6],[144.526,-37.608],[144.528,-37.616],[144.522,-37.628],[144.52,-37.638],[144.52,-37.64],[144.518,-37.65],[144.518,-37.656],[144.52,-37.658],[144.52,-37.666],[144.518,-37.67],[144.514,-37.676],[144.514,-37.678],[144.516,-37.694],[144.478,-37.78],[144.752,-37.81],[144.746,-37.662]]]}},{"type":"Feature","id":"24780","properties":{"id":"24780","name":"Mildura","regionAbbrev":"AUVIC","ste":"2"},"geometry":{"type":"Polygon","coordinates":[[[142.47,-34.59],[142.466,-34.562],[142.454,-34.584],[142.368,-34.532],[142.4,-34.522],[142.396,-34.492],[142.36,-34.5],[142.384,-34.476],[142.354,-34.47],[142.352,-34.396],[142.398,-34.338],[142.234,-34.304],[142.22,-34.18],[142.168,-34.184],[142.152,-34.148],[142.084,-34.174],[142.038,-34.1],[141.94,-34.13],[141.904,-34.11],[141.852,-34.13],[141.728,-34.09],[141.596,-34.154],[141.604,-34.19],[141.512,-34.216],[141.498,-34.156],[141.444,-34.168],[141.37,-34.126],[141.298,-34.112],[141.298,-34.11],[141.242,-34.06],[141.184,-34.092],[141.138,-34.058],[141.096,-34.05],[141.09,-34.076],[141.008,-34.042],[141.004,-34.022],[140.964,-33.98],[140.964,-34.322],[140.966,-35.008],[140.964,-35.742],[140.964,-35.748],[141.33,-35.748],[141.5,-35.748],[141.5,-35.498],[141.998,-35.498],[141.998,-35.464],[142.142,-35.48],[142.208,-35.45],[142.174,-35.376],[142.196,-35.312],[142.536,-35.302],[142.616,-35.304],[142.612,-35.194],[142.736,-35.198],[142.744,-35.114],[142.698,-35.114],[142.698,-34.886],[142.52,-34.864],[142.518,-34.754],[142.5,-34.68],[142.51,-34.656],[142.476,-34.672],[142.484,-34.636],[142.452,-34.634],[142.47,-34.59]]]}},{"type":"Feature","id":"24850","properties":{"id":"24850","name":"Mitchell","regionAbbrev":"AUVIC","ste":"2"},"geometry":{"type":"Polygon","coordinates":[[[144.544,-37.06],[144.538,-37.084],[144.54,-37.088],[144.536,-37.11],[144.542,-37.114],[144.716,-37.1],[144.708,-37.212],[144.82,-37.218],[144.86,-37.326],[144.888,-37.34],[144.922,-37.362],[144.902,-37.408],[144.882,-37.5],[144.884,-37.502],[144.978,-37.514],[144.998,-37.51],[144.998,-37.508],[145.002,-37.442],[145.074,-37.45],[145.112,-37.402],[145.188,-37.422],[145.222,-37.472],[145.28,-37.332],[145.164,-37.278],[145.164,-37.216],[145.242,-37.176],[145.23,-37.132],[145.288,-37.124],[145.288,-37.1],[145.372,-37.094],[145.428,-37.008],[145.428,-37.006],[145.374,-36.976],[145.306,-37.006],[145.304,-37.006],[145.254,-36.932],[145.254,-36.93],[145.248,-36.928],[145.128,-36.942],[145.088,-36.868],[144.938,-36.85],[144.854,-36.88],[144.798,-36.966],[144.718,-36.974],[144.69,-37.01],[144.546,-37.012],[144.544,-37.06]]]}},{"type":"Feature","id":"24900","properties":{"id":"24900","name":"Moira","regionAbbrev":"AUVIC","ste":"2"},"geometry":{"type":"Polygon","coordinates":[[[145.36,-35.86],[145.36,-35.862],[145.31,-35.86],[145.302,-35.858],[145.216,-35.84],[145.056,-35.836],[145.04,-35.838],[144.992,-35.856],[144.952,-35.934],[144.928,-35.99],[144.954,-36.016],[144.982,-36.072],[144.872,-36.058],[144.842,-36.084],[144.83,-36.102],[144.862,-36.088],[144.996,-36.114],[145.01,-36.14],[145.012,-36.146],[145.056,-36.162],[145.132,-36.18],[145.14,-36.154],[145.184,-36.184],[145.23,-36.158],[145.26,-36.198],[145.632,-36.198],[145.632,-36.298],[145.798,-36.298],[146.032,-36.298],[146.038,-36.254],[146.132,-36.254],[146.132,-36.186],[146.236,-36.188],[146.246,-36.176],[146.236,-36.156],[146.202,-36.068],[146.178,-36.034],[146.156,-36.022],[146.052,-35.994],[145.972,-36.016],[145.948,-35.96],[145.946,-35.96],[145.87,-35.954],[145.814,-35.992],[145.744,-35.962],[145.72,-35.934],[145.696,-35.92],[145.564,-35.832],[145.536,-35.808],[145.524,-35.816],[145.526,-35.816],[145.412,-35.836],[145.36,-35.86]]]}},{"type":"Feature","id":"24970","properties":{"id":"24970","name":"Monash","regionAbbrev":"AUVIC","ste":"2"},"geometry":{"type":"Polygon","coordinates":[[[145.092,-37.872],[145.078,-37.886],[145.082,-37.924],[145.142,-37.93],[145.22,-37.94],[145.212,-37.936],[145.21,-37.934],[145.21,-37.932],[145.208,-37.932],[145.208,-37.93],[145.206,-37.93],[145.206,-37.924],[145.204,-37.92],[145.204,-37.914],[145.206,-37.912],[145.206,-37.91],[145.204,-37.902],[145.208,-37.9],[145.2,-37.892],[145.198,-37.888],[145.196,-37.888],[145.194,-37.882],[145.192,-37.88],[145.192,-37.878],[145.192,-37.876],[145.194,-37.874],[145.192,-37.874],[145.194,-37.872],[145.194,-37.868],[145.196,-37.866],[145.196,-37.864],[145.096,-37.852],[145.092,-37.872]]]}},{"type":"Feature","id":"25060","properties":{"id":"25060","name":"Moonee Valley","regionAbbrev":"AUVIC","ste":"2"},"geometry":{"type":"Polygon","coordinates":[[[144.852,-37.77],[144.874,-37.77],[144.904,-37.788],[144.938,-37.778],[144.888,-37.71],[144.852,-37.77]]]}},{"type":"Feature","id":"25150","properties":{"id":"25150","name":"Moorabool","regionAbbrev":"AUVIC","ste":"2"},"geometry":{"type":"Polygon","coordinates":[[[143.888,-37.712],[143.898,-37.752],[143.898,-37.766],[143.892,-37.784],[143.958,-37.824],[144.056,-37.832],[144.06,-37.796],[144.222,-37.81],[144.308,-37.836],[144.318,-37.84],[144.324,-37.844],[144.334,-37.846],[144.334,-37.844],[144.336,-37.844],[144.338,-37.844],[144.342,-37.844],[144.344,-37.842],[144.344,-37.844],[144.346,-37.844],[144.346,-37.842],[144.35,-37.842],[144.406,-37.802],[144.406,-37.804],[144.444,-37.864],[144.478,-37.78],[144.516,-37.694],[144.514,-37.678],[144.514,-37.676],[144.518,-37.67],[144.52,-37.666],[144.52,-37.658],[144.518,-37.656],[144.518,-37.65],[144.52,-37.64],[144.52,-37.638],[144.522,-37.628],[144.528,-37.616],[144.526,-37.608],[144.528,-37.6],[144.534,-37.59],[144.536,-37.588],[144.546,-37.568],[144.548,-37.566],[144.556,-37.558],[144.464,-37.538],[144.464,-37.536],[144.472,-37.43],[144.428,-37.458],[144.38,-37.438],[144.32,-37.402],[144.292,-37.436],[144.172,-37.418],[144.164,-37.418],[144.04,-37.486],[143.938,-37.474],[143.952,-37.56],[143.896,-37.608],[143.95,-37.672],[143.938,-37.71],[143.888,-37.712]]]}},{"type":"Feature","id":"25250","properties":{"id":"25250","name":"Moreland","regionAbbrev":"AUVIC","ste":"2"},"geometry":{"type":"Polygon","coordinates":[[[144.888,-37.71],[144.938,-37.778],[144.94,-37.776],[144.962,-37.778],[144.99,-37.776],[144.98,-37.754],[144.98,-37.742],[144.98,-37.704],[144.982,-37.702],[144.98,-37.7],[144.98,-37.696],[144.972,-37.69],[144.886,-37.708],[144.888,-37.71]]]}},{"type":"Feature","id":"25340","properties":{"id":"25340","name":"Mornington Peninsula","regionAbbrev":"AUVIC","ste":"2"},"geometry":{"type":"Polygon","coordinates":[[[145.216,-38.2],[145.13,-38.2],[145.098,-38.162],[145.044,-38.214],[145.034,-38.212],[145.034,-38.216],[145.032,-38.22],[145.026,-38.226],[145.026,-38.228],[145.016,-38.264],[144.984,-38.294],[144.98,-38.324],[144.846,-38.37],[144.734,-38.322],[144.67,-38.316],[144.726,-38.346],[144.73,-38.348],[144.74,-38.354],[144.754,-38.368],[144.772,-38.378],[144.782,-38.386],[144.784,-38.388],[144.788,-38.39],[144.81,-38.408],[144.852,-38.442],[144.884,-38.49],[144.886,-38.494],[144.888,-38.496],[144.89,-38.498],[144.904,-38.49],[144.954,-38.488],[144.974,-38.49],[144.978,-38.49],[145.032,-38.486],[145.04,-38.446],[145.048,-38.434],[145.08,-38.416],[145.13,-38.39],[145.21,-38.406],[145.236,-38.41],[145.234,-38.406],[145.234,-38.408],[145.232,-38.408],[145.232,-38.406],[145.222,-38.396],[145.204,-38.378],[145.184,-38.374],[145.224,-38.374],[145.194,-38.322],[145.2,-38.308],[145.196,-38.298],[145.202,-38.296],[145.224,-38.304],[145.222,-38.282],[145.262,-38.24],[145.256,-38.226],[145.254,-38.226],[145.254,-38.224],[145.216,-38.2]]]}},{"type":"Feature","id":"25430","properties":{"id":"25430","name":"Mount Alexander","regionAbbrev":"AUVIC","ste":"2"},"geometry":{"type":"Polygon","coordinates":[[[143.95,-37.194],[143.952,-37.204],[143.982,-37.23],[144,-37.24],[144.018,-37.262],[144.02,-37.262],[144.064,-37.25],[144.074,-37.148],[144.276,-37.208],[144.292,-37.164],[144.332,-37.17],[144.342,-37.166],[144.374,-37.172],[144.528,-37.176],[144.542,-37.114],[144.536,-37.11],[144.54,-37.088],[144.538,-37.084],[144.544,-37.06],[144.494,-37.05],[144.48,-36.958],[144.478,-36.954],[144.46,-36.948],[144.456,-36.938],[144.454,-36.94],[144.434,-36.942],[144.422,-36.938],[144.422,-36.936],[144.298,-36.956],[144.026,-36.898],[143.866,-36.9],[143.832,-36.98],[143.974,-37.028],[144.014,-37.074],[143.98,-37.098],[143.95,-37.194]]]}},{"type":"Feature","id":"25490","properties":{"id":"25490","name":"Moyne","regionAbbrev":"AUVIC","ste":"2"},"geometry":{"type":"Polygon","coordinates":[[[142.616,-37.81],[142.468,-37.834],[142.414,-37.932],[141.972,-37.972],[141.876,-37.94],[141.818,-37.942],[141.87,-38.264],[141.904,-38.27],[142.106,-38.37],[142.124,-38.376],[142.148,-38.39],[142.182,-38.39],[142.19,-38.394],[142.214,-38.394],[142.236,-38.394],[142.238,-38.394],[142.24,-38.394],[142.244,-38.394],[142.254,-38.39],[142.286,-38.364],[142.422,-38.372],[142.43,-38.314],[142.51,-38.312],[142.52,-38.358],[142.622,-38.388],[142.61,-38.45],[142.616,-38.454],[142.618,-38.456],[142.618,-38.454],[142.618,-38.456],[142.62,-38.456],[142.674,-38.49],[142.676,-38.492],[142.678,-38.494],[142.776,-38.56],[142.786,-38.566],[142.796,-38.57],[142.8,-38.574],[142.802,-38.574],[142.806,-38.572],[142.808,-38.57],[142.828,-38.58],[142.828,-38.582],[142.826,-38.584],[142.832,-38.586],[142.846,-38.59],[142.852,-38.592],[142.854,-38.592],[142.858,-38.6],[142.86,-38.602],[142.86,-38.604],[142.874,-38.608],[142.88,-38.608],[142.834,-38.538],[142.868,-38.492],[142.9,-38.486],[142.848,-38.48],[142.88,-38.306],[142.832,-38.31],[142.818,-38.312],[142.896,-38.122],[143.014,-38.13],[143.002,-38.094],[143.022,-38.042],[143.044,-37.998],[143.042,-37.988],[143.094,-37.906],[143.084,-37.904],[143.076,-37.89],[143.092,-37.88],[143.106,-37.834],[143.032,-37.814],[143.008,-37.766],[142.88,-37.836],[142.862,-37.806],[142.702,-37.834],[142.616,-37.81]]]}},{"type":"Feature","id":"25620","properties":{"id":"25620","name":"Murrindindi","regionAbbrev":"AUVIC","ste":"2"},"geometry":{"type":"Polygon","coordinates":[[[145.65,-36.946],[145.532,-36.958],[145.532,-36.988],[145.492,-37],[145.448,-37.016],[145.428,-37.006],[145.428,-37.008],[145.372,-37.094],[145.288,-37.1],[145.288,-37.124],[145.23,-37.132],[145.242,-37.176],[145.164,-37.216],[145.164,-37.278],[145.28,-37.332],[145.222,-37.472],[145.24,-37.488],[145.324,-37.528],[145.366,-37.544],[145.418,-37.526],[145.562,-37.592],[145.6,-37.566],[145.678,-37.624],[145.838,-37.532],[145.848,-37.516],[145.866,-37.522],[145.88,-37.512],[145.884,-37.526],[146.186,-37.534],[146.086,-37.404],[146.082,-37.402],[146.08,-37.398],[146.08,-37.392],[146.046,-37.312],[146.038,-37.294],[146.03,-37.298],[146.034,-37.29],[146.026,-37.284],[146.02,-37.252],[146,-37.228],[145.97,-37.262],[145.968,-37.258],[145.912,-37.206],[145.882,-37.196],[145.872,-37.192],[145.87,-37.192],[145.868,-37.188],[145.846,-37.174],[145.878,-37.168],[145.858,-37.146],[145.864,-37.144],[145.89,-37.12],[145.708,-37.038],[145.65,-36.946]]]}},{"type":"Feature","id":"25710","properties":{"id":"25710","name":"Nillumbik","regionAbbrev":"AUVIC","ste":"2"},"geometry":{"type":"Polygon","coordinates":[[[145.136,-37.74],[145.242,-37.724],[145.292,-37.702],[145.294,-37.712],[145.312,-37.712],[145.312,-37.708],[145.32,-37.706],[145.332,-37.676],[145.366,-37.544],[145.324,-37.528],[145.24,-37.488],[145.236,-37.498],[145.104,-37.64],[145.104,-37.652],[145.108,-37.658],[145.104,-37.66],[145.086,-37.67],[145.084,-37.676],[145.092,-37.68],[145.104,-37.682],[145.102,-37.684],[145.076,-37.686],[145.144,-37.682],[145.136,-37.74]]]}},{"type":"Feature","id":"25810","properties":{"id":"25810","name":"Northern Grampians","regionAbbrev":"AUVIC","ste":"2"},"geometry":{"type":"Polygon","coordinates":[[[143.096,-37.156],[143.096,-36.968],[143.094,-36.968],[143.092,-36.964],[143.126,-36.898],[143.472,-36.936],[143.48,-36.904],[143.506,-36.88],[143.506,-36.878],[143.508,-36.876],[143.508,-36.874],[143.508,-36.872],[143.5,-36.822],[143.464,-36.754],[143.462,-36.734],[143.476,-36.714],[143.492,-36.644],[143.49,-36.634],[143.318,-36.482],[143.316,-36.476],[143.292,-36.412],[143.292,-36.41],[143.148,-36.41],[143.134,-36.448],[143.046,-36.442],[143.02,-36.482],[142.818,-36.46],[142.732,-36.498],[142.732,-36.55],[142.816,-36.572],[142.714,-36.72],[142.732,-36.76],[142.472,-36.76],[142.476,-36.768],[142.476,-36.77],[142.478,-36.77],[142.478,-36.772],[142.478,-36.77],[142.48,-36.772],[142.48,-36.776],[142.48,-36.778],[142.482,-36.788],[142.522,-36.838],[142.566,-36.872],[142.568,-36.876],[142.57,-36.878],[142.54,-36.948],[142.498,-36.942],[142.494,-36.898],[142.456,-36.916],[142.442,-36.868],[142.358,-36.88],[142.358,-36.972],[142.396,-36.978],[142.336,-37.018],[142.406,-37.016],[142.408,-37.058],[142.236,-37.128],[142.516,-37.292],[142.6,-37.292],[142.596,-37.218],[142.544,-37.156],[142.768,-37.142],[142.838,-37.192],[142.954,-37.208],[142.962,-37.166],[143.05,-37.19],[143.068,-37.146],[143.096,-37.156]]]}},{"type":"Feature","id":"25900","properties":{"id":"25900","name":"Port Phillip","regionAbbrev":"AUVIC","ste":"2"},"geometry":{"type":"Polygon","coordinates":[[[144.998,-37.884],[145.012,-37.86],[144.984,-37.85],[144.914,-37.842],[144.974,-37.872],[144.976,-37.878],[144.978,-37.882],[144.986,-37.89],[144.998,-37.884]]]}},{"type":"Feature","id":"25990","properties":{"id":"25990","name":"Pyrenees","regionAbbrev":"AUVIC","ste":"2"},"geometry":{"type":"Polygon","coordinates":[[[143.182,-37.732],[143.202,-37.736],[143.226,-37.74],[143.234,-37.742],[143.242,-37.744],[143.262,-37.734],[143.266,-37.734],[143.27,-37.744],[143.306,-37.752],[143.312,-37.748],[143.316,-37.744],[143.32,-37.728],[143.322,-37.712],[143.342,-37.708],[143.342,-37.7],[143.342,-37.698],[143.354,-37.67],[143.452,-37.662],[143.466,-37.658],[143.652,-37.646],[143.662,-37.572],[143.67,-37.538],[143.596,-37.526],[143.648,-37.322],[143.666,-37.236],[143.55,-37.176],[143.594,-36.956],[143.472,-36.936],[143.126,-36.898],[143.092,-36.964],[143.094,-36.968],[143.096,-36.968],[143.096,-37.156],[143.114,-37.158],[143.14,-37.172],[143.154,-37.174],[143.17,-37.182],[143.192,-37.172],[143.224,-37.152],[143.264,-37.182],[143.288,-37.284],[143.196,-37.32],[143.252,-37.392],[143.198,-37.426],[143.194,-37.526],[143.062,-37.718],[143.182,-37.732]]]}},{"type":"Feature","id":"26080","properties":{"id":"26080","name":"Queenscliffe","regionAbbrev":"AUVIC","ste":"2"},"geometry":{"type":"MultiPolygon","coordinates":[[[[144.602,-38.288],[144.67,-38.264],[144.672,-38.262],[144.67,-38.262],[144.668,-38.262],[144.668,-38.26],[144.668,-38.262],[144.66,-38.262],[144.626,-38.258],[144.602,-38.288]]],[[[144.668,-38.256],[144.672,-38.254],[144.672,-38.256],[144.68,-38.25],[144.668,-38.256]]]]}},{"type":"Feature","id":"26170","properties":{"id":"26170","name":"South Gippsland","regionAbbrev":"AUVIC","ste":"2"},"geometry":{"type":"Polygon","coordinates":[[[145.73,-38.644],[145.844,-38.74],[145.914,-38.882],[145.912,-38.892],[145.914,-38.896],[145.914,-38.898],[145.916,-38.902],[146.002,-38.882],[146.024,-38.816],[146.082,-38.814],[146.222,-38.902],[146.254,-38.994],[146.26,-38.994],[146.292,-39.012],[146.306,-39.032],[146.314,-39.032],[146.314,-39.03],[146.32,-39.052],[146.344,-39.06],[146.348,-39.06],[146.344,-39.06],[146.344,-39.07],[146.34,-39.076],[146.356,-39.128],[146.372,-39.134],[146.374,-39.136],[146.38,-39.132],[146.388,-39.126],[146.43,-39.114],[146.43,-39.112],[146.432,-39.064],[146.472,-39.064],[146.476,-39.054],[146.468,-39.04],[146.468,-39.036],[146.47,-39.026],[146.438,-39.006],[146.474,-38.916],[146.488,-38.896],[146.474,-38.79],[146.438,-38.778],[146.42,-38.818],[146.396,-38.852],[146.304,-38.906],[146.272,-38.86],[146.27,-38.848],[146.272,-38.806],[146.234,-38.81],[146.192,-38.742],[146.206,-38.74],[146.21,-38.738],[146.208,-38.732],[146.21,-38.732],[146.212,-38.716],[146.214,-38.696],[146.256,-38.696],[146.262,-38.69],[146.33,-38.686],[146.378,-38.682],[146.378,-38.688],[146.39,-38.72],[146.412,-38.718],[146.408,-38.718],[146.45,-38.696],[146.498,-38.686],[146.504,-38.682],[146.504,-38.69],[146.502,-38.69],[146.524,-38.692],[146.522,-38.688],[146.526,-38.618],[146.336,-38.568],[146.322,-38.564],[146.328,-38.53],[146.326,-38.528],[146.256,-38.496],[146.238,-38.452],[146.272,-38.446],[146.224,-38.44],[146.23,-38.322],[146.124,-38.36],[146.064,-38.31],[146.008,-38.33],[145.968,-38.312],[145.89,-38.336],[145.822,-38.29],[145.82,-38.288],[145.82,-38.286],[145.818,-38.284],[145.814,-38.276],[145.81,-38.27],[145.802,-38.268],[145.762,-38.266],[145.762,-38.27],[145.76,-38.27],[145.736,-38.274],[145.612,-38.286],[145.606,-38.332],[145.696,-38.376],[145.674,-38.482],[145.7,-38.514],[145.762,-38.538],[145.768,-38.604],[145.816,-38.584],[145.816,-38.636],[145.73,-38.644]]]}},{"type":"Feature","id":"26260","properties":{"id":"26260","name":"Southern Grampians","regionAbbrev":"AUVIC","ste":"2"},"geometry":{"type":"Polygon","coordinates":[[[142.516,-37.292],[142.236,-37.128],[142.206,-37.086],[142.114,-37.112],[142.08,-37.224],[141.914,-37.202],[141.912,-37.198],[141.924,-37.138],[141.926,-37.126],[141.838,-37.154],[141.836,-37.158],[141.84,-37.16],[141.776,-37.176],[141.754,-37.174],[141.742,-37.176],[141.728,-37.182],[141.72,-37.184],[141.716,-37.184],[141.674,-37.152],[141.58,-37.184],[141.512,-37.21],[141.502,-37.256],[141.526,-37.29],[141.432,-37.298],[141.432,-37.372],[141.5,-37.38],[141.488,-37.452],[141.538,-37.458],[141.524,-37.602],[141.564,-37.612],[141.574,-37.614],[141.582,-37.624],[141.604,-37.64],[141.608,-37.642],[141.646,-37.648],[141.652,-37.66],[141.658,-37.664],[141.69,-37.694],[141.7,-37.7],[141.71,-37.704],[141.732,-37.894],[141.832,-37.892],[141.83,-37.868],[141.92,-37.886],[141.876,-37.94],[141.972,-37.972],[142.414,-37.932],[142.468,-37.834],[142.616,-37.81],[142.62,-37.646],[142.354,-37.598],[142.516,-37.292]]]}},{"type":"Feature","id":"26350","properties":{"id":"26350","name":"Stonnington","regionAbbrev":"AUVIC","ste":"2"},"geometry":{"type":"Polygon","coordinates":[[[145.026,-37.834],[144.988,-37.83],[144.984,-37.85],[145.012,-37.86],[145.078,-37.886],[145.092,-37.872],[145.06,-37.856],[145.026,-37.834]]]}},{"type":"Feature","id":"26430","properties":{"id":"26430","name":"Strathbogie","regionAbbrev":"AUVIC","ste":"2"},"geometry":{"type":"Polygon","coordinates":[[[145.776,-36.444],[145.74,-36.434],[145.732,-36.498],[145.632,-36.498],[145.632,-36.562],[145.354,-36.556],[145.31,-36.612],[145.308,-36.618],[145.308,-36.622],[145.308,-36.624],[145.31,-36.624],[145.306,-36.632],[145.3,-36.634],[145.298,-36.638],[145.212,-36.648],[145.224,-36.686],[145.18,-36.7],[145.132,-36.674],[145.044,-36.65],[145.044,-36.682],[144.932,-36.7],[144.932,-36.748],[144.796,-36.75],[144.8,-36.832],[144.854,-36.88],[144.938,-36.85],[145.088,-36.868],[145.128,-36.942],[145.248,-36.928],[145.254,-36.93],[145.254,-36.932],[145.304,-37.006],[145.306,-37.006],[145.374,-36.976],[145.428,-37.006],[145.448,-37.016],[145.492,-37],[145.532,-36.988],[145.532,-36.958],[145.65,-36.946],[145.862,-36.91],[145.862,-36.878],[145.872,-36.8],[145.812,-36.734],[145.856,-36.568],[145.82,-36.562],[145.812,-36.456],[145.776,-36.444]]]}},{"type":"Feature","id":"26490","properties":{"id":"26490","name":"Surf Coast","regionAbbrev":"AUVIC","ste":"2"},"geometry":{"type":"Polygon","coordinates":[[[143.946,-38.578],[143.976,-38.556],[144.026,-38.488],[144.028,-38.488],[144.032,-38.484],[144.034,-38.484],[144.174,-38.43],[144.252,-38.396],[144.254,-38.394],[144.318,-38.344],[144.32,-38.344],[144.376,-38.302],[144.406,-38.256],[144.242,-38.238],[144.262,-38.14],[144.242,-38.14],[144.23,-38.14],[144.22,-38.142],[144.118,-38.114],[144.052,-38.114],[143.962,-38.122],[143.91,-38.108],[143.91,-38.106],[143.902,-38.138],[143.858,-38.132],[143.834,-38.29],[143.88,-38.276],[143.826,-38.566],[143.946,-38.578]]]}},{"type":"Feature","id":"26610","properties":{"id":"26610","name":"Swan Hill","regionAbbrev":"AUVIC","ste":"2"},"geometry":{"type":"Polygon","coordinates":[[[142.518,-34.754],[142.52,-34.864],[142.698,-34.886],[142.698,-35.114],[142.744,-35.114],[142.736,-35.198],[142.794,-35.248],[143.004,-35.248],[142.998,-35.49],[143.132,-35.49],[143.138,-35.544],[143.198,-35.55],[143.2,-35.654],[143.288,-35.646],[143.288,-35.574],[143.642,-35.572],[143.64,-35.53],[143.73,-35.53],[143.71,-35.494],[143.806,-35.5],[143.806,-35.474],[143.796,-35.468],[143.816,-35.446],[143.73,-35.39],[143.684,-35.368],[143.64,-35.4],[143.616,-35.372],[143.608,-35.366],[143.598,-35.354],[143.568,-35.308],[143.586,-35.278],[143.566,-35.202],[143.47,-35.218],[143.45,-35.188],[143.396,-35.192],[143.346,-35.074],[143.334,-34.886],[143.352,-34.858],[143.352,-34.794],[143.28,-34.794],[143.266,-34.748],[143.224,-34.758],[143.196,-34.712],[143.112,-34.688],[143.04,-34.702],[142.988,-34.662],[142.972,-34.694],[142.926,-34.648],[142.886,-34.68],[142.802,-34.578],[142.792,-34.546],[142.762,-34.598],[142.7,-34.598],[142.7,-34.724],[142.62,-34.728],[142.636,-34.782],[142.518,-34.754]]]}},{"type":"Feature","id":"26670","properties":{"id":"26670","name":"Towong","regionAbbrev":"AUVIC","ste":"2"},"geometry":{"type":"Polygon","coordinates":[[[147.036,-36.114],[147.074,-36.19],[147.17,-36.29],[147.18,-36.356],[147.146,-36.44],[147.142,-36.446],[147.126,-36.448],[147.118,-36.5],[147.174,-36.638],[147.272,-36.678],[147.292,-36.682],[147.312,-36.732],[147.392,-36.756],[147.42,-36.784],[147.464,-36.802],[147.542,-36.738],[147.96,-36.612],[148.134,-36.744],[148.186,-36.69],[148.188,-36.686],[148.216,-36.634],[148.214,-36.61],[148.212,-36.594],[148.204,-36.588],[148.172,-36.576],[148.15,-36.56],[148.13,-36.542],[148.138,-36.53],[148.12,-36.482],[148.122,-36.48],[148.124,-36.464],[148.088,-36.44],[148.038,-36.39],[148.048,-36.316],[148.042,-36.298],[148.04,-36.288],[148.036,-36.28],[148.036,-36.216],[148.026,-36.188],[148.026,-36.186],[148.024,-36.156],[148.03,-36.14],[148.028,-36.14],[148.01,-36.138],[147.994,-36.116],[147.994,-36.112],[147.992,-36.11],[147.982,-36.088],[147.998,-36.06],[147.984,-36.044],[147.974,-36.04],[147.928,-36.038],[147.916,-36.004],[147.914,-36.002],[147.896,-35.992],[147.69,-35.938],[147.558,-35.972],[147.56,-35.972],[147.584,-35.986],[147.55,-36.004],[147.476,-35.944],[147.406,-35.942],[147.392,-35.97],[147.392,-35.972],[147.376,-35.976],[147.374,-35.98],[147.322,-36.06],[147.144,-36.038],[147.118,-35.998],[147.098,-36.038],[147.098,-36.04],[147.092,-36.044],[147.086,-36.052],[147.036,-36.114]]]}},{"type":"Feature","id":"26700","properties":{"id":"26700","name":"Wangaratta","regionAbbrev":"AUVIC","ste":"2"},"geometry":{"type":"Polygon","coordinates":[[[146.726,-36.458],[146.726,-36.418],[146.612,-36.396],[146.634,-36.3],[146.558,-36.328],[146.572,-36.254],[146.512,-36.246],[146.54,-36.182],[146.284,-36.142],[146.296,-36.088],[146.202,-36.068],[146.236,-36.156],[146.246,-36.176],[146.236,-36.188],[146.132,-36.186],[146.132,-36.254],[146.22,-36.356],[146.226,-36.448],[146.176,-36.472],[146.21,-36.502],[146.248,-36.8],[146.28,-36.924],[146.648,-37.162],[146.652,-37.12],[146.644,-36.812],[146.566,-36.74],[146.61,-36.704],[146.626,-36.684],[146.632,-36.682],[146.672,-36.568],[146.634,-36.522],[146.682,-36.484],[146.726,-36.458]]]}},{"type":"Feature","id":"26730","properties":{"id":"26730","name":"Warrnambool","regionAbbrev":"AUVIC","ste":"2"},"geometry":{"type":"Polygon","coordinates":[[[142.422,-38.372],[142.456,-38.396],[142.46,-38.396],[142.464,-38.398],[142.468,-38.4],[142.476,-38.402],[142.578,-38.432],[142.59,-38.438],[142.61,-38.45],[142.622,-38.388],[142.52,-38.358],[142.51,-38.312],[142.43,-38.314],[142.422,-38.372]]]}},{"type":"Feature","id":"26810","properties":{"id":"26810","name":"Wellington","regionAbbrev":"AUVIC","ste":"2"},"geometry":{"type":"MultiPolygon","coordinates":[[[[146.652,-37.12],[146.648,-37.162],[146.436,-37.618],[146.516,-37.676],[146.474,-37.994],[146.528,-37.964],[146.588,-37.978],[146.656,-37.996],[146.624,-38.048],[146.664,-38.054],[146.584,-38.12],[146.58,-38.128],[146.58,-38.134],[146.582,-38.138],[146.582,-38.144],[146.578,-38.144],[146.574,-38.148],[146.604,-38.16],[146.606,-38.158],[146.608,-38.162],[146.61,-38.16],[146.612,-38.16],[146.638,-38.146],[146.646,-38.15],[146.668,-38.152],[146.708,-38.152],[146.71,-38.154],[146.696,-38.184],[146.696,-38.186],[146.694,-38.188],[146.69,-38.192],[146.676,-38.218],[146.668,-38.218],[146.666,-38.22],[146.666,-38.222],[146.664,-38.222],[146.66,-38.222],[146.658,-38.224],[146.656,-38.224],[146.656,-38.226],[146.656,-38.23],[146.656,-38.232],[146.656,-38.234],[146.656,-38.236],[146.656,-38.238],[146.656,-38.24],[146.652,-38.242],[146.652,-38.244],[146.65,-38.244],[146.648,-38.246],[146.644,-38.248],[146.642,-38.248],[146.642,-38.25],[146.64,-38.25],[146.638,-38.252],[146.634,-38.26],[146.63,-38.272],[146.628,-38.272],[146.628,-38.274],[146.626,-38.274],[146.626,-38.276],[146.624,-38.282],[146.622,-38.288],[146.62,-38.294],[146.618,-38.296],[146.608,-38.302],[146.604,-38.306],[146.598,-38.314],[146.598,-38.318],[146.6,-38.32],[146.602,-38.324],[146.568,-38.424],[146.528,-38.438],[146.492,-38.446],[146.49,-38.444],[146.492,-38.44],[146.484,-38.446],[146.426,-38.478],[146.372,-38.524],[146.374,-38.524],[146.374,-38.526],[146.37,-38.53],[146.328,-38.53],[146.322,-38.564],[146.336,-38.568],[146.526,-38.618],[146.522,-38.688],[146.524,-38.688],[146.534,-38.686],[146.54,-38.688],[146.552,-38.702],[146.556,-38.704],[146.554,-38.702],[146.556,-38.688],[146.562,-38.696],[146.562,-38.684],[146.552,-38.684],[146.562,-38.68],[146.572,-38.68],[146.578,-38.684],[146.58,-38.68],[146.582,-38.684],[146.582,-38.69],[146.588,-38.688],[146.592,-38.684],[146.592,-38.682],[146.588,-38.676],[146.59,-38.676],[146.6,-38.676],[146.654,-38.642],[146.666,-38.67],[146.698,-38.674],[146.714,-38.652],[146.748,-38.662],[146.754,-38.652],[146.766,-38.654],[146.758,-38.654],[146.756,-38.654],[146.764,-38.66],[146.766,-38.654],[146.77,-38.654],[146.778,-38.646],[146.79,-38.64],[146.8,-38.624],[146.8,-38.62],[146.808,-38.616],[146.824,-38.61],[146.834,-38.614],[146.886,-38.612],[146.892,-38.612],[146.9,-38.61],[146.902,-38.606],[146.926,-38.594],[146.904,-38.608],[146.898,-38.618],[147.706,-37.998],[147.712,-37.954],[147.572,-38.054],[147.46,-38.07],[147.46,-38.068],[147.458,-38.062],[147.468,-38.036],[147.406,-37.98],[147.364,-37.92],[147.276,-37.92],[147.272,-37.872],[147.282,-37.774],[147.198,-37.726],[147.216,-37.578],[147.218,-37.576],[147.224,-37.574],[147.244,-37.578],[147.252,-37.576],[147.26,-37.574],[147.262,-37.574],[147.266,-37.568],[147.404,-37.536],[147.39,-37.482],[147.39,-37.462],[147.392,-37.458],[147.406,-37.454],[147.404,-37.444],[147.412,-37.406],[147.46,-37.276],[147.424,-37.22],[147.41,-37.218],[147.386,-37.212],[147.338,-37.276],[146.822,-37.19],[146.812,-37.186],[146.804,-37.184],[146.804,-37.182],[146.778,-37.164],[146.778,-37.162],[146.652,-37.12]]],[[[146.664,-38.67],[146.66,-38.67],[146.658,-38.67],[146.66,-38.672],[146.664,-38.67]]],[[[146.582,-38.692],[146.586,-38.694],[146.586,-38.692],[146.582,-38.692]]],[[[146.628,-38.748],[146.63,-38.748],[146.642,-38.746],[146.63,-38.748],[146.63,-38.746],[146.628,-38.748]]],[[[146.464,-38.712],[146.44,-38.728],[146.5,-38.718],[146.486,-38.712],[146.464,-38.712]]],[[[146.568,-38.742],[146.548,-38.756],[146.508,-38.762],[146.502,-38.762],[146.5,-38.758],[146.52,-38.752],[146.526,-38.73],[146.52,-38.734],[146.504,-38.726],[146.51,-38.718],[146.48,-38.728],[146.466,-38.738],[146.494,-38.774],[146.542,-38.79],[146.618,-38.756],[146.622,-38.754],[146.608,-38.75],[146.606,-38.75],[146.602,-38.752],[146.6,-38.748],[146.602,-38.746],[146.592,-38.742],[146.568,-38.742]]],[[[146.646,-38.756],[146.65,-38.756],[146.656,-38.754],[146.65,-38.754],[146.646,-38.756]]],[[[146.69,-38.71],[146.688,-38.71],[146.69,-38.712],[146.69,-38.71]]],[[[146.632,-38.702],[146.616,-38.7],[146.618,-38.698],[146.586,-38.714],[146.614,-38.722],[146.618,-38.724],[146.62,-38.724],[146.622,-38.724],[146.624,-38.724],[146.628,-38.724],[146.676,-38.71],[146.664,-38.708],[146.672,-38.702],[146.66,-38.702],[146.648,-38.704],[146.652,-38.7],[146.632,-38.702]]],[[[146.712,-38.706],[146.702,-38.712],[146.694,-38.72],[146.712,-38.706]]],[[[146.81,-38.676],[146.774,-38.684],[146.796,-38.68],[146.81,-38.68],[146.81,-38.676]]],[[[146.812,-38.68],[146.826,-38.684],[146.824,-38.682],[146.812,-38.68]]],[[[146.724,-38.678],[146.73,-38.674],[146.73,-38.662],[146.728,-38.662],[146.71,-38.676],[146.724,-38.678]]],[[[146.71,-38.676],[146.698,-38.692],[146.712,-38.68],[146.71,-38.676]]],[[[146.812,-38.658],[146.8,-38.656],[146.794,-38.666],[146.806,-38.66],[146.812,-38.658]]],[[[146.684,-38.678],[146.68,-38.688],[146.682,-38.686],[146.684,-38.678]]],[[[146.758,-38.674],[146.758,-38.672],[146.756,-38.676],[146.758,-38.674]]],[[[146.82,-38.648],[146.882,-38.616],[146.832,-38.618],[146.826,-38.62],[146.824,-38.616],[146.824,-38.612],[146.802,-38.624],[146.808,-38.648],[146.812,-38.648],[146.822,-38.65],[146.82,-38.648]]],[[[146.852,-38.656],[146.834,-38.676],[146.88,-38.638],[146.864,-38.638],[146.85,-38.65],[146.848,-38.65],[146.846,-38.652],[146.844,-38.652],[146.842,-38.652],[146.842,-38.654],[146.842,-38.652],[146.84,-38.652],[146.836,-38.656],[146.852,-38.656]]]]}},{"type":"Feature","id":"26890","properties":{"id":"26890","name":"West Wimmera","regionAbbrev":"AUVIC","ste":"2"},"geometry":{"type":"Polygon","coordinates":[[[141.432,-37.372],[141.432,-37.298],[141.526,-37.29],[141.502,-37.256],[141.512,-37.21],[141.58,-37.184],[141.674,-37.152],[141.716,-37.184],[141.72,-37.184],[141.728,-37.182],[141.742,-37.176],[141.754,-37.174],[141.776,-37.176],[141.774,-37.092],[141.792,-36.98],[141.658,-36.956],[141.67,-36.884],[141.708,-36.884],[141.742,-36.652],[141.816,-36.66],[141.838,-36.554],[141.474,-36.53],[141.498,-36.372],[141.38,-36.36],[141.404,-36.206],[141.228,-36.188],[141.254,-35.996],[141.38,-36.004],[141.33,-35.748],[140.964,-35.748],[140.97,-36.668],[140.972,-37.178],[140.974,-37.358],[141.098,-37.45],[141.168,-37.42],[141.264,-37.43],[141.272,-37.402],[141.22,-37.358],[141.432,-37.372]]]}},{"type":"Feature","id":"26980","properties":{"id":"26980","name":"Whitehorse","regionAbbrev":"AUVIC","ste":"2"},"geometry":{"type":"Polygon","coordinates":[[[145.096,-37.852],[145.196,-37.864],[145.198,-37.864],[145.2,-37.86],[145.206,-37.856],[145.208,-37.856],[145.208,-37.854],[145.206,-37.854],[145.208,-37.852],[145.21,-37.852],[145.21,-37.85],[145.21,-37.848],[145.212,-37.846],[145.21,-37.846],[145.214,-37.84],[145.214,-37.812],[145.208,-37.806],[145.206,-37.806],[145.178,-37.804],[145.172,-37.802],[145.17,-37.802],[145.168,-37.802],[145.16,-37.8],[145.158,-37.8],[145.144,-37.796],[145.11,-37.792],[145.108,-37.792],[145.106,-37.792],[145.096,-37.852]]]}},{"type":"Feature","id":"27070","properties":{"id":"27070","name":"Whittlesea","regionAbbrev":"AUVIC","ste":"2"},"geometry":{"type":"Polygon","coordinates":[[[145.076,-37.686],[145.102,-37.684],[145.104,-37.682],[145.092,-37.68],[145.084,-37.676],[145.086,-37.67],[145.104,-37.66],[145.108,-37.658],[145.104,-37.652],[145.104,-37.64],[145.236,-37.498],[145.24,-37.488],[145.222,-37.472],[145.188,-37.422],[145.112,-37.402],[145.074,-37.45],[145.002,-37.442],[144.998,-37.508],[144.998,-37.51],[144.978,-37.514],[144.976,-37.516],[144.974,-37.526],[144.976,-37.528],[144.974,-37.534],[144.966,-37.574],[144.964,-37.574],[144.958,-37.588],[144.954,-37.6],[144.952,-37.61],[144.954,-37.622],[144.956,-37.626],[144.958,-37.632],[144.974,-37.676],[144.974,-37.68],[144.972,-37.69],[145.058,-37.7],[145.068,-37.686],[145.076,-37.686]]]}},{"type":"Feature","id":"27170","properties":{"id":"27170","name":"Wodonga","regionAbbrev":"AUVIC","ste":"2"},"geometry":{"type":"Polygon","coordinates":[[[146.818,-36.066],[146.814,-36.064],[146.73,-36.03],[146.728,-36.03],[146.708,-36.126],[146.776,-36.128],[146.824,-36.258],[146.998,-36.226],[146.998,-36.222],[146.996,-36.222],[146.998,-36.22],[147,-36.218],[147.074,-36.19],[147.036,-36.114],[146.964,-36.08],[146.952,-36.094],[146.942,-36.116],[146.882,-36.086],[146.876,-36.08],[146.818,-36.066]]]}},{"type":"Feature","id":"27260","properties":{"id":"27260","name":"Wyndham","regionAbbrev":"AUVIC","ste":"2"},"geometry":{"type":"Polygon","coordinates":[[[144.752,-37.81],[144.478,-37.78],[144.444,-37.864],[144.484,-37.902],[144.482,-37.922],[144.482,-37.924],[144.478,-37.938],[144.48,-37.944],[144.496,-37.974],[144.51,-37.978],[144.55,-37.976],[144.564,-37.986],[144.566,-37.986],[144.568,-37.986],[144.592,-38.004],[144.742,-37.94],[144.798,-37.908],[144.798,-37.906],[144.798,-37.904],[144.802,-37.898],[144.804,-37.894],[144.762,-37.866],[144.828,-37.822],[144.752,-37.81]]]}},{"type":"Feature","id":"27350","properties":{"id":"27350","name":"Yarra","regionAbbrev":"AUVIC","ste":"2"},"geometry":{"type":"Polygon","coordinates":[[[145.036,-37.778],[144.998,-37.786],[144.99,-37.776],[144.962,-37.778],[144.988,-37.83],[145.026,-37.834],[145.01,-37.81],[145.04,-37.784],[145.038,-37.782],[145.038,-37.78],[145.036,-37.778]]]}},{"type":"Feature","id":"27450","properties":{"id":"27450","name":"Yarra Ranges","regionAbbrev":"AUVIC","ste":"2"},"geometry":{"type":"Polygon","coordinates":[[[146.19,-37.586],[146.192,-37.58],[146.186,-37.534],[145.884,-37.526],[145.838,-37.532],[145.678,-37.624],[145.6,-37.566],[145.562,-37.592],[145.418,-37.526],[145.366,-37.544],[145.332,-37.676],[145.32,-37.706],[145.312,-37.708],[145.312,-37.712],[145.294,-37.712],[145.29,-37.762],[145.306,-37.776],[145.308,-37.782],[145.308,-37.79],[145.318,-37.844],[145.34,-37.858],[145.328,-37.866],[145.318,-37.864],[145.306,-37.888],[145.294,-37.964],[145.38,-37.974],[145.382,-37.974],[145.384,-37.972],[145.384,-37.93],[145.44,-37.91],[145.512,-37.896],[145.526,-37.882],[145.526,-37.88],[145.528,-37.88],[145.526,-37.86],[145.532,-37.866],[145.626,-37.918],[145.686,-37.88],[145.766,-37.898],[145.818,-37.858],[145.804,-37.814],[145.848,-37.798],[145.926,-37.83],[145.944,-37.758],[146.07,-37.766],[146.13,-37.788],[146.16,-37.762],[146.13,-37.648],[146.172,-37.596],[146.19,-37.586]]]}},{"type":"Feature","id":"27630","properties":{"id":"27630","name":"Yarriambiack","regionAbbrev":"AUVIC","ste":"2"},"geometry":{"type":"Polygon","coordinates":[[[142.536,-35.302],[142.196,-35.312],[142.174,-35.376],[142.208,-35.45],[142.142,-35.48],[141.998,-35.464],[141.998,-35.498],[141.998,-35.866],[142.24,-35.868],[142.24,-35.998],[142.168,-35.998],[142.166,-36.432],[142.406,-36.448],[142.396,-36.506],[142.37,-36.646],[142.418,-36.708],[142.418,-36.71],[142.456,-36.73],[142.464,-36.736],[142.472,-36.76],[142.732,-36.76],[142.714,-36.72],[142.816,-36.572],[142.732,-36.55],[142.732,-36.498],[142.818,-36.46],[142.8,-36.408],[142.732,-36.404],[142.732,-36.102],[142.604,-36.12],[142.6,-35.932],[142.602,-35.736],[142.722,-35.736],[142.722,-35.474],[142.544,-35.476],[142.536,-35.302]]]}},{"type":"Feature","id":"29399","properties":{"id":"29399","name":"Unincorporated Vic","regionAbbrev":"AUVIC","ste":"2"},"geometry":{"type":"MultiPolygon","coordinates":[[[[147.29,-36.874],[147.246,-36.844],[147.246,-36.882],[147.29,-36.874]]],[[[147.198,-37.022],[147.136,-36.958],[147.062,-37.004],[147.144,-36.984],[147.198,-37.022]]],[[[146.398,-37.106],[146.396,-37.11],[146.44,-37.118],[146.432,-37.164],[146.498,-37.148],[146.514,-37.15],[146.514,-37.144],[146.51,-37.134],[146.512,-37.134],[146.52,-37.126],[146.52,-37.124],[146.53,-37.106],[146.524,-37.104],[146.514,-37.118],[146.448,-37.106],[146.398,-37.106]]],[[[145.838,-37.532],[145.884,-37.526],[145.88,-37.512],[145.866,-37.522],[145.848,-37.516],[145.838,-37.532]]],[[[145.284,-38.324],[145.278,-38.378],[145.276,-38.378],[145.272,-38.382],[145.274,-38.384],[145.276,-38.394],[145.268,-38.402],[145.278,-38.394],[145.306,-38.4],[145.354,-38.42],[145.504,-38.352],[145.402,-38.306],[145.4,-38.306],[145.29,-38.294],[145.288,-38.3],[145.288,-38.302],[145.29,-38.304],[145.288,-38.304],[145.288,-38.308],[145.284,-38.322],[145.284,-38.324]]],[[[149.906,-37.562],[149.906,-37.566],[149.912,-37.568],[149.912,-37.57],[149.914,-37.57],[149.918,-37.566],[149.916,-37.558],[149.912,-37.552],[149.908,-37.55],[149.91,-37.556],[149.908,-37.558],[149.906,-37.56],[149.906,-37.562]]],[[[141.998,-38.422],[142.01,-38.412],[142.006,-38.412],[141.998,-38.422]]]]}},{"type":"Feature","id":"30250","properties":{"id":"30250","name":"Aurukun","regionAbbrev":"AUQLD","ste":"3"},"geometry":{"type":"MultiPolygon","coordinates":[[[[141.848,-12.942],[141.744,-12.998],[141.842,-13.306],[141.814,-13.356],[141.752,-13.356],[141.754,-13.286],[141.692,-13.24],[141.524,-13.572],[141.468,-13.864],[141.476,-13.946],[141.598,-14.104],[141.594,-14.16],[141.62,-14.226],[141.67,-14.25],[141.672,-14.25],[141.742,-14.274],[141.842,-14.35],[141.878,-14.426],[142,-14.464],[141.992,-13.998],[141.926,-13.82],[141.938,-13.732],[142.044,-13.568],[142.114,-13.288],[142.082,-13.138],[142.168,-12.764],[142.11,-12.74],[142.07,-12.786],[142.01,-12.858],[141.912,-12.748],[141.908,-12.764],[141.87,-12.874],[141.848,-12.942]]],[[[142.186,-12.612],[142.172,-12.562],[142.13,-12.566],[142.186,-12.612]]],[[[141.766,-12.808],[141.804,-12.746],[141.84,-12.688],[141.804,-12.678],[141.766,-12.808]]]]}},{"type":"Feature","id":"30300","properties":{"id":"30300","name":"Balonne","regionAbbrev":"AUQLD","ste":"3"},"geometry":{"type":"Polygon","coordinates":[[[147.946,-28.998],[148.958,-28.998],[148.964,-28.992],[149.034,-28.952],[149.044,-28.936],[149.056,-28.9],[148.982,-28.82],[148.988,-28.664],[148.92,-28.656],[148.96,-28.288],[149.042,-28.186],[149.406,-28.228],[149.458,-27.992],[149.496,-27.754],[149.424,-27.75],[149.428,-27.702],[149.186,-27.676],[149.19,-27.642],[149.052,-27.626],[149.042,-27.582],[149.002,-27.632],[148.836,-27.614],[148.84,-27.576],[148.726,-27.578],[148.742,-27.692],[148.584,-27.674],[148.592,-27.624],[148.416,-27.596],[148.284,-27.682],[148.184,-27.612],[148.096,-27.668],[148.056,-27.624],[148.012,-27.654],[148.018,-27.6],[147.918,-27.588],[147.916,-27.628],[147.65,-27.626],[147.638,-27.71],[147.584,-27.706],[147.562,-27.844],[147.448,-27.83],[147.444,-27.886],[147.292,-27.868],[147.286,-27.902],[147.124,-27.898],[147.106,-27.994],[146.99,-27.99],[146.926,-28.282],[146.916,-28.354],[146.968,-28.36],[146.964,-28.506],[146.864,-28.854],[146.954,-28.86],[146.946,-28.998],[147.946,-28.998]]]}},{"type":"Feature","id":"30370","properties":{"id":"30370","name":"Banana","regionAbbrev":"AUQLD","ste":"3"},"geometry":{"type":"Polygon","coordinates":[[[149.926,-23.9],[149.882,-23.968],[149.844,-23.954],[149.85,-24.004],[149.794,-24.052],[149.842,-24.154],[149.652,-24.166],[149.74,-24.324],[149.788,-24.544],[149.74,-24.54],[149.734,-24.656],[149.61,-24.784],[149.612,-24.888],[149.586,-24.888],[149.578,-24.78],[149.534,-24.776],[149.448,-24.91],[149.452,-25],[149.336,-24.986],[149.324,-25.016],[149.282,-25.01],[149.274,-25.064],[149.182,-25.004],[149.17,-25.096],[149.106,-25.126],[149.074,-25.11],[149.102,-25.058],[149.058,-24.978],[149.038,-24.878],[148.938,-24.836],[148.862,-24.894],[148.816,-25.002],[148.88,-25.228],[148.934,-25.232],[148.926,-25.264],[148.98,-25.31],[148.95,-25.328],[148.98,-25.374],[148.938,-25.458],[149.024,-25.56],[148.986,-25.612],[149.02,-25.604],[149.066,-25.646],[148.974,-25.712],[148.94,-25.684],[148.902,-25.76],[148.962,-25.79],[149.032,-25.77],[149.028,-25.802],[149.108,-25.87],[149.098,-25.948],[149.304,-25.966],[149.398,-25.876],[149.484,-25.892],[149.478,-25.934],[149.576,-25.944],[149.586,-25.886],[149.65,-25.894],[149.736,-25.85],[149.772,-25.906],[149.772,-25.852],[149.898,-25.814],[150.022,-25.864],[150.056,-25.812],[150.098,-25.794],[150.156,-25.82],[150.174,-25.78],[150.39,-25.814],[150.426,-25.774],[150.438,-25.606],[150.402,-25.598],[150.402,-25.502],[150.37,-25.476],[150.472,-25.19],[150.558,-25.162],[150.58,-25.112],[150.54,-24.96],[150.606,-24.798],[150.588,-24.73],[150.656,-24.692],[150.874,-24.722],[150.912,-24.65],[150.82,-24.604],[150.826,-24.554],[150.974,-24.576],[150.984,-24.472],[150.938,-24.402],[150.862,-24.41],[150.862,-24.354],[150.77,-24.354],[150.814,-24.18],[150.724,-24.138],[150.702,-23.988],[150.62,-23.904],[150.604,-23.834],[150.464,-23.854],[150.412,-23.814],[150.322,-23.824],[150.262,-23.666],[150.13,-23.654],[150.082,-23.666],[150.068,-23.712],[149.998,-23.714],[149.986,-23.754],[150.068,-23.882],[149.926,-23.9]]]}},{"type":"Feature","id":"30410","properties":{"id":"30410","name":"Barcaldine","regionAbbrev":"AUQLD","ste":"3"},"geometry":{"type":"Polygon","coordinates":[[[143.614,-22.538],[143.776,-22.564],[143.888,-22.496],[143.942,-22.592],[144.176,-22.594],[144.168,-22.624],[144.24,-22.632],[144.244,-22.6],[144.504,-22.606],[144.5,-22.658],[144.594,-22.694],[144.474,-22.922],[144.482,-22.968],[144.864,-23.006],[144.852,-23.108],[144.906,-23.114],[144.918,-23.29],[144.91,-23.348],[144.872,-23.362],[144.87,-23.524],[144.796,-23.518],[144.776,-23.69],[144.826,-23.696],[144.788,-23.936],[144.796,-23.998],[144.884,-24.006],[144.842,-24.032],[144.968,-24.072],[145.012,-24.138],[145.628,-24.152],[145.612,-24.014],[145.7,-24.006],[145.708,-23.934],[145.758,-23.94],[145.772,-23.812],[145.956,-23.826],[145.946,-24.006],[146.008,-24.014],[146.058,-23.964],[146.142,-23.972],[146.13,-24.162],[146.26,-24.154],[146.258,-24.242],[146.394,-24.254],[146.388,-24.312],[146.428,-24.352],[146.588,-24.442],[146.574,-24.412],[146.69,-24.374],[146.73,-24.418],[146.802,-24.406],[146.936,-24.29],[146.956,-24.164],[147.184,-24.086],[147.164,-23.972],[147.242,-23.902],[147.198,-23.608],[147.22,-23.55],[147.284,-23.524],[147.25,-23.45],[147.288,-23.35],[147.162,-23.34],[147.076,-23.306],[147.08,-23.28],[146.976,-23.262],[146.94,-23.26],[146.934,-23.314],[146.856,-23.304],[146.884,-23.218],[146.79,-23.128],[146.754,-22.984],[146.646,-22.882],[146.56,-22.876],[146.526,-22.804],[146.548,-22.768],[146.402,-22.756],[146.452,-22.498],[146.27,-22.508],[146.276,-22.462],[146.11,-22.446],[146.122,-22.346],[146.052,-22.338],[146.074,-22.122],[146.032,-22.104],[145.662,-22.04],[145.668,-21.932],[145.628,-21.926],[145.678,-21.668],[145.534,-21.658],[145.53,-21.702],[145.436,-21.692],[145.418,-21.846],[145.166,-21.784],[145.154,-21.898],[145.076,-21.89],[145.082,-21.942],[144.956,-21.93],[144.944,-22.058],[144.802,-22.044],[144.796,-22.098],[144.752,-22.094],[144.74,-22.212],[144.502,-22.186],[144.358,-22.348],[144.304,-22.306],[144.16,-22.296],[144.166,-22.224],[143.844,-22.202],[143.834,-22.314],[143.586,-22.482],[143.614,-22.538]]]}},{"type":"Feature","id":"30450","properties":{"id":"30450","name":"Barcoo","regionAbbrev":"AUQLD","ste":"3"},"geometry":{"type":"Polygon","coordinates":[[[142.146,-23.7],[142.1,-24.094],[142.024,-24.168],[141.92,-24.056],[141.806,-24.154],[141.966,-24.31],[141.864,-24.402],[141.964,-24.53],[141.732,-24.636],[141.524,-24.584],[141.43,-24.484],[141.376,-24.482],[141.362,-24.628],[141.24,-24.724],[141.242,-24.686],[140.84,-24.668],[140.884,-24.694],[140.874,-24.842],[140.814,-24.838],[140.802,-24.986],[140.88,-24.992],[140.86,-25.222],[140.7,-25.204],[140.676,-25.464],[140.774,-25.472],[140.824,-25.524],[140.88,-25.466],[140.914,-25.526],[140.898,-25.68],[140.938,-25.716],[140.91,-25.996],[141,-25.996],[141,-26.762],[141.124,-26.774],[141.134,-26.696],[141.214,-26.704],[141.22,-26.662],[141.544,-26.676],[141.584,-26.722],[141.826,-26.748],[141.806,-26.624],[141.706,-26.394],[141.706,-26.388],[141.72,-26.35],[141.798,-26.35],[142.076,-26.384],[142.114,-26.282],[142.12,-26.272],[142.148,-26.212],[142.202,-25.812],[142.442,-25.724],[142.572,-25.606],[142.904,-25.668],[142.886,-25.814],[142.972,-25.822],[142.984,-25.718],[143.2,-25.736],[143.21,-25.624],[143.448,-25.652],[143.454,-25.598],[143.418,-25.594],[143.438,-25.374],[143.594,-25.282],[143.752,-25.378],[143.804,-25.486],[143.922,-25.494],[144.014,-25.582],[144.106,-25.516],[144.226,-25.254],[144.196,-25.164],[144.254,-25.116],[144.182,-25.036],[144.15,-25.06],[143.896,-24.802],[143.664,-25.016],[143.61,-24.952],[143.56,-25.012],[143.428,-24.872],[143.606,-24.732],[143.536,-24.642],[143.72,-24.508],[143.758,-24.546],[143.77,-24.446],[143.694,-24.44],[143.744,-24.186],[143.63,-24.176],[143.638,-24.118],[143.464,-24.1],[143.46,-24.13],[143.374,-24.12],[143.298,-24.278],[143.1,-24.268],[143.104,-24.138],[143.04,-24.134],[143.07,-23.878],[142.934,-23.866],[142.95,-23.708],[142.878,-23.702],[142.456,-23.666],[142.458,-23.616],[142.396,-23.614],[142.398,-23.586],[142.16,-23.57],[142.146,-23.7]]]}},{"type":"Feature","id":"30760","properties":{"id":"30760","name":"Blackall Tambo","regionAbbrev":"AUQLD","ste":"3"},"geometry":{"type":"Polygon","coordinates":[[[144.842,-24.032],[144.804,-24.066],[144.79,-24.22],[144.7,-24.21],[144.656,-24.632],[144.686,-24.648],[144.682,-24.678],[144.718,-24.682],[144.698,-24.83],[144.804,-24.84],[144.796,-24.912],[144.862,-24.918],[144.846,-24.984],[144.9,-25.038],[144.996,-25.008],[144.97,-25.184],[144.87,-25.258],[145.062,-25.276],[145.054,-25.332],[145.284,-25.358],[145.25,-25.478],[145.326,-25.446],[145.462,-25.504],[145.55,-25.51],[145.494,-25.746],[145.584,-25.754],[145.674,-25.608],[145.75,-25.616],[145.746,-25.692],[145.946,-25.72],[145.968,-25.636],[145.94,-25.488],[145.978,-25.488],[145.972,-25.568],[146.172,-25.588],[146.216,-25.274],[146.51,-25.334],[146.496,-25.304],[146.566,-25.308],[146.576,-25.174],[146.758,-25.188],[146.738,-25.358],[146.88,-25.22],[146.938,-25.21],[146.946,-25.148],[147.002,-25.152],[147.008,-25.074],[147.094,-25.068],[147.066,-24.99],[147.098,-25.002],[147.136,-24.958],[147.182,-24.992],[147.238,-24.986],[147.296,-24.896],[147.138,-24.882],[147.092,-24.814],[146.904,-24.804],[146.882,-24.762],[146.942,-24.704],[146.886,-24.596],[146.758,-24.662],[146.668,-24.59],[146.588,-24.442],[146.428,-24.352],[146.388,-24.312],[146.394,-24.254],[146.258,-24.242],[146.26,-24.154],[146.13,-24.162],[146.142,-23.972],[146.058,-23.964],[146.008,-24.014],[145.946,-24.006],[145.956,-23.826],[145.772,-23.812],[145.758,-23.94],[145.708,-23.934],[145.7,-24.006],[145.612,-24.014],[145.628,-24.152],[145.012,-24.138],[144.968,-24.072],[144.842,-24.032]]]}},{"type":"Feature","id":"30900","properties":{"id":"30900","name":"Boulia","regionAbbrev":"AUQLD","ste":"3"},"geometry":{"type":"Polygon","coordinates":[[[137.998,-21.928],[138,-23.52],[138.464,-23.554],[138.592,-23.462],[138.67,-23.54],[138.826,-23.546],[139.076,-23.306],[139.124,-23.352],[139.176,-23.31],[139.34,-23.474],[139.296,-23.51],[139.476,-23.52],[139.464,-23.67],[139.894,-23.694],[139.864,-23.628],[139.936,-23.576],[139.938,-23.486],[140.356,-23.526],[140.342,-23.418],[140.664,-23.156],[140.76,-23.222],[140.83,-23.17],[141.046,-22.948],[140.986,-22.894],[141.122,-22.804],[141.092,-22.618],[141.146,-22.632],[141.2,-22.598],[141.08,-22.466],[141.254,-22.32],[141.184,-22.25],[140.926,-22.234],[140.93,-22.182],[140.848,-22.16],[140.708,-22.334],[140.532,-22.134],[140.37,-22.29],[140.364,-22.374],[140.042,-22.326],[140.062,-22.254],[139.886,-22.242],[139.842,-22.17],[139.758,-22.162],[139.75,-22.228],[139.628,-22.22],[139.624,-22.29],[139.49,-22.282],[139.494,-22.242],[139.39,-22.234],[139.496,-22.144],[139.318,-21.986],[139.354,-21.958],[139.268,-21.872],[139.324,-21.726],[139.234,-21.632],[139.238,-21.502],[139.374,-21.394],[139.378,-21.272],[139.536,-21.276],[139.554,-20.9],[139.396,-20.892],[139.398,-20.968],[139.13,-20.96],[139.042,-20.864],[138.686,-21.146],[138.53,-21.314],[138.49,-21.312],[138.364,-21.176],[138.42,-21.128],[138.316,-21.02],[138.342,-20.998],[138.178,-20.998],[138.16,-21.204],[137.998,-21.194],[137.998,-21.928]]]}},{"type":"Feature","id":"31000","properties":{"id":"31000","name":"Brisbane","regionAbbrev":"AUQLD","ste":"3"},"geometry":{"type":"MultiPolygon","coordinates":[[[[153.066,-27.28],[152.996,-27.308],[153,-27.312],[153.002,-27.316],[153.002,-27.318],[153.002,-27.32],[152.982,-27.344],[152.988,-27.358],[152.976,-27.4],[152.948,-27.408],[152.942,-27.404],[152.94,-27.402],[152.85,-27.422],[152.776,-27.392],[152.75,-27.318],[152.748,-27.318],[152.68,-27.372],[152.738,-27.372],[152.742,-27.472],[152.73,-27.496],[152.764,-27.52],[152.744,-27.566],[152.844,-27.53],[152.856,-27.596],[152.89,-27.59],[152.892,-27.592],[152.892,-27.594],[152.898,-27.602],[152.9,-27.602],[152.902,-27.602],[152.908,-27.604],[152.942,-27.626],[153.034,-27.66],[153.096,-27.64],[153.106,-27.592],[153.176,-27.606],[153.182,-27.574],[153.184,-27.542],[153.194,-27.516],[153.196,-27.51],[153.186,-27.5],[153.198,-27.474],[153.172,-27.432],[153.172,-27.43],[153.17,-27.426],[153.172,-27.418],[153.174,-27.408],[153.17,-27.402],[153.166,-27.4],[153.132,-27.426],[153.102,-27.448],[153.072,-27.446],[153.062,-27.442],[153.054,-27.452],[153.058,-27.472],[153.052,-27.476],[153.044,-27.478],[153.034,-27.464],[153.028,-27.482],[153.016,-27.468],[153.016,-27.47],[152.998,-27.484],[152.998,-27.49],[153.004,-27.49],[153.024,-27.498],[152.996,-27.524],[152.978,-27.508],[152.972,-27.506],[152.968,-27.516],[152.974,-27.526],[152.972,-27.532],[152.976,-27.538],[152.974,-27.544],[152.966,-27.544],[152.954,-27.53],[152.928,-27.528],[152.94,-27.524],[152.956,-27.53],[152.968,-27.544],[152.974,-27.542],[152.972,-27.536],[152.97,-27.536],[152.966,-27.51],[152.97,-27.504],[152.974,-27.504],[152.976,-27.504],[152.986,-27.512],[153.01,-27.504],[153.01,-27.502],[153,-27.492],[152.996,-27.488],[152.998,-27.48],[153.012,-27.468],[153.022,-27.47],[153.028,-27.478],[153.034,-27.462],[153.046,-27.474],[153.056,-27.468],[153.048,-27.448],[153.048,-27.442],[153.108,-27.442],[153.146,-27.404],[153.156,-27.362],[153.094,-27.34],[153.092,-27.338],[153.09,-27.336],[153.088,-27.336],[153.088,-27.334],[153.086,-27.334],[153.066,-27.28]]],[[[153.19,-27.402],[153.184,-27.394],[153.19,-27.344],[153.166,-27.4],[153.178,-27.396],[153.188,-27.402],[153.19,-27.402]]],[[[153.4,-27.036],[153.362,-27.06],[153.362,-27.138],[153.41,-27.306],[153.422,-27.332],[153.422,-27.342],[153.428,-27.364],[153.418,-27.214],[153.468,-27.038],[153.46,-27.026],[153.418,-27.032],[153.43,-27.034],[153.398,-27.046],[153.398,-27.044],[153.406,-27.04],[153.39,-27.046],[153.4,-27.036]]]]}},{"type":"Feature","id":"31750","properties":{"id":"31750","name":"Bulloo","regionAbbrev":"AUQLD","ste":"3"},"geometry":{"type":"Polygon","coordinates":[[[144.48,-28.998],[144.464,-28.946],[144.582,-28.91],[144.626,-28.818],[144.692,-28.79],[144.612,-28.74],[144.67,-28.58],[144.596,-28.566],[144.644,-28.354],[144.564,-28.346],[144.574,-28.268],[144.82,-28.29],[144.83,-28.216],[144.776,-28.21],[144.78,-28.174],[144.636,-28.16],[144.65,-28.056],[144.592,-28.05],[144.602,-27.974],[144.292,-27.926],[144.322,-27.652],[143.968,-27.626],[143.836,-27.456],[143.72,-27.368],[143.72,-27.398],[143.58,-27.38],[143.588,-27.322],[143.518,-27.294],[142.866,-27.234],[142.888,-27.116],[142.422,-26.79],[141.826,-26.748],[141.584,-26.722],[141.544,-26.676],[141.22,-26.662],[141.214,-26.704],[141.134,-26.696],[141.124,-26.774],[141,-26.762],[141,-28.998],[142.7,-28.998],[144.394,-28.998],[144.48,-28.998]]]}},{"type":"Feature","id":"31820","properties":{"id":"31820","name":"Bundaberg","regionAbbrev":"AUQLD","ste":"3"},"geometry":{"type":"Polygon","coordinates":[[[152.354,-24.732],[152.344,-24.74],[152.344,-24.738],[152.346,-24.738],[152.3,-24.724],[152.046,-24.526],[152,-24.516],[151.96,-24.586],[151.99,-24.59],[151.958,-24.616],[151.992,-24.68],[151.962,-24.676],[151.844,-24.792],[151.79,-24.74],[151.752,-24.736],[151.746,-24.772],[151.678,-24.694],[151.644,-24.73],[151.532,-24.696],[151.542,-24.616],[151.478,-24.536],[151.342,-24.648],[151.348,-24.728],[151.432,-24.706],[151.434,-24.836],[151.546,-24.832],[151.576,-24.882],[151.572,-24.932],[151.526,-24.952],[151.566,-25.05],[151.544,-25.096],[151.65,-25.116],[151.744,-25.074],[151.824,-25.186],[151.86,-25.142],[151.92,-25.158],[151.894,-25.234],[151.862,-25.302],[151.88,-25.36],[151.966,-25.28],[152.026,-25.272],[152.078,-25.32],[152.168,-25.336],[152.182,-25.38],[152.274,-25.43],[152.406,-25.334],[152.452,-25.228],[152.548,-25.204],[152.556,-25.172],[152.634,-25.152],[152.544,-25.078],[152.536,-25.082],[152.532,-25.08],[152.548,-25.068],[152.488,-24.966],[152.492,-24.92],[152.494,-24.916],[152.488,-24.894],[152.49,-24.882],[152.484,-24.862],[152.482,-24.862],[152.478,-24.848],[152.476,-24.846],[152.478,-24.846],[152.474,-24.834],[152.464,-24.814],[152.464,-24.812],[152.458,-24.808],[152.458,-24.806],[152.39,-24.76],[152.386,-24.762],[152.38,-24.778],[152.378,-24.768],[152.384,-24.758],[152.384,-24.756],[152.396,-24.75],[152.378,-24.73],[152.354,-24.732],[152.35,-24.732],[152.354,-24.732]]]}},{"type":"Feature","id":"31900","properties":{"id":"31900","name":"Burdekin","regionAbbrev":"AUQLD","ste":"3"},"geometry":{"type":"Polygon","coordinates":[[[147.07,-19.444],[147.034,-19.406],[147.004,-19.596],[147.03,-19.624],[147.022,-19.714],[146.93,-19.782],[146.916,-19.898],[146.882,-19.898],[146.932,-19.974],[146.886,-20.036],[147.016,-20.142],[147.004,-20.194],[147.048,-20.17],[147.104,-20.202],[147.11,-20.26],[147.2,-20.374],[147.348,-20.396],[147.3,-20.314],[147.274,-20.028],[147.304,-20.014],[147.386,-20.086],[147.468,-20.096],[147.492,-19.87],[147.536,-19.818],[147.538,-19.814],[147.55,-19.812],[147.664,-19.81],[147.6,-19.754],[147.618,-19.68],[147.582,-19.636],[147.58,-19.624],[147.484,-19.456],[147.482,-19.454],[147.482,-19.452],[147.484,-19.45],[147.482,-19.446],[147.48,-19.444],[147.476,-19.436],[147.45,-19.358],[147.448,-19.356],[147.412,-19.312],[147.41,-19.31],[147.408,-19.31],[147.406,-19.31],[147.402,-19.308],[147.4,-19.306],[147.398,-19.306],[147.398,-19.308],[147.4,-19.308],[147.402,-19.308],[147.402,-19.31],[147.404,-19.31],[147.406,-19.312],[147.418,-19.32],[147.418,-19.326],[147.416,-19.326],[147.418,-19.328],[147.442,-19.42],[147.366,-19.418],[147.354,-19.418],[147.352,-19.418],[147.348,-19.418],[147.328,-19.414],[147.32,-19.41],[147.278,-19.422],[147.262,-19.426],[147.262,-19.428],[147.162,-19.406],[147.162,-19.404],[147.162,-19.406],[147.16,-19.406],[147.12,-19.41],[147.112,-19.444],[147.07,-19.444]]]}},{"type":"Feature","id":"31950","properties":{"id":"31950","name":"Burke","regionAbbrev":"AUQLD","ste":"3"},"geometry":{"type":"Polygon","coordinates":[[[137.996,-17.61],[137.996,-18.178],[138.238,-18.194],[138.194,-18.776],[138.476,-18.824],[138.53,-18.882],[138.604,-18.816],[138.686,-18.84],[138.734,-18.75],[138.704,-18.734],[138.768,-18.672],[138.916,-18.83],[138.988,-18.77],[139.078,-18.866],[138.986,-18.904],[139.05,-18.964],[139.158,-18.874],[139.224,-18.914],[139.158,-19.04],[139.21,-19.084],[139.206,-19.138],[139.552,-19.166],[139.514,-19.438],[139.786,-19.46],[139.778,-19.578],[140.066,-19.566],[140.018,-19.274],[139.934,-19.146],[139.942,-19.058],[139.912,-19.026],[139.89,-18.968],[139.826,-18.932],[139.764,-18.76],[139.762,-18.692],[139.868,-18.496],[139.894,-18.196],[139.816,-18.058],[139.816,-17.978],[139.774,-17.952],[139.816,-17.932],[139.752,-17.912],[139.752,-17.804],[139.8,-17.724],[139.78,-17.694],[139.818,-17.698],[139.776,-17.648],[139.82,-17.636],[139.794,-17.578],[139.646,-17.536],[139.478,-17.4],[139.442,-17.418],[139.418,-17.374],[139.306,-17.364],[139.234,-17.316],[139.148,-17.114],[139.158,-17.028],[139.11,-17.008],[139.086,-17.01],[139.08,-17.09],[138.87,-16.938],[138.876,-16.874],[138.63,-16.768],[138.48,-16.784],[138.322,-16.748],[138.12,-16.65],[137.996,-16.538],[137.996,-17.61]],[[138.674,-17.902],[138.578,-17.882],[138.602,-17.468],[138.738,-17.47],[138.904,-17.526],[138.878,-18.018],[138.846,-17.954],[138.674,-17.902]]]}},{"type":"Feature","id":"32080","properties":{"id":"32080","name":"Cairns","regionAbbrev":"AUQLD","ste":"3"},"geometry":{"type":"Polygon","coordinates":[[[145.622,-17.09],[145.722,-17.232],[145.774,-17.236],[145.802,-17.296],[145.782,-17.354],[145.836,-17.448],[145.836,-17.496],[145.88,-17.496],[145.948,-17.494],[145.956,-17.444],[146.032,-17.45],[146.058,-17.41],[146.062,-17.408],[146.06,-17.404],[146.074,-17.402],[146.012,-17.328],[145.966,-17.17],[145.926,-17.164],[145.88,-17.086],[145.854,-16.88],[145.854,-16.878],[145.82,-16.9],[145.8,-16.91],[145.798,-16.908],[145.78,-16.93],[145.78,-16.918],[145.766,-16.888],[145.77,-16.882],[145.77,-16.872],[145.724,-16.804],[145.63,-16.704],[145.618,-16.716],[145.674,-16.894],[145.622,-17.09]]]}},{"type":"Feature","id":"32250","properties":{"id":"32250","name":"Carpentaria","regionAbbrev":"AUQLD","ste":"3"},"geometry":{"type":"Polygon","coordinates":[[[139.912,-19.026],[140.306,-19.044],[140.304,-19.088],[140.51,-19.102],[140.516,-19.048],[140.634,-19.056],[140.67,-19.098],[140.712,-19.066],[140.818,-19.186],[140.906,-19.116],[140.922,-19.134],[141.106,-19.148],[141.096,-19.198],[141.418,-19.242],[141.412,-19.314],[141.61,-19.33],[141.642,-19.306],[141.692,-19.356],[141.754,-19.304],[141.81,-19.368],[141.908,-19.372],[141.906,-19.41],[142.034,-19.442],[142.16,-19.454],[142.168,-19.382],[142.374,-19.4],[142.402,-19.122],[142.16,-19.142],[142.178,-18.972],[141.942,-18.978],[141.932,-19.09],[141.772,-19.078],[141.76,-19.192],[141.616,-19.142],[141.692,-18.714],[141.364,-18.68],[141.37,-18.624],[141.3,-18.61],[141.304,-18.43],[141.182,-18.212],[141.138,-18.188],[141.132,-18.124],[141.192,-18.118],[141.2,-18.014],[141.396,-18.056],[141.394,-17.934],[141.466,-17.938],[141.468,-17.91],[141.304,-17.898],[141.318,-17.736],[141.434,-17.748],[141.438,-17.68],[141.378,-17.676],[141.422,-17.444],[141.73,-17.432],[141.726,-17.47],[141.838,-17.482],[141.786,-17.422],[141.898,-17.33],[142.012,-17.47],[142.058,-17.434],[142.178,-17.566],[142.266,-17.494],[142.268,-17.492],[142.174,-17.432],[142.342,-17.286],[142.402,-17.354],[142.542,-17.176],[142.422,-17.086],[142.508,-16.972],[142.596,-16.19],[142.638,-16.132],[142.7,-16.172],[142.742,-16.112],[142.712,-16.078],[142.622,-16.016],[142.632,-15.954],[142.696,-15.896],[142.706,-15.75],[142.77,-15.754],[142.78,-15.612],[142.882,-15.62],[142.894,-15.478],[142.95,-15.482],[142.962,-15.34],[142.664,-15.314],[142.65,-15.46],[142.24,-15.422],[142.094,-15.19],[142.026,-15.378],[141.968,-15.356],[141.94,-15.39],[141.996,-15.452],[141.974,-15.568],[141.628,-15.542],[141.558,-15.528],[141.486,-15.498],[141.41,-15.87],[141.374,-15.916],[141.434,-16.074],[141.286,-16.408],[141.296,-16.496],[141.204,-16.692],[141.082,-16.802],[141.06,-16.878],[140.97,-16.978],[140.904,-17.316],[140.828,-17.464],[140.378,-17.68],[140.016,-17.718],[139.938,-17.63],[139.794,-17.578],[139.82,-17.636],[139.776,-17.648],[139.818,-17.698],[139.78,-17.694],[139.8,-17.724],[139.752,-17.804],[139.752,-17.912],[139.816,-17.932],[139.774,-17.952],[139.816,-17.978],[139.816,-18.058],[139.894,-18.196],[139.868,-18.496],[139.762,-18.692],[139.764,-18.76],[139.826,-18.932],[139.89,-18.968],[139.912,-19.026]]]}},{"type":"Feature","id":"32260","properties":{"id":"32260","name":"Cassowary Coast","regionAbbrev":"AUQLD","ste":"3"},"geometry":{"type":"MultiPolygon","coordinates":[[[[145.836,-17.496],[145.716,-17.496],[145.74,-17.55],[145.708,-17.556],[145.682,-17.666],[145.674,-17.67],[145.674,-17.666],[145.642,-17.656],[145.652,-17.726],[145.578,-17.74],[145.574,-17.782],[145.628,-17.8],[145.636,-17.806],[145.686,-17.924],[145.626,-18],[145.654,-18.03],[145.642,-18.08],[145.706,-18.1],[145.686,-18.168],[145.752,-18.156],[145.782,-18.206],[145.784,-18.206],[145.816,-18.294],[145.718,-18.356],[145.758,-18.396],[145.812,-18.378],[145.824,-18.406],[145.882,-18.406],[145.948,-18.364],[145.968,-18.396],[146.086,-18.4],[146.12,-18.506],[146.196,-18.52],[146.23,-18.49],[146.016,-18.244],[146.008,-18.122],[146.102,-17.976],[146.12,-17.856],[146.092,-17.798],[146.15,-17.65],[146.07,-17.51],[146.048,-17.526],[146.028,-17.55],[146.034,-17.512],[146.078,-17.504],[146.074,-17.402],[146.06,-17.404],[146.062,-17.408],[146.058,-17.41],[146.032,-17.45],[145.956,-17.444],[145.948,-17.494],[145.88,-17.496],[145.836,-17.496]]],[[[146.158,-18.176],[146.192,-18.166],[146.162,-18.152],[146.158,-18.176]]],[[[146.172,-18.368],[146.146,-18.358],[146.18,-18.41],[146.172,-18.368]]],[[[146.15,-18.008],[146.154,-18.008],[146.156,-18.008],[146.152,-18.006],[146.152,-18],[146.152,-17.998],[146.142,-18.004],[146.146,-18.006],[146.148,-18.006],[146.148,-18.008],[146.15,-18.008]]],[[[146.248,-18.294],[146.128,-18.234],[146.072,-18.246],[146.202,-18.382],[146.222,-18.476],[146.306,-18.494],[146.36,-18.418],[146.276,-18.318],[146.306,-18.24],[146.25,-18.236],[146.224,-18.194],[146.248,-18.294]]]]}},{"type":"Feature","id":"32270","properties":{"id":"32270","name":"Central Highlands (Qld)","regionAbbrev":"AUQLD","ste":"3"},"geometry":{"type":"Polygon","coordinates":[[[149.986,-23.754],[149.892,-23.666],[149.894,-23.584],[149.754,-23.624],[149.74,-23.57],[149.802,-23.54],[149.758,-23.48],[149.702,-23.536],[149.616,-23.506],[149.616,-23.456],[149.736,-23.434],[149.768,-23.384],[149.746,-23.324],[149.71,-23.324],[149.722,-23.25],[149.678,-23.212],[149.714,-23.11],[149.674,-23.082],[149.48,-23.112],[149.486,-23.058],[149.428,-23.018],[149.416,-22.918],[149.37,-22.878],[149.33,-22.876],[149.198,-23.05],[149.048,-23.058],[148.974,-23.096],[149.008,-23.166],[148.926,-23.262],[148.856,-23.264],[148.866,-23.356],[148.824,-23.378],[148.782,-23.35],[148.75,-23.38],[148.714,-23.352],[148.672,-23.42],[148.706,-23.436],[148.636,-23.476],[148.62,-23.536],[148.536,-23.556],[148.57,-23.378],[148.504,-23.33],[148.624,-23.148],[148.562,-23.116],[148.586,-22.984],[148.544,-22.96],[148.542,-22.876],[148.458,-22.866],[148.326,-22.95],[148.276,-22.876],[148.372,-22.79],[148.344,-22.724],[148.24,-22.74],[148.232,-22.776],[148.178,-22.79],[148.064,-22.738],[148.014,-22.654],[147.986,-22.704],[147.912,-22.718],[147.896,-22.762],[147.798,-22.798],[147.702,-22.89],[147.686,-22.914],[147.682,-22.91],[147.682,-22.912],[147.622,-22.912],[147.606,-22.892],[147.554,-23.008],[147.504,-22.986],[147.52,-23.028],[147.478,-23.092],[147.354,-23.19],[147.262,-23.21],[147.288,-23.35],[147.25,-23.45],[147.284,-23.524],[147.22,-23.55],[147.198,-23.608],[147.242,-23.902],[147.164,-23.972],[147.184,-24.086],[146.956,-24.164],[146.936,-24.29],[146.802,-24.406],[146.73,-24.418],[146.69,-24.374],[146.574,-24.412],[146.588,-24.442],[146.668,-24.59],[146.758,-24.662],[146.886,-24.596],[146.942,-24.704],[146.882,-24.762],[146.904,-24.804],[147.092,-24.814],[147.138,-24.882],[147.296,-24.896],[147.322,-24.87],[147.484,-24.876],[147.508,-24.82],[147.58,-24.836],[147.758,-24.728],[147.824,-24.734],[147.952,-24.882],[148.056,-24.912],[148.094,-25.014],[148.162,-25.084],[148.236,-25.1],[148.306,-25.212],[148.412,-25.26],[148.568,-25.25],[148.666,-25.31],[148.744,-25.278],[148.726,-25.4],[148.834,-25.46],[148.938,-25.458],[148.98,-25.374],[148.95,-25.328],[148.98,-25.31],[148.926,-25.264],[148.934,-25.232],[148.88,-25.228],[148.816,-25.002],[148.862,-24.894],[148.938,-24.836],[149.038,-24.878],[149.058,-24.978],[149.102,-25.058],[149.074,-25.11],[149.106,-25.126],[149.17,-25.096],[149.182,-25.004],[149.274,-25.064],[149.282,-25.01],[149.324,-25.016],[149.336,-24.986],[149.452,-25],[149.448,-24.91],[149.534,-24.776],[149.578,-24.78],[149.586,-24.888],[149.612,-24.888],[149.61,-24.784],[149.734,-24.656],[149.74,-24.54],[149.788,-24.544],[149.74,-24.324],[149.652,-24.166],[149.842,-24.154],[149.794,-24.052],[149.85,-24.004],[149.844,-23.954],[149.882,-23.968],[149.926,-23.9],[150.068,-23.882],[149.986,-23.754]],[[149.498,-23.56],[149.504,-23.522],[149.532,-23.526],[149.528,-23.562],[149.498,-23.56]],[[149.76,-23.676],[149.718,-23.668],[149.716,-23.63],[149.764,-23.636],[149.76,-23.676]],[[149.37,-24.606],[149.41,-24.608],[149.382,-24.64],[149.324,-24.632],[149.322,-24.604],[149.37,-24.606]],[[149.496,-23.988],[149.494,-24.178],[149.374,-24.24],[149.352,-24.2],[149.496,-23.988]]]}},{"type":"Feature","id":"32310","properties":{"id":"32310","name":"Charters Towers","regionAbbrev":"AUQLD","ste":"3"},"geometry":{"type":"Polygon","coordinates":[[[146.032,-22.104],[146.072,-21.996],[146.202,-22.004],[146.212,-21.908],[146.118,-21.9],[146.128,-21.814],[146.07,-21.808],[146.094,-21.51],[146.348,-21.518],[146.396,-21.662],[146.484,-21.68],[146.492,-21.566],[146.834,-21.642],[146.836,-21.574],[146.904,-21.468],[146.88,-21.368],[146.966,-21.274],[146.866,-21.19],[146.85,-21.1],[146.884,-20.998],[146.852,-20.81],[146.96,-20.742],[146.98,-20.618],[147.156,-20.652],[147.218,-20.574],[147.28,-20.554],[147.298,-20.446],[147.348,-20.396],[147.2,-20.374],[147.11,-20.26],[147.104,-20.202],[147.048,-20.17],[147.004,-20.194],[147.016,-20.142],[146.886,-20.036],[146.932,-19.974],[146.882,-19.898],[146.916,-19.898],[146.93,-19.782],[146.834,-19.758],[146.844,-19.72],[146.54,-19.686],[146.542,-19.556],[146.586,-19.51],[146.566,-19.436],[146.554,-19.416],[146.536,-19.394],[146.47,-19.374],[146.444,-19.334],[146.466,-19.32],[146.406,-19.29],[146.424,-19.216],[146.38,-19.126],[146.326,-19.124],[146.224,-19.012],[146.176,-19.012],[146.146,-18.952],[146.168,-18.936],[145.798,-18.842],[145.796,-18.576],[145.844,-18.592],[145.738,-18.452],[145.716,-18.488],[145.5,-18.462],[145.494,-18.576],[145.384,-18.57],[145.26,-18.426],[145.268,-18.354],[145.168,-18.346],[145.134,-18.382],[145.184,-18.43],[145.182,-18.51],[145.134,-18.578],[145.054,-18.548],[145.048,-18.514],[144.982,-18.506],[144.97,-18.468],[144.924,-18.522],[144.838,-18.492],[144.856,-18.37],[144.76,-18.356],[144.742,-18.318],[144.688,-18.314],[144.652,-18.626],[144.788,-18.66],[144.742,-18.702],[144.806,-18.752],[144.746,-18.818],[144.79,-18.87],[144.708,-18.936],[144.698,-18.996],[144.774,-19.148],[144.832,-19.16],[144.772,-19.206],[144.752,-19.18],[144.634,-19.284],[144.592,-19.38],[144.476,-19.37],[144.468,-19.446],[144.352,-19.424],[144.346,-19.502],[144.304,-19.496],[144.286,-19.572],[144.426,-19.61],[144.396,-19.934],[144.43,-19.976],[144.56,-19.952],[144.62,-19.992],[144.622,-19.968],[144.664,-20.058],[144.776,-20.066],[144.772,-20.128],[144.84,-20.204],[144.82,-20.332],[144.91,-20.372],[144.922,-20.462],[144.998,-20.492],[145.098,-20.628],[145.19,-20.634],[145.164,-20.97],[145.228,-20.974],[145.22,-21.064],[145.174,-21.062],[145.222,-21.172],[145.256,-21.174],[145.244,-21.276],[145.29,-21.408],[145.262,-21.458],[145.466,-21.46],[145.454,-21.566],[145.54,-21.574],[145.534,-21.658],[145.678,-21.668],[145.628,-21.926],[145.668,-21.932],[145.662,-22.04],[146.032,-22.104]]]}},{"type":"Feature","id":"32330","properties":{"id":"32330","name":"Cherbourg","regionAbbrev":"AUQLD","ste":"3"},"geometry":{"type":"Polygon","coordinates":[[[151.978,-26.314],[151.94,-26.256],[151.886,-26.3],[151.978,-26.314]]]}},{"type":"Feature","id":"32450","properties":{"id":"32450","name":"Cloncurry","regionAbbrev":"AUQLD","ste":"3"},"geometry":{"type":"Polygon","coordinates":[[[141.184,-22.25],[141.2,-22.054],[141.294,-22.062],[141.31,-21.94],[141.064,-21.928],[141.064,-21.902],[140.994,-21.894],[140.982,-22.052],[140.882,-22.048],[140.914,-21.938],[140.856,-21.934],[140.866,-21.81],[140.924,-21.772],[140.96,-21.624],[140.844,-21.426],[140.8,-21.42],[140.808,-21.354],[140.856,-21.358],[140.876,-21.322],[140.882,-21.224],[140.81,-21.22],[140.806,-21.194],[140.834,-21.096],[140.866,-21.098],[140.874,-20.99],[140.828,-20.988],[140.832,-20.874],[140.95,-20.742],[140.96,-20.634],[141.078,-20.644],[141.084,-20.59],[141.014,-20.43],[141.082,-20.314],[140.908,-20.298],[140.998,-20.224],[140.784,-20.022],[140.9,-19.932],[140.876,-19.928],[140.886,-19.764],[140.818,-19.758],[140.822,-19.708],[140.74,-19.666],[140.75,-19.628],[140.942,-19.64],[140.948,-19.582],[141.016,-19.556],[141.04,-19.494],[140.976,-19.33],[140.998,-19.26],[140.922,-19.134],[140.906,-19.116],[140.818,-19.186],[140.712,-19.066],[140.67,-19.098],[140.634,-19.056],[140.516,-19.048],[140.51,-19.102],[140.304,-19.088],[140.306,-19.044],[139.912,-19.026],[139.942,-19.058],[139.934,-19.146],[140.018,-19.274],[140.066,-19.566],[139.778,-19.578],[139.786,-19.46],[139.514,-19.438],[139.486,-19.436],[139.47,-19.718],[139.534,-19.724],[139.514,-19.822],[139.726,-19.848],[139.73,-19.794],[139.806,-19.808],[139.78,-20.188],[139.732,-20.184],[139.734,-20.232],[139.972,-20.212],[139.944,-20.396],[140.024,-20.436],[140.034,-20.534],[139.878,-20.436],[139.864,-20.498],[139.91,-20.622],[139.744,-20.666],[139.724,-20.906],[139.554,-20.9],[139.536,-21.276],[139.378,-21.272],[139.374,-21.394],[139.238,-21.502],[139.234,-21.632],[139.324,-21.726],[139.268,-21.872],[139.354,-21.958],[139.318,-21.986],[139.496,-22.144],[139.39,-22.234],[139.494,-22.242],[139.49,-22.282],[139.624,-22.29],[139.628,-22.22],[139.75,-22.228],[139.758,-22.162],[139.842,-22.17],[139.886,-22.242],[140.062,-22.254],[140.042,-22.326],[140.364,-22.374],[140.37,-22.29],[140.532,-22.134],[140.708,-22.334],[140.848,-22.16],[140.93,-22.182],[140.926,-22.234],[141.184,-22.25]]]}},{"type":"Feature","id":"32500","properties":{"id":"32500","name":"Cook","regionAbbrev":"AUQLD","ste":"3"},"geometry":{"type":"MultiPolygon","coordinates":[[[[141.908,-12.764],[141.908,-12.752],[141.91,-12.75],[141.912,-12.748],[142.01,-12.858],[142.07,-12.786],[142.05,-12.742],[142.014,-12.738],[142.002,-12.774],[141.964,-12.71],[142.096,-12.684],[142.186,-12.612],[142.13,-12.566],[142.004,-12.6],[141.942,-12.56],[141.91,-12.574],[141.964,-12.532],[141.996,-12.572],[142.042,-12.498],[142.042,-12.278],[142.076,-12.278],[142.22,-12.278],[142.13,-12.392],[142.148,-12.402],[142.262,-12.366],[142.308,-12.426],[142.406,-12.52],[142.488,-12.486],[142.566,-12.662],[142.196,-12.638],[142.168,-12.764],[142.082,-13.138],[142.114,-13.288],[142.044,-13.568],[141.938,-13.732],[141.926,-13.82],[141.992,-13.998],[142,-14.464],[142.036,-14.708],[142.142,-14.904],[142.134,-14.986],[142.094,-15.19],[142.24,-15.422],[142.65,-15.46],[142.664,-15.314],[142.962,-15.34],[142.95,-15.482],[142.894,-15.478],[142.882,-15.62],[142.78,-15.612],[142.77,-15.754],[142.706,-15.75],[142.696,-15.896],[142.632,-15.954],[142.622,-16.016],[142.712,-16.078],[143.224,-16.108],[143.39,-16.042],[143.528,-16.094],[143.632,-16.074],[143.758,-16.164],[143.874,-16.106],[143.916,-16.136],[143.95,-16.108],[144.044,-16.148],[144.098,-16.13],[144.248,-16.344],[144.318,-16.33],[144.344,-16.286],[144.416,-16.35],[144.508,-16.354],[144.516,-16.306],[144.572,-16.29],[144.68,-16.332],[144.718,-16.252],[144.762,-16.264],[144.84,-16.364],[144.874,-16.328],[144.894,-16.35],[144.992,-16.316],[144.976,-16.28],[145.022,-16.22],[144.988,-16.162],[145.046,-16.162],[145.086,-16.118],[145.074,-15.966],[145.284,-15.91],[145.284,-15.912],[145.286,-15.918],[145.29,-15.922],[145.304,-15.932],[145.32,-15.936],[145.326,-15.942],[145.338,-15.95],[145.364,-15.922],[145.366,-15.736],[145.318,-15.606],[145.32,-15.602],[145.324,-15.602],[145.326,-15.602],[145.326,-15.604],[145.328,-15.604],[145.33,-15.596],[145.32,-15.572],[145.32,-15.57],[145.272,-15.54],[145.264,-15.466],[145.23,-15.462],[145.24,-15.442],[145.194,-15.42],[145.196,-15.416],[145.1,-15.418],[145.152,-15.404],[145.15,-15.362],[145.08,-15.398],[145.034,-15.366],[145.062,-15.312],[145.032,-15.268],[145.08,-15.26],[145.086,-15.138],[145.126,-15.148],[145.146,-15.146],[145.164,-15.142],[145.188,-15.124],[145.154,-15.084],[145.15,-15.092],[145.17,-14.984],[145.13,-14.98],[145.142,-14.832],[144.954,-14.736],[144.91,-14.614],[144.784,-14.594],[144.776,-14.546],[144.684,-14.552],[144.624,-14.484],[144.622,-14.432],[144.644,-14.376],[144.644,-14.348],[144.586,-14.358],[144.594,-14.26],[144.496,-14.164],[144.446,-14.25],[144.342,-14.304],[144.194,-14.264],[144.17,-14.38],[144.032,-14.482],[143.94,-14.494],[143.83,-14.45],[143.728,-14.262],[143.68,-14.014],[143.624,-13.964],[143.532,-13.754],[143.548,-13.652],[143.596,-13.414],[143.53,-13.43],[143.318,-13.486],[143.39,-13.33],[143.354,-13.284],[143.32,-13.29],[143.344,-13.248],[143.242,-13.25],[143.252,-13.138],[143.164,-13.144],[142.98,-13.12],[142.894,-12.992],[142.958,-12.946],[142.962,-12.896],[142.884,-12.806],[142.932,-12.776],[142.926,-12.694],[143.03,-12.696],[143.088,-12.564],[143.186,-12.55],[143.174,-12.594],[143.214,-12.644],[143.216,-12.642],[143.218,-12.642],[143.214,-12.708],[143.188,-12.73],[143.218,-12.78],[143.236,-12.872],[143.308,-12.82],[143.31,-12.82],[143.294,-12.774],[143.362,-12.79],[143.438,-12.61],[143.306,-12.55],[143.248,-12.378],[143.078,-12.33],[143.078,-12.16],[143.188,-11.988],[143.244,-11.968],[143.168,-11.972],[143.098,-11.892],[143.016,-11.938],[142.93,-11.904],[142.848,-11.824],[142.86,-11.714],[142.86,-11.712],[142.828,-11.474],[142.87,-11.382],[142.794,-11.276],[142.788,-11.08],[142.75,-11.022],[142.746,-10.998],[142.402,-10.998],[142.394,-11.01],[142.366,-11.042],[142.374,-11.196],[142.126,-11.224],[142.1,-11.462],[141.952,-11.868],[141.942,-11.976],[142.002,-12.012],[141.994,-12.06],[142.024,-12.074],[142.046,-11.986],[142.104,-11.982],[142.066,-12.006],[142.046,-12.112],[142.022,-12.08],[142.004,-12.128],[141.968,-12.066],[141.962,-12.18],[141.924,-12.168],[141.914,-12.164],[141.85,-12.194],[141.85,-12.24],[141.846,-12.318],[141.73,-12.306],[141.846,-12.332],[141.776,-12.466],[141.658,-12.442],[141.592,-12.564],[141.644,-12.574],[141.654,-12.462],[141.654,-12.52],[141.696,-12.534],[141.702,-12.52],[141.7,-12.496],[141.738,-12.48],[141.72,-12.498],[141.796,-12.576],[141.874,-12.588],[141.872,-12.56],[141.894,-12.59],[141.894,-12.602],[141.856,-12.656],[141.858,-12.662],[141.86,-12.664],[141.864,-12.668],[141.84,-12.688],[141.804,-12.746],[141.802,-12.836],[141.754,-12.83],[141.63,-12.914],[141.584,-12.996],[141.618,-13.04],[141.63,-13.158],[141.692,-13.24],[141.754,-13.286],[141.752,-13.356],[141.814,-13.356],[141.842,-13.306],[141.744,-12.998],[141.848,-12.942],[141.802,-12.914],[141.828,-12.874],[141.87,-12.874],[141.908,-12.764]]],[[[145.448,-15.026],[145.448,-15.024],[145.45,-15.024],[145.448,-15.022],[145.448,-15.024],[145.448,-15.026]]],[[[145.476,-14.674],[145.456,-14.646],[145.444,-14.67],[145.462,-14.678],[145.47,-14.684],[145.474,-14.676],[145.476,-14.674]]],[[[145.454,-14.704],[145.452,-14.7],[145.452,-14.702],[145.454,-14.704]]],[[[144.998,-14.54],[144.996,-14.536],[144.994,-14.538],[144.998,-14.54]]],[[[145.196,-15.402],[145.19,-15.384],[145.152,-15.392],[145.154,-15.392],[145.156,-15.406],[145.2,-15.402],[145.196,-15.402]]],[[[142.994,-11.738],[142.994,-11.736],[142.992,-11.736],[142.994,-11.738]]],[[[144.252,-14.174],[144.232,-14.186],[144.284,-14.194],[144.274,-14.158],[144.252,-14.174]]],[[[144.236,-14.136],[144.21,-14.184],[144.268,-14.15],[144.236,-14.136]]],[[[144.26,-14.232],[144.274,-14.222],[144.248,-14.222],[144.254,-14.228],[144.256,-14.228],[144.26,-14.232]]],[[[144.328,-14.096],[144.34,-14.098],[144.336,-14.086],[144.33,-14.092],[144.328,-14.096]]],[[[141.716,-12.234],[141.814,-12.242],[141.726,-12.228],[141.716,-12.234]]],[[[141.846,-12.664],[141.856,-12.656],[141.852,-12.638],[141.828,-12.648],[141.846,-12.664]]]]}},{"type":"Feature","id":"32600","properties":{"id":"32600","name":"Croydon","regionAbbrev":"AUQLD","ste":"3"},"geometry":{"type":"Polygon","coordinates":[[[142.374,-19.4],[142.604,-19.402],[142.602,-19.62],[143.276,-19.696],[143.342,-19.606],[143.384,-19.612],[143.396,-19.574],[143.506,-19.52],[143.508,-19.484],[143.452,-19.446],[143.378,-19.288],[143.406,-19.248],[143.386,-19.2],[143.288,-19.156],[143.264,-19.056],[143.222,-19.05],[143.13,-18.93],[142.98,-18.932],[142.916,-18.884],[142.878,-18.808],[142.892,-18.72],[142.838,-18.668],[142.852,-18.586],[142.778,-18.584],[142.748,-18.514],[142.638,-18.524],[142.634,-18.458],[142.514,-18.404],[142.524,-18.354],[142.466,-18.218],[142.626,-18.08],[142.474,-17.914],[142.482,-17.876],[142.382,-17.87],[142.244,-17.712],[142.266,-17.494],[142.178,-17.566],[142.058,-17.434],[142.012,-17.47],[141.898,-17.33],[141.786,-17.422],[141.838,-17.482],[141.726,-17.47],[141.73,-17.432],[141.422,-17.444],[141.378,-17.676],[141.438,-17.68],[141.434,-17.748],[141.318,-17.736],[141.304,-17.898],[141.468,-17.91],[141.466,-17.938],[141.394,-17.934],[141.396,-18.056],[141.2,-18.014],[141.192,-18.118],[141.132,-18.124],[141.138,-18.188],[141.182,-18.212],[141.304,-18.43],[141.3,-18.61],[141.37,-18.624],[141.364,-18.68],[141.692,-18.714],[141.616,-19.142],[141.76,-19.192],[141.772,-19.078],[141.932,-19.09],[141.942,-18.978],[142.178,-18.972],[142.16,-19.142],[142.402,-19.122],[142.374,-19.4]]]}},{"type":"Feature","id":"32750","properties":{"id":"32750","name":"Diamantina","regionAbbrev":"AUQLD","ste":"3"},"geometry":{"type":"Polygon","coordinates":[[[142.146,-23.7],[141.532,-23.688],[141.156,-23.29],[141.032,-23.384],[140.83,-23.17],[140.76,-23.222],[140.664,-23.156],[140.342,-23.418],[140.356,-23.526],[139.938,-23.486],[139.936,-23.576],[139.864,-23.628],[139.894,-23.694],[139.464,-23.67],[139.476,-23.52],[139.296,-23.51],[139.34,-23.474],[139.176,-23.31],[139.124,-23.352],[139.076,-23.306],[138.826,-23.546],[138.67,-23.54],[138.592,-23.462],[138.464,-23.554],[138,-23.52],[138,-23.872],[138,-25.996],[140.91,-25.996],[140.938,-25.716],[140.898,-25.68],[140.914,-25.526],[140.88,-25.466],[140.824,-25.524],[140.774,-25.472],[140.676,-25.464],[140.7,-25.204],[140.86,-25.222],[140.88,-24.992],[140.802,-24.986],[140.814,-24.838],[140.874,-24.842],[140.884,-24.694],[140.84,-24.668],[141.242,-24.686],[141.24,-24.724],[141.362,-24.628],[141.376,-24.482],[141.43,-24.484],[141.524,-24.584],[141.732,-24.636],[141.964,-24.53],[141.864,-24.402],[141.966,-24.31],[141.806,-24.154],[141.92,-24.056],[142.024,-24.168],[142.1,-24.094],[142.146,-23.7]]]}},{"type":"Feature","id":"32770","properties":{"id":"32770","name":"Doomadgee","regionAbbrev":"AUQLD","ste":"3"},"geometry":{"type":"MultiPolygon","coordinates":[[[[139.11,-17.008],[139.04,-16.912],[138.876,-16.874],[138.87,-16.938],[139.08,-17.09],[139.086,-17.01],[139.11,-17.008]]],[[[138.674,-17.902],[138.846,-17.954],[138.878,-18.018],[138.904,-17.526],[138.738,-17.47],[138.602,-17.468],[138.578,-17.882],[138.674,-17.902]]]]}},{"type":"Feature","id":"32810","properties":{"id":"32810","name":"Douglas","regionAbbrev":"AUQLD","ste":"3"},"geometry":{"type":"Polygon","coordinates":[[[145.63,-16.704],[145.572,-16.658],[145.524,-16.596],[145.51,-16.568],[145.508,-16.568],[145.504,-16.56],[145.47,-16.48],[145.418,-16.47],[145.406,-16.432],[145.418,-16.338],[145.49,-16.278],[145.442,-16.186],[145.478,-16.076],[145.41,-15.944],[145.364,-15.922],[145.338,-15.95],[145.288,-15.992],[145.32,-15.936],[145.304,-15.932],[145.29,-15.922],[145.286,-15.918],[145.284,-15.912],[145.284,-15.91],[145.074,-15.966],[145.086,-16.118],[145.046,-16.162],[144.988,-16.162],[145.022,-16.22],[145.134,-16.286],[145.14,-16.348],[145.27,-16.466],[145.296,-16.536],[145.354,-16.556],[145.404,-16.512],[145.448,-16.644],[145.53,-16.622],[145.518,-16.674],[145.618,-16.716],[145.63,-16.704]]]}},{"type":"Feature","id":"33100","properties":{"id":"33100","name":"Etheridge","regionAbbrev":"AUQLD","ste":"3"},"geometry":{"type":"Polygon","coordinates":[[[142.266,-17.494],[142.244,-17.712],[142.382,-17.87],[142.482,-17.876],[142.474,-17.914],[142.626,-18.08],[142.466,-18.218],[142.524,-18.354],[142.514,-18.404],[142.634,-18.458],[142.638,-18.524],[142.748,-18.514],[142.778,-18.584],[142.852,-18.586],[142.838,-18.668],[142.892,-18.72],[142.878,-18.808],[142.916,-18.884],[142.98,-18.932],[143.13,-18.93],[143.222,-19.05],[143.264,-19.056],[143.288,-19.156],[143.386,-19.2],[143.406,-19.248],[143.378,-19.288],[143.452,-19.446],[143.508,-19.484],[143.56,-19.482],[143.682,-19.596],[143.852,-19.636],[144.004,-19.62],[144.056,-19.57],[144.158,-19.568],[144.226,-19.618],[144.286,-19.572],[144.304,-19.496],[144.346,-19.502],[144.352,-19.424],[144.468,-19.446],[144.476,-19.37],[144.592,-19.38],[144.634,-19.284],[144.752,-19.18],[144.772,-19.206],[144.832,-19.16],[144.774,-19.148],[144.698,-18.996],[144.708,-18.936],[144.79,-18.87],[144.746,-18.818],[144.806,-18.752],[144.742,-18.702],[144.788,-18.66],[144.652,-18.626],[144.688,-18.314],[144.742,-18.318],[144.752,-18.216],[144.604,-18.046],[144.472,-18.012],[144.456,-18.054],[144.342,-17.944],[144.31,-17.968],[144.144,-17.954],[143.972,-17.756],[143.976,-17.68],[143.732,-17.654],[143.678,-17.61],[143.524,-17.656],[143.382,-17.55],[143.256,-17.512],[143.214,-17.516],[143.196,-17.558],[142.978,-17.546],[142.972,-17.584],[142.79,-17.648],[142.51,-17.662],[142.42,-17.602],[142.368,-17.508],[142.268,-17.492],[142.266,-17.494]]]}},{"type":"Feature","id":"33200","properties":{"id":"33200","name":"Flinders (Qld)","regionAbbrev":"AUQLD","ste":"3"},"geometry":{"type":"Polygon","coordinates":[[[145.534,-21.658],[145.54,-21.574],[145.454,-21.566],[145.466,-21.46],[145.262,-21.458],[145.29,-21.408],[145.244,-21.276],[145.256,-21.174],[145.222,-21.172],[145.174,-21.062],[145.22,-21.064],[145.228,-20.974],[145.164,-20.97],[145.19,-20.634],[145.098,-20.628],[144.998,-20.492],[144.922,-20.462],[144.91,-20.372],[144.82,-20.332],[144.84,-20.204],[144.772,-20.128],[144.776,-20.066],[144.664,-20.058],[144.622,-19.968],[144.62,-19.992],[144.56,-19.952],[144.43,-19.976],[144.396,-19.934],[144.426,-19.61],[144.286,-19.572],[144.226,-19.618],[144.158,-19.568],[144.056,-19.57],[144.004,-19.62],[143.852,-19.636],[143.682,-19.596],[143.642,-20.028],[143.61,-20.026],[143.598,-20.144],[143.712,-20.228],[143.74,-20.206],[143.79,-20.262],[143.71,-20.324],[143.786,-20.416],[143.704,-20.482],[143.584,-20.498],[143.478,-20.606],[143.542,-20.618],[143.53,-20.736],[143.5,-20.782],[143.448,-20.778],[143.436,-20.828],[143.338,-20.82],[143.298,-21.146],[143.262,-21.144],[143.238,-21.31],[143.36,-21.322],[143.33,-21.612],[143.65,-21.64],[143.632,-21.796],[144.046,-21.83],[144.04,-21.894],[144.188,-21.908],[144.18,-21.99],[144.264,-21.996],[144.268,-22.048],[144.418,-22.062],[144.398,-22.156],[144.502,-22.186],[144.74,-22.212],[144.752,-22.094],[144.796,-22.098],[144.802,-22.044],[144.944,-22.058],[144.956,-21.93],[145.082,-21.942],[145.076,-21.89],[145.154,-21.898],[145.166,-21.784],[145.418,-21.846],[145.436,-21.692],[145.53,-21.702],[145.534,-21.658]]]}},{"type":"Feature","id":"33220","properties":{"id":"33220","name":"Fraser Coast","regionAbbrev":"AUQLD","ste":"3"},"geometry":{"type":"MultiPolygon","coordinates":[[[[152.274,-25.43],[152.27,-25.522],[152.18,-25.522],[152.164,-25.574],[152.084,-25.632],[152.044,-25.614],[152.014,-25.708],[151.982,-25.712],[151.998,-25.77],[152.04,-25.79],[152.06,-25.886],[152.116,-25.856],[152.124,-25.886],[152.332,-25.906],[152.346,-25.862],[152.412,-25.866],[152.568,-25.922],[152.63,-25.982],[152.748,-25.874],[152.724,-25.846],[152.994,-25.88],[153.004,-25.876],[153.016,-25.864],[153.016,-25.866],[153.018,-25.864],[153.014,-25.86],[153.014,-25.858],[153.014,-25.856],[153.016,-25.854],[153.018,-25.854],[153.024,-25.842],[153.016,-25.822],[152.988,-25.804],[152.988,-25.806],[152.986,-25.816],[152.986,-25.818],[152.984,-25.822],[152.978,-25.81],[152.938,-25.814],[152.972,-25.794],[152.972,-25.79],[152.972,-25.764],[152.97,-25.762],[152.942,-25.76],[152.942,-25.762],[152.938,-25.762],[152.938,-25.764],[152.94,-25.764],[152.942,-25.766],[152.938,-25.768],[152.936,-25.758],[152.938,-25.744],[152.936,-25.744],[152.92,-25.74],[152.916,-25.736],[152.918,-25.736],[152.918,-25.734],[152.914,-25.73],[152.92,-25.706],[152.912,-25.704],[152.91,-25.704],[152.908,-25.702],[152.906,-25.7],[152.902,-25.696],[152.9,-25.696],[152.898,-25.696],[152.898,-25.694],[152.882,-25.684],[152.894,-25.674],[152.902,-25.674],[152.908,-25.676],[152.908,-25.674],[152.91,-25.674],[152.91,-25.676],[152.912,-25.674],[152.904,-25.668],[152.904,-25.662],[152.9,-25.66],[152.898,-25.66],[152.9,-25.658],[152.9,-25.656],[152.898,-25.656],[152.898,-25.658],[152.9,-25.652],[152.902,-25.652],[152.902,-25.644],[152.9,-25.644],[152.886,-25.618],[152.886,-25.616],[152.876,-25.612],[152.876,-25.61],[152.876,-25.608],[152.878,-25.594],[152.878,-25.592],[152.88,-25.592],[152.878,-25.588],[152.88,-25.584],[152.88,-25.582],[152.88,-25.58],[152.88,-25.578],[152.88,-25.576],[152.878,-25.574],[152.884,-25.574],[152.886,-25.57],[152.884,-25.568],[152.882,-25.562],[152.884,-25.56],[152.882,-25.558],[152.882,-25.554],[152.876,-25.56],[152.874,-25.558],[152.904,-25.542],[152.904,-25.508],[152.904,-25.506],[152.904,-25.502],[152.9,-25.504],[152.898,-25.504],[152.938,-25.468],[152.938,-25.466],[152.942,-25.464],[152.944,-25.452],[152.948,-25.448],[152.954,-25.442],[152.954,-25.44],[152.954,-25.436],[152.956,-25.436],[152.934,-25.432],[152.93,-25.446],[152.928,-25.446],[152.85,-25.498],[152.824,-25.494],[152.84,-25.484],[152.842,-25.486],[152.86,-25.464],[152.872,-25.444],[152.874,-25.442],[152.902,-25.426],[152.896,-25.426],[152.896,-25.424],[152.908,-25.418],[152.924,-25.43],[152.916,-25.366],[152.918,-25.364],[152.916,-25.36],[152.902,-25.314],[152.904,-25.314],[152.906,-25.282],[152.838,-25.278],[152.814,-25.244],[152.808,-25.254],[152.808,-25.256],[152.808,-25.258],[152.726,-25.268],[152.65,-25.23],[152.608,-25.184],[152.606,-25.184],[152.548,-25.204],[152.452,-25.228],[152.406,-25.334],[152.274,-25.43]]],[[[153.046,-25.29],[153.048,-25.358],[153.048,-25.36],[153.036,-25.38],[153.034,-25.382],[153.034,-25.384],[152.986,-25.45],[152.986,-25.458],[152.99,-25.48],[152.992,-25.482],[152.992,-25.484],[152.99,-25.484],[152.988,-25.51],[152.984,-25.514],[152.962,-25.544],[152.956,-25.548],[152.954,-25.548],[152.952,-25.556],[152.95,-25.558],[152.948,-25.556],[152.942,-25.556],[152.938,-25.556],[152.938,-25.56],[152.94,-25.56],[152.942,-25.56],[152.938,-25.562],[152.944,-25.582],[152.946,-25.582],[152.948,-25.58],[152.95,-25.592],[152.952,-25.594],[152.956,-25.588],[152.96,-25.58],[152.96,-25.584],[152.96,-25.598],[152.96,-25.6],[152.964,-25.602],[152.966,-25.606],[152.972,-25.636],[152.974,-25.648],[152.98,-25.662],[152.984,-25.672],[152.99,-25.694],[152.992,-25.696],[152.99,-25.702],[152.996,-25.728],[153.032,-25.788],[153.078,-25.792],[153.112,-25.55],[153.116,-25.54],[153.224,-25.294],[153.246,-25.248],[153.248,-25.248],[153.29,-25.158],[153.36,-25.006],[153.352,-24.988],[153.35,-24.97],[153.352,-24.968],[153.352,-24.966],[153.35,-24.964],[153.276,-24.902],[153.268,-24.884],[153.262,-24.778],[153.25,-24.696],[153.12,-24.812],[153.182,-24.842],[153.234,-24.926],[153.18,-25.058],[153.168,-25.074],[153.168,-25.076],[153.134,-25.108],[153.132,-25.11],[153.13,-25.112],[152.996,-25.23],[153.02,-25.228],[153.022,-25.228],[153.022,-25.226],[153.03,-25.224],[153.05,-25.24],[153.05,-25.242],[153.048,-25.252],[153.048,-25.254],[153.048,-25.256],[153.05,-25.256],[153.052,-25.258],[153.052,-25.262],[153.042,-25.272],[153.046,-25.29]]],[[[152.914,-25.526],[152.954,-25.482],[152.908,-25.508],[152.914,-25.526]]],[[[152.984,-25.31],[152.944,-25.272],[152.994,-25.336],[152.984,-25.31]]],[[[152.892,-25.578],[152.892,-25.576],[152.89,-25.576],[152.89,-25.578],[152.892,-25.594],[152.894,-25.596],[152.9,-25.596],[152.892,-25.576],[152.892,-25.578]]],[[[152.892,-25.566],[152.89,-25.572],[152.9,-25.574],[152.904,-25.574],[152.904,-25.572],[152.902,-25.572],[152.902,-25.57],[152.896,-25.562],[152.892,-25.566]]],[[[152.92,-25.586],[152.926,-25.578],[152.924,-25.574],[152.918,-25.578],[152.92,-25.582],[152.92,-25.584],[152.92,-25.586]]],[[[152.956,-25.6],[152.954,-25.606],[152.96,-25.6],[152.956,-25.6]]],[[[152.91,-25.548],[152.904,-25.56],[152.906,-25.56],[152.906,-25.562],[152.904,-25.562],[152.906,-25.562],[152.91,-25.556],[152.91,-25.548]]],[[[152.888,-25.552],[152.886,-25.558],[152.892,-25.558],[152.894,-25.558],[152.896,-25.556],[152.898,-25.55],[152.9,-25.55],[152.898,-25.55],[152.896,-25.55],[152.892,-25.55],[152.892,-25.552],[152.888,-25.552]]],[[[152.922,-25.564],[152.922,-25.562],[152.918,-25.556],[152.918,-25.564],[152.922,-25.566],[152.922,-25.564]]],[[[152.984,-25.798],[152.982,-25.798],[152.98,-25.8],[152.978,-25.8],[152.978,-25.802],[152.984,-25.802],[152.986,-25.804],[152.988,-25.802],[152.986,-25.798],[152.984,-25.798]]],[[[152.842,-25.486],[152.84,-25.486],[152.836,-25.49],[152.848,-25.49],[152.844,-25.486],[152.842,-25.486]]],[[[152.886,-25.566],[152.892,-25.562],[152.888,-25.56],[152.886,-25.564],[152.886,-25.566]]],[[[152.956,-25.538],[152.944,-25.546],[152.952,-25.542],[152.956,-25.54],[152.958,-25.538],[152.956,-25.538]]],[[[152.912,-25.602],[152.91,-25.604],[152.91,-25.606],[152.912,-25.606],[152.912,-25.604],[152.914,-25.602],[152.914,-25.598],[152.912,-25.598],[152.912,-25.602]]],[[[152.886,-25.588],[152.886,-25.59],[152.886,-25.592],[152.888,-25.592],[152.886,-25.588]]],[[[152.908,-25.58],[152.906,-25.582],[152.908,-25.582],[152.908,-25.58]]]]}},{"type":"Feature","id":"33360","properties":{"id":"33360","name":"Gladstone","regionAbbrev":"AUQLD","ste":"3"},"geometry":{"type":"MultiPolygon","coordinates":[[[[150.984,-24.472],[150.992,-24.41],[151.03,-24.392],[151.114,-24.474],[151.154,-24.46],[151.158,-24.546],[151.23,-24.528],[151.206,-24.64],[151.208,-24.64],[151.254,-24.666],[151.342,-24.648],[151.478,-24.536],[151.542,-24.616],[151.532,-24.696],[151.644,-24.73],[151.678,-24.694],[151.746,-24.772],[151.752,-24.736],[151.79,-24.74],[151.844,-24.792],[151.962,-24.676],[151.992,-24.68],[151.958,-24.616],[151.99,-24.59],[151.96,-24.586],[152,-24.516],[152.046,-24.526],[152.044,-24.498],[151.886,-24.148],[151.88,-24.194],[151.85,-24.218],[151.876,-24.172],[151.836,-24.176],[151.772,-24.13],[151.766,-24.014],[151.738,-24.002],[151.716,-24.086],[151.732,-24.022],[151.626,-23.974],[151.604,-24.006],[151.64,-23.998],[151.64,-24.012],[151.67,-24.052],[151.672,-24.098],[151.662,-24.09],[151.566,-24.036],[151.58,-24.086],[151.56,-24.074],[151.546,-24.112],[151.502,-24.04],[151.546,-24.032],[151.472,-23.996],[151.452,-23.996],[151.438,-24.004],[151.44,-24.01],[151.444,-24.014],[151.458,-24.028],[151.468,-24.034],[151.472,-24.036],[151.472,-24.038],[151.474,-24.038],[151.474,-24.04],[151.478,-24.048],[151.48,-24.05],[151.48,-24.054],[151.482,-24.056],[151.482,-24.06],[151.486,-24.062],[151.49,-24.068],[151.492,-24.068],[151.49,-24.068],[151.488,-24.072],[151.484,-24.068],[151.476,-24.064],[151.47,-24.066],[151.472,-24.066],[151.472,-24.068],[151.472,-24.07],[151.472,-24.072],[151.468,-24.068],[151.466,-24.066],[151.468,-24.066],[151.468,-24.064],[151.466,-24.058],[151.462,-24.054],[151.46,-24.04],[151.46,-24.042],[151.458,-24.048],[151.458,-24.05],[151.458,-24.052],[151.456,-24.046],[151.458,-24.044],[151.458,-24.042],[151.452,-24.03],[151.444,-24.042],[151.444,-24.046],[151.446,-24.046],[151.444,-24.046],[151.446,-24.048],[151.444,-24.05],[151.446,-24.062],[151.446,-24.064],[151.444,-24.074],[151.432,-24.052],[151.432,-24.05],[151.43,-24.05],[151.426,-24.046],[151.426,-24.04],[151.428,-24.036],[151.432,-24.032],[151.434,-24.032],[151.428,-23.986],[151.298,-23.858],[151.296,-23.856],[151.294,-23.856],[151.2,-23.824],[151.196,-23.826],[151.194,-23.826],[151.192,-23.824],[151.192,-23.822],[151.188,-23.822],[151.188,-23.82],[151.172,-23.812],[151.17,-23.802],[151.17,-23.8],[151.168,-23.8],[151.166,-23.762],[151.15,-23.778],[151.148,-23.774],[151.144,-23.77],[151.158,-23.744],[151.134,-23.714],[151.134,-23.71],[151.132,-23.708],[151.13,-23.708],[151.128,-23.71],[151.126,-23.712],[151.124,-23.71],[151.124,-23.704],[151.122,-23.704],[151.118,-23.702],[151.116,-23.7],[151.118,-23.7],[151.114,-23.698],[151.118,-23.698],[151.126,-23.7],[151.128,-23.7],[151.128,-23.698],[151.128,-23.7],[151.13,-23.7],[151.104,-23.66],[151.098,-23.658],[151.096,-23.658],[151.092,-23.654],[151.086,-23.648],[151.066,-23.638],[151.06,-23.636],[151.058,-23.636],[151.016,-23.564],[150.976,-23.554],[150.93,-23.622],[150.958,-23.55],[150.868,-23.576],[150.786,-23.732],[150.682,-23.782],[150.646,-23.838],[150.604,-23.834],[150.62,-23.904],[150.702,-23.988],[150.724,-24.138],[150.814,-24.18],[150.77,-24.354],[150.862,-24.354],[150.862,-24.41],[150.938,-24.402],[150.984,-24.472]]],[[[151.266,-23.776],[151.266,-23.778],[151.268,-23.78],[151.27,-23.782],[151.27,-23.78],[151.282,-23.792],[151.284,-23.788],[151.29,-23.784],[151.288,-23.778],[151.286,-23.774],[151.288,-23.772],[151.288,-23.77],[151.288,-23.766],[151.29,-23.766],[151.292,-23.764],[151.292,-23.762],[151.294,-23.76],[151.296,-23.758],[151.296,-23.76],[151.298,-23.758],[151.3,-23.754],[151.29,-23.698],[151.278,-23.678],[151.278,-23.672],[151.248,-23.65],[151.244,-23.644],[151.24,-23.64],[151.238,-23.486],[151.184,-23.54],[151.2,-23.51],[151.018,-23.452],[150.978,-23.49],[151.072,-23.636],[151.074,-23.636],[151.092,-23.646],[151.096,-23.654],[151.102,-23.654],[151.102,-23.652],[151.104,-23.652],[151.104,-23.654],[151.112,-23.66],[151.132,-23.674],[151.234,-23.79],[151.236,-23.79],[151.242,-23.79],[151.246,-23.78],[151.25,-23.78],[151.25,-23.778],[151.254,-23.778],[151.256,-23.78],[151.258,-23.78],[151.262,-23.772],[151.262,-23.77],[151.262,-23.768],[151.262,-23.766],[151.262,-23.764],[151.262,-23.76],[151.26,-23.76],[151.256,-23.756],[151.256,-23.754],[151.262,-23.752],[151.262,-23.756],[151.27,-23.754],[151.268,-23.756],[151.266,-23.758],[151.268,-23.758],[151.266,-23.76],[151.266,-23.758],[151.264,-23.758],[151.262,-23.758],[151.264,-23.76],[151.264,-23.764],[151.264,-23.766],[151.266,-23.776]]],[[[151.258,-23.78],[151.262,-23.792],[151.262,-23.786],[151.262,-23.782],[151.258,-23.78]]],[[[151.284,-23.804],[151.286,-23.814],[151.29,-23.804],[151.282,-23.8],[151.284,-23.804],[151.286,-23.804],[151.284,-23.804]]],[[[151.336,-23.83],[151.338,-23.832],[151.342,-23.826],[151.344,-23.824],[151.346,-23.824],[151.346,-23.822],[151.348,-23.822],[151.348,-23.82],[151.362,-23.826],[151.362,-23.828],[151.364,-23.844],[151.364,-23.846],[151.366,-23.846],[151.368,-23.846],[151.366,-23.854],[151.368,-23.866],[151.366,-23.866],[151.368,-23.874],[151.374,-23.88],[151.38,-23.88],[151.382,-23.878],[151.382,-23.876],[151.39,-23.872],[151.39,-23.87],[151.386,-23.846],[151.386,-23.84],[151.378,-23.828],[151.35,-23.796],[151.342,-23.784],[151.332,-23.756],[151.326,-23.786],[151.328,-23.786],[151.328,-23.788],[151.328,-23.792],[151.328,-23.796],[151.332,-23.802],[151.334,-23.804],[151.338,-23.806],[151.336,-23.814],[151.336,-23.816],[151.336,-23.82],[151.338,-23.824],[151.34,-23.826],[151.338,-23.83],[151.336,-23.83]]],[[[151.468,-24.04],[151.476,-24.052],[151.47,-24.04],[151.468,-24.04]]]]}},{"type":"Feature","id":"33430","properties":{"id":"33430","name":"Gold Coast","regionAbbrev":"AUQLD","ste":"3"},"geometry":{"type":"MultiPolygon","coordinates":[[[[153.552,-28.164],[153.55,-28.162],[153.492,-28.132],[153.472,-28.116],[153.466,-28.106],[153.462,-28.096],[153.448,-28.072],[153.442,-28.056],[153.436,-28.028],[153.434,-28.016],[153.43,-27.936],[153.424,-27.974],[153.424,-27.982],[153.42,-27.994],[153.418,-27.994],[153.416,-27.994],[153.42,-27.976],[153.422,-27.976],[153.414,-27.96],[153.41,-27.942],[153.406,-27.924],[153.402,-27.872],[153.348,-27.918],[153.358,-27.89],[153.382,-27.86],[153.396,-27.868],[153.402,-27.86],[153.398,-27.862],[153.398,-27.854],[153.396,-27.854],[153.396,-27.84],[153.396,-27.832],[153.384,-27.838],[153.382,-27.84],[153.384,-27.83],[153.392,-27.83],[153.394,-27.828],[153.384,-27.824],[153.382,-27.822],[153.372,-27.816],[153.37,-27.802],[153.364,-27.798],[153.362,-27.8],[153.362,-27.798],[153.36,-27.798],[153.37,-27.798],[153.372,-27.798],[153.37,-27.8],[153.372,-27.802],[153.378,-27.804],[153.376,-27.816],[153.396,-27.818],[153.41,-27.798],[153.406,-27.786],[153.408,-27.784],[153.386,-27.786],[153.392,-27.794],[153.382,-27.786],[153.384,-27.784],[153.428,-27.778],[153.44,-27.736],[153.426,-27.742],[153.412,-27.74],[153.382,-27.708],[153.374,-27.706],[153.356,-27.704],[153.308,-27.714],[153.31,-27.712],[153.302,-27.712],[153.294,-27.692],[153.288,-27.694],[153.214,-27.714],[153.174,-27.834],[153.224,-27.958],[153.224,-27.966],[153.232,-28.09],[153.192,-28.178],[153.208,-28.252],[153.364,-28.248],[153.478,-28.156],[153.552,-28.164]]],[[[153.416,-27.81],[153.416,-27.808],[153.422,-27.798],[153.414,-27.81],[153.416,-27.81]]],[[[153.438,-27.768],[153.436,-27.77],[153.438,-27.77],[153.438,-27.768]]],[[[153.41,-27.898],[153.412,-27.9],[153.412,-27.898],[153.41,-27.898]]],[[[153.41,-27.848],[153.422,-27.904],[153.43,-27.934],[153.438,-27.768],[153.408,-27.846],[153.41,-27.848]]]]}},{"type":"Feature","id":"33610","properties":{"id":"33610","name":"Goondiwindi","regionAbbrev":"AUQLD","ste":"3"},"geometry":{"type":"Polygon","coordinates":[[[151.366,-29.174],[151.502,-29.072],[151.506,-29.01],[151.458,-28.998],[151.434,-29.068],[151.354,-29.036],[151.39,-28.84],[151.64,-28.524],[151.64,-28.452],[151.696,-28.406],[151.71,-28.338],[151.63,-28.274],[151.53,-28.278],[151.442,-28.152],[151.274,-28.192],[151.048,-28.166],[151.056,-28.094],[150.836,-28.064],[150.796,-27.992],[150.704,-27.934],[150.594,-27.79],[150.514,-27.766],[150.49,-27.788],[150.41,-27.746],[150.388,-27.782],[150.336,-27.76],[150.326,-27.808],[150.274,-27.802],[150.248,-27.908],[150.136,-27.91],[150.066,-27.984],[149.932,-27.966],[149.788,-28.006],[149.632,-27.986],[149.628,-28.014],[149.458,-27.992],[149.406,-28.228],[149.042,-28.186],[148.96,-28.288],[148.92,-28.656],[148.988,-28.664],[148.982,-28.82],[149.056,-28.9],[149.118,-28.832],[149.14,-28.826],[149.142,-28.822],[149.142,-28.82],[149.14,-28.814],[149.168,-28.808],[149.2,-28.77],[149.208,-28.768],[149.224,-28.762],[149.238,-28.748],[149.242,-28.746],[149.244,-28.742],[149.248,-28.738],[149.25,-28.74],[149.256,-28.738],[149.258,-28.738],[149.26,-28.736],[149.264,-28.734],[149.264,-28.738],[149.284,-28.732],[149.284,-28.728],[149.286,-28.726],[149.292,-28.716],[149.292,-28.714],[149.298,-28.71],[149.302,-28.708],[149.31,-28.71],[149.312,-28.71],[149.316,-28.71],[149.322,-28.708],[149.328,-28.706],[149.348,-28.696],[149.352,-28.69],[149.368,-28.688],[149.37,-28.688],[149.386,-28.692],[149.452,-28.594],[149.538,-28.574],[149.598,-28.584],[149.61,-28.598],[149.656,-28.614],[149.672,-28.626],[149.69,-28.628],[149.69,-28.63],[149.698,-28.632],[149.706,-28.622],[149.718,-28.614],[149.75,-28.612],[149.768,-28.612],[149.814,-28.608],[149.874,-28.604],[149.986,-28.604],[150.056,-28.586],[150.156,-28.556],[150.214,-28.574],[150.292,-28.536],[150.414,-28.652],[150.484,-28.662],[150.526,-28.666],[150.634,-28.676],[150.752,-28.634],[151.01,-28.74],[151.044,-28.844],[151.104,-28.836],[151.276,-28.938],[151.28,-29.102],[151.316,-29.166],[151.366,-29.174]]]}},{"type":"Feature","id":"33620","properties":{"id":"33620","name":"Gympie","regionAbbrev":"AUQLD","ste":"3"},"geometry":{"type":"Polygon","coordinates":[[[151.998,-25.77],[151.914,-25.872],[151.79,-25.758],[151.758,-25.802],[151.786,-25.916],[151.754,-25.936],[151.814,-25.956],[151.812,-26.02],[151.94,-26.02],[151.936,-26.092],[151.986,-26.098],[151.952,-26.116],[151.976,-26.174],[152.08,-26.288],[152.064,-26.342],[152.004,-26.376],[152.122,-26.376],[152.168,-26.418],[152.168,-26.474],[152.216,-26.512],[152.278,-26.452],[152.316,-26.48],[152.444,-26.46],[152.458,-26.58],[152.576,-26.584],[152.68,-26.598],[152.712,-26.546],[152.764,-26.538],[152.746,-26.498],[152.79,-26.468],[152.794,-26.418],[152.77,-26.372],[152.768,-26.372],[152.764,-26.374],[152.772,-26.344],[152.794,-26.35],[152.826,-26.224],[152.854,-26.198],[152.924,-26.208],[152.974,-26.136],[153.096,-26.154],[153.19,-25.936],[153.192,-25.934],[153.188,-25.926],[153.186,-25.926],[153.166,-25.95],[153.116,-25.93],[153.074,-25.812],[153.05,-25.808],[153.048,-25.808],[153.068,-25.826],[153.048,-25.858],[153.05,-25.864],[153.052,-25.866],[153.06,-25.87],[153.058,-25.898],[153.058,-25.902],[153.054,-25.904],[153.052,-25.908],[153.05,-25.904],[153.038,-25.908],[153.03,-25.91],[153.034,-25.904],[153.026,-25.908],[153.028,-25.92],[153.028,-25.922],[153.048,-25.94],[153.046,-25.942],[153.04,-25.936],[153.034,-25.948],[153.042,-25.952],[153.04,-25.952],[153.04,-25.956],[153.038,-25.962],[153.04,-25.968],[153.028,-25.954],[153.028,-25.956],[153.028,-25.958],[153.026,-25.96],[153.03,-25.976],[153.026,-25.988],[153.024,-25.988],[153.018,-25.99],[153.016,-25.99],[153.012,-25.98],[153.008,-25.98],[153.008,-25.976],[153.01,-25.976],[153.008,-25.97],[153.006,-25.968],[153.004,-25.968],[153.008,-25.96],[153.004,-25.96],[153.004,-25.958],[153.004,-25.956],[153.004,-25.954],[153.004,-25.952],[153.002,-25.952],[153.004,-25.952],[153.006,-25.95],[153.01,-25.948],[153.024,-25.94],[153.026,-25.942],[153.026,-25.94],[153.03,-25.936],[153.03,-25.934],[153.018,-25.93],[153.02,-25.932],[153.02,-25.936],[153.02,-25.934],[153.016,-25.934],[153.016,-25.938],[153.01,-25.938],[153.008,-25.934],[153.006,-25.934],[153.012,-25.924],[153.008,-25.92],[153.008,-25.91],[153.014,-25.902],[153.012,-25.902],[153.008,-25.906],[153.004,-25.906],[153.004,-25.904],[153.008,-25.904],[153.008,-25.902],[153.004,-25.902],[153.006,-25.9],[153.018,-25.894],[153.02,-25.892],[153.012,-25.882],[153.012,-25.878],[152.994,-25.88],[152.724,-25.846],[152.748,-25.874],[152.63,-25.982],[152.568,-25.922],[152.412,-25.866],[152.346,-25.862],[152.332,-25.906],[152.124,-25.886],[152.116,-25.856],[152.06,-25.886],[152.04,-25.79],[151.998,-25.77]]]}},{"type":"Feature","id":"33800","properties":{"id":"33800","name":"Hinchinbrook","regionAbbrev":"AUQLD","ste":"3"},"geometry":{"type":"MultiPolygon","coordinates":[[[[145.758,-18.396],[145.768,-18.408],[145.738,-18.452],[145.844,-18.592],[145.796,-18.576],[145.798,-18.842],[146.168,-18.936],[146.21,-18.918],[146.288,-18.952],[146.324,-18.928],[146.276,-18.824],[146.346,-18.554],[146.334,-18.52],[146.23,-18.49],[146.196,-18.52],[146.12,-18.506],[146.086,-18.4],[145.968,-18.396],[145.948,-18.364],[145.882,-18.406],[145.824,-18.406],[145.812,-18.378],[145.758,-18.396]]],[[[146.486,-18.616],[146.49,-18.668],[146.484,-18.566],[146.486,-18.616]]]]}},{"type":"Feature","id":"33830","properties":{"id":"33830","name":"Hope Vale","regionAbbrev":"AUQLD","ste":"3"},"geometry":{"type":"Polygon","coordinates":[[[145.24,-15.442],[145.288,-15.376],[145.286,-15.316],[145.358,-15.272],[145.34,-15.226],[145.316,-15.26],[145.266,-15.254],[145.234,-15.138],[145.354,-14.984],[145.352,-14.958],[145.29,-14.962],[145.22,-14.88],[145.232,-14.832],[145.202,-14.838],[145.188,-14.838],[145.142,-14.832],[145.13,-14.98],[145.17,-14.984],[145.15,-15.092],[145.154,-15.084],[145.188,-15.124],[145.164,-15.142],[145.146,-15.146],[145.126,-15.148],[145.086,-15.138],[145.08,-15.26],[145.032,-15.268],[145.062,-15.312],[145.034,-15.366],[145.08,-15.398],[145.15,-15.362],[145.152,-15.404],[145.1,-15.418],[145.196,-15.416],[145.194,-15.42],[145.24,-15.442]],[[145.196,-15.402],[145.2,-15.402],[145.156,-15.406],[145.154,-15.392],[145.152,-15.392],[145.19,-15.384],[145.196,-15.402]]]}},{"type":"Feature","id":"33960","properties":{"id":"33960","name":"Ipswich","regionAbbrev":"AUQLD","ste":"3"},"geometry":{"type":"Polygon","coordinates":[[[152.73,-27.496],[152.7,-27.516],[152.684,-27.528],[152.682,-27.53],[152.602,-27.552],[152.514,-27.566],[152.488,-27.604],[152.488,-27.606],[152.458,-27.662],[152.422,-27.652],[152.392,-27.692],[152.402,-27.864],[152.53,-27.716],[152.786,-27.79],[152.804,-27.824],[152.808,-27.758],[152.924,-27.708],[152.942,-27.626],[152.908,-27.604],[152.902,-27.602],[152.9,-27.602],[152.898,-27.602],[152.892,-27.594],[152.892,-27.592],[152.89,-27.59],[152.856,-27.596],[152.844,-27.53],[152.744,-27.566],[152.764,-27.52],[152.73,-27.496]]]}},{"type":"Feature","id":"33980","properties":{"id":"33980","name":"Isaac","regionAbbrev":"AUQLD","ste":"3"},"geometry":{"type":"MultiPolygon","coordinates":[[[[147.288,-23.35],[147.262,-23.21],[147.354,-23.19],[147.478,-23.092],[147.52,-23.028],[147.504,-22.986],[147.554,-23.008],[147.606,-22.892],[147.622,-22.912],[147.682,-22.912],[147.682,-22.91],[147.686,-22.914],[147.702,-22.89],[147.798,-22.798],[147.896,-22.762],[147.912,-22.718],[147.986,-22.704],[148.014,-22.654],[148.064,-22.738],[148.178,-22.79],[148.232,-22.776],[148.24,-22.74],[148.344,-22.724],[148.372,-22.79],[148.276,-22.876],[148.326,-22.95],[148.458,-22.866],[148.542,-22.876],[148.544,-22.96],[148.586,-22.984],[148.562,-23.116],[148.624,-23.148],[148.504,-23.33],[148.57,-23.378],[148.536,-23.556],[148.62,-23.536],[148.636,-23.476],[148.706,-23.436],[148.672,-23.42],[148.714,-23.352],[148.75,-23.38],[148.782,-23.35],[148.824,-23.378],[148.866,-23.356],[148.856,-23.264],[148.926,-23.262],[149.008,-23.166],[148.974,-23.096],[149.048,-23.058],[149.198,-23.05],[149.33,-22.876],[149.37,-22.878],[149.436,-22.828],[149.45,-22.74],[149.378,-22.658],[149.39,-22.616],[149.424,-22.646],[149.466,-22.596],[149.518,-22.622],[149.626,-22.598],[149.66,-22.5],[149.752,-22.436],[149.768,-22.37],[149.658,-22.354],[149.554,-22.186],[149.432,-21.746],[149.422,-21.772],[149.426,-21.742],[149.442,-21.742],[149.458,-21.73],[149.434,-21.722],[149.456,-21.726],[149.48,-21.742],[149.44,-21.63],[149.386,-21.624],[149.256,-21.742],[149.172,-21.77],[149.066,-21.732],[149.036,-21.77],[148.998,-21.68],[149.05,-21.622],[149.086,-21.49],[149.076,-21.39],[149.034,-21.354],[148.902,-21.404],[148.764,-21.394],[148.7,-21.344],[148.686,-21.376],[148.548,-21.368],[148.47,-21.274],[148.43,-21.298],[148.308,-21.222],[148.292,-21.152],[148.33,-21.114],[148.226,-20.982],[148.228,-20.93],[148.068,-21.026],[148.01,-20.988],[148.026,-21.1],[148.096,-21.21],[148.028,-21.27],[147.946,-21.29],[147.844,-21.262],[147.81,-21.194],[147.764,-21.19],[147.826,-21.312],[147.658,-21.49],[147.636,-21.592],[147.584,-21.642],[147.44,-21.69],[147.312,-21.646],[147.214,-21.67],[147.138,-21.554],[146.932,-21.512],[146.904,-21.468],[146.836,-21.574],[146.834,-21.642],[146.492,-21.566],[146.484,-21.68],[146.396,-21.662],[146.348,-21.518],[146.094,-21.51],[146.07,-21.808],[146.128,-21.814],[146.118,-21.9],[146.212,-21.908],[146.202,-22.004],[146.072,-21.996],[146.032,-22.104],[146.074,-22.122],[146.052,-22.338],[146.122,-22.346],[146.11,-22.446],[146.276,-22.462],[146.27,-22.508],[146.452,-22.498],[146.402,-22.756],[146.548,-22.768],[146.526,-22.804],[146.56,-22.876],[146.646,-22.882],[146.754,-22.984],[146.79,-23.128],[146.884,-23.218],[146.856,-23.304],[146.934,-23.314],[146.94,-23.26],[146.976,-23.262],[147.08,-23.28],[147.076,-23.306],[147.162,-23.34],[147.288,-23.35]]],[[[150.248,-21.652],[150.244,-21.676],[150.302,-21.664],[150.248,-21.618],[150.248,-21.652]]],[[[150.358,-21.734],[150.3,-21.746],[150.332,-21.772],[150.358,-21.734]]],[[[149.802,-21.594],[149.782,-21.612],[149.82,-21.606],[149.802,-21.594]]]]}},{"type":"Feature","id":"34420","properties":{"id":"34420","name":"Kowanyama","regionAbbrev":"AUQLD","ste":"3"},"geometry":{"type":"Polygon","coordinates":[[[142.094,-15.19],[142.134,-14.986],[142.058,-15.068],[141.79,-15.146],[141.724,-15.138],[141.652,-15.068],[141.486,-15.498],[141.558,-15.528],[141.628,-15.542],[141.974,-15.568],[141.996,-15.452],[141.94,-15.39],[141.968,-15.356],[142.026,-15.378],[142.094,-15.19]]]}},{"type":"Feature","id":"34530","properties":{"id":"34530","name":"Livingstone","regionAbbrev":"AUQLD","ste":"3"},"geometry":{"type":"MultiPolygon","coordinates":[[[[149.674,-23.082],[149.822,-22.98],[149.928,-23.01],[149.926,-23.056],[149.996,-23.086],[150.066,-23.034],[150.066,-23.084],[150.136,-23.096],[150.162,-23.146],[150.214,-23.108],[150.386,-23.142],[150.402,-23.192],[150.342,-23.246],[150.366,-23.266],[150.422,-23.244],[150.452,-23.34],[150.474,-23.3],[150.478,-23.3],[150.588,-23.268],[150.614,-23.342],[150.584,-23.342],[150.572,-23.398],[150.662,-23.49],[150.638,-23.516],[150.792,-23.506],[150.87,-23.482],[150.844,-23.452],[150.842,-23.452],[150.794,-23.336],[150.798,-23.336],[150.794,-23.324],[150.784,-23.324],[150.776,-23.322],[150.774,-23.32],[150.76,-23.296],[150.79,-23.31],[150.83,-23.258],[150.83,-23.256],[150.83,-23.254],[150.828,-23.236],[150.81,-23.228],[150.8,-23.228],[150.798,-23.224],[150.79,-23.206],[150.788,-23.2],[150.79,-23.2],[150.79,-23.206],[150.792,-23.206],[150.794,-23.2],[150.796,-23.162],[150.794,-23.162],[150.784,-23.164],[150.764,-23.144],[150.752,-23.136],[150.792,-22.944],[150.796,-22.934],[150.808,-22.802],[150.81,-22.798],[150.812,-22.798],[150.81,-22.798],[150.822,-22.732],[150.824,-22.732],[150.824,-22.728],[150.822,-22.722],[150.824,-22.72],[150.83,-22.704],[150.832,-22.704],[150.834,-22.684],[150.812,-22.676],[150.81,-22.676],[150.804,-22.646],[150.802,-22.646],[150.794,-22.646],[150.784,-22.564],[150.786,-22.56],[150.786,-22.558],[150.786,-22.556],[150.79,-22.554],[150.788,-22.552],[150.784,-22.548],[150.782,-22.544],[150.782,-22.542],[150.788,-22.536],[150.786,-22.534],[150.784,-22.534],[150.782,-22.53],[150.782,-22.528],[150.772,-22.526],[150.772,-22.522],[150.77,-22.522],[150.756,-22.524],[150.756,-22.526],[150.772,-22.548],[150.772,-22.55],[150.768,-22.55],[150.76,-22.568],[150.758,-22.57],[150.756,-22.57],[150.756,-22.572],[150.754,-22.588],[150.748,-22.632],[150.75,-22.634],[150.748,-22.634],[150.74,-22.63],[150.734,-22.628],[150.732,-22.63],[150.728,-22.634],[150.732,-22.636],[150.728,-22.634],[150.728,-22.636],[150.724,-22.634],[150.724,-22.636],[150.722,-22.636],[150.71,-22.634],[150.694,-22.606],[150.714,-22.624],[150.712,-22.626],[150.724,-22.632],[150.73,-22.628],[150.732,-22.624],[150.722,-22.556],[150.692,-22.556],[150.688,-22.574],[150.68,-22.562],[150.644,-22.474],[150.724,-22.518],[150.756,-22.448],[150.694,-22.43],[150.67,-22.346],[150.666,-22.454],[150.656,-22.422],[150.628,-22.442],[150.658,-22.414],[150.612,-22.388],[150.644,-22.38],[150.618,-22.35],[150.646,-22.346],[150.562,-22.316],[150.53,-22.402],[150.54,-22.442],[150.59,-22.464],[150.532,-22.446],[150.596,-22.486],[150.552,-22.484],[150.594,-22.572],[150.556,-22.562],[150.552,-22.616],[150.534,-22.602],[150.516,-22.556],[150.546,-22.56],[150.492,-22.52],[150.488,-22.542],[150.324,-22.428],[150.178,-22.36],[150.192,-22.322],[150.044,-22.124],[149.956,-22.184],[149.914,-22.346],[150.048,-22.66],[149.812,-22.382],[149.752,-22.436],[149.66,-22.5],[149.626,-22.598],[149.518,-22.622],[149.466,-22.596],[149.424,-22.646],[149.39,-22.616],[149.378,-22.658],[149.45,-22.74],[149.436,-22.828],[149.37,-22.878],[149.416,-22.918],[149.428,-23.018],[149.486,-23.058],[149.48,-23.112],[149.674,-23.082]]],[[[150.814,-23.356],[150.814,-23.358],[150.816,-23.356],[150.814,-23.356]]],[[[150.94,-23.198],[150.956,-23.188],[150.966,-23.188],[150.968,-23.186],[150.982,-23.174],[150.98,-23.174],[150.976,-23.15],[150.956,-23.166],[150.956,-23.168],[150.954,-23.168],[150.94,-23.198]]],[[[150.186,-21.978],[150.152,-21.974],[150.168,-22.004],[150.186,-21.978]]],[[[150.488,-22.258],[150.46,-22.296],[150.5,-22.302],[150.486,-22.35],[150.562,-22.296],[150.48,-22.206],[150.488,-22.258]]],[[[149.862,-22.17],[149.866,-22.222],[149.902,-22.232],[149.93,-22.136],[149.908,-22.052],[149.862,-22.17]]],[[[150.014,-22.106],[149.938,-22.144],[149.944,-22.172],[150.04,-22.112],[150.014,-22.106]]]]}},{"type":"Feature","id":"34570","properties":{"id":"34570","name":"Lockhart River","regionAbbrev":"AUQLD","ste":"3"},"geometry":{"type":"Polygon","coordinates":[[[143.596,-13.414],[143.526,-13.324],[143.502,-13.126],[143.5,-12.94],[143.544,-12.844],[143.538,-12.84],[143.532,-12.842],[143.53,-12.842],[143.514,-12.85],[143.482,-12.862],[143.478,-12.864],[143.454,-12.852],[143.406,-12.866],[143.402,-12.9],[143.368,-12.89],[143.354,-12.864],[143.362,-12.79],[143.294,-12.774],[143.31,-12.82],[143.308,-12.82],[143.236,-12.872],[143.218,-12.78],[143.188,-12.73],[143.214,-12.708],[143.218,-12.642],[143.216,-12.642],[143.214,-12.644],[143.174,-12.594],[143.186,-12.55],[143.088,-12.564],[143.03,-12.696],[142.926,-12.694],[142.932,-12.776],[142.884,-12.806],[142.962,-12.896],[142.958,-12.946],[142.894,-12.992],[142.98,-13.12],[143.164,-13.144],[143.252,-13.138],[143.242,-13.25],[143.344,-13.248],[143.32,-13.29],[143.354,-13.284],[143.39,-13.33],[143.318,-13.486],[143.53,-13.43],[143.596,-13.414]]]}},{"type":"Feature","id":"34580","properties":{"id":"34580","name":"Lockyer Valley","regionAbbrev":"AUQLD","ste":"3"},"geometry":{"type":"Polygon","coordinates":[[[152.514,-27.566],[152.48,-27.482],[152.402,-27.414],[152.316,-27.398],[152.294,-27.426],[152.292,-27.4],[152.192,-27.386],[152.162,-27.446],[152.088,-27.398],[152.054,-27.392],[151.964,-27.47],[151.956,-27.518],[151.998,-27.524],[152.018,-27.58],[151.942,-27.632],[152.132,-27.784],[152.136,-27.786],[152.152,-27.876],[152.23,-27.95],[152.234,-27.95],[152.238,-27.952],[152.252,-27.954],[152.39,-27.974],[152.402,-27.864],[152.392,-27.692],[152.422,-27.652],[152.458,-27.662],[152.488,-27.606],[152.488,-27.604],[152.514,-27.566]]]}},{"type":"Feature","id":"34590","properties":{"id":"34590","name":"Logan","regionAbbrev":"AUQLD","ste":"3"},"geometry":{"type":"Polygon","coordinates":[[[152.942,-27.626],[152.924,-27.708],[152.808,-27.758],[152.804,-27.824],[152.836,-27.87],[152.946,-27.842],[152.96,-27.92],[153.026,-27.9],[153.07,-27.938],[153.07,-27.936],[153.072,-27.936],[153.104,-27.868],[153.174,-27.834],[153.214,-27.714],[153.288,-27.694],[153.29,-27.688],[153.282,-27.66],[153.176,-27.634],[153.176,-27.606],[153.106,-27.592],[153.096,-27.64],[153.034,-27.66],[152.942,-27.626]]]}},{"type":"Feature","id":"34710","properties":{"id":"34710","name":"Longreach","regionAbbrev":"AUQLD","ste":"3"},"geometry":{"type":"Polygon","coordinates":[[[143.614,-22.538],[143.632,-22.558],[143.48,-22.672],[143.4,-22.67],[143.398,-22.728],[143.3,-22.722],[143.244,-22.89],[143.108,-22.996],[143.006,-22.988],[142.98,-23.136],[143.07,-23.238],[142.946,-23.334],[142.924,-23.31],[142.906,-23.352],[142.852,-23.346],[142.81,-23.636],[142.888,-23.648],[142.878,-23.702],[142.95,-23.708],[142.934,-23.866],[143.07,-23.878],[143.04,-24.134],[143.104,-24.138],[143.1,-24.268],[143.298,-24.278],[143.374,-24.12],[143.46,-24.13],[143.464,-24.1],[143.638,-24.118],[143.63,-24.176],[143.744,-24.186],[143.694,-24.44],[143.77,-24.446],[143.758,-24.546],[143.72,-24.508],[143.536,-24.642],[143.606,-24.732],[143.428,-24.872],[143.56,-25.012],[143.61,-24.952],[143.664,-25.016],[143.896,-24.802],[144.15,-25.06],[144.182,-25.036],[144.254,-25.116],[144.196,-25.164],[144.226,-25.254],[144.382,-25.114],[144.4,-25.132],[144.462,-25.032],[144.482,-25.078],[144.628,-24.968],[144.652,-24.662],[144.686,-24.648],[144.656,-24.632],[144.7,-24.21],[144.79,-24.22],[144.804,-24.066],[144.842,-24.032],[144.884,-24.006],[144.796,-23.998],[144.788,-23.936],[144.826,-23.696],[144.776,-23.69],[144.796,-23.518],[144.87,-23.524],[144.872,-23.362],[144.91,-23.348],[144.918,-23.29],[144.906,-23.114],[144.852,-23.108],[144.864,-23.006],[144.482,-22.968],[144.474,-22.922],[144.594,-22.694],[144.5,-22.658],[144.504,-22.606],[144.244,-22.6],[144.24,-22.632],[144.168,-22.624],[144.176,-22.594],[143.942,-22.592],[143.888,-22.496],[143.776,-22.564],[143.614,-22.538]]]}},{"type":"Feature","id":"34770","properties":{"id":"34770","name":"Mackay","regionAbbrev":"AUQLD","ste":"3"},"geometry":{"type":"MultiPolygon","coordinates":[[[[149.44,-21.63],[149.484,-21.53],[149.436,-21.578],[149.374,-21.534],[149.396,-21.492],[149.35,-21.508],[149.338,-21.474],[149.29,-21.504],[149.298,-21.426],[149.334,-21.432],[149.328,-21.41],[149.276,-21.4],[149.318,-21.394],[149.3,-21.272],[149.256,-21.244],[149.18,-21.284],[149.214,-21.242],[149.174,-21.198],[149.196,-21.21],[149.216,-21.144],[149.154,-21.142],[149.198,-21.126],[149.224,-21.148],[149.228,-21.062],[149.206,-21.076],[149.158,-21],[149.092,-20.976],[149.016,-20.992],[149.02,-20.928],[149.062,-20.928],[149.046,-20.902],[148.916,-20.892],[148.886,-20.848],[148.846,-20.876],[148.84,-20.824],[148.796,-20.812],[148.842,-20.79],[148.742,-20.718],[148.726,-20.688],[148.72,-20.634],[148.706,-20.64],[148.694,-20.632],[148.692,-20.626],[148.67,-20.57],[148.64,-20.548],[148.592,-20.6],[148.556,-20.58],[148.57,-20.624],[148.528,-20.654],[148.492,-20.622],[148.458,-20.736],[148.362,-20.806],[148.166,-20.77],[148.152,-20.848],[148.228,-20.93],[148.226,-20.982],[148.33,-21.114],[148.292,-21.152],[148.308,-21.222],[148.43,-21.298],[148.47,-21.274],[148.548,-21.368],[148.686,-21.376],[148.7,-21.344],[148.764,-21.394],[148.902,-21.404],[149.034,-21.354],[149.076,-21.39],[149.086,-21.49],[149.05,-21.622],[148.998,-21.68],[149.036,-21.77],[149.066,-21.732],[149.172,-21.77],[149.256,-21.742],[149.386,-21.624],[149.44,-21.63]]],[[[149.068,-20.526],[149.106,-20.48],[149.084,-20.434],[149.064,-20.504],[149.038,-20.502],[149.068,-20.526]]],[[[149.624,-20.856],[149.578,-20.87],[149.616,-20.884],[149.624,-20.856]]],[[[149.396,-20.92],[149.424,-20.924],[149.418,-20.898],[149.396,-20.92]]]]}},{"type":"Feature","id":"34800","properties":{"id":"34800","name":"McKinlay","regionAbbrev":"AUQLD","ste":"3"},"geometry":{"type":"Polygon","coordinates":[[[140.922,-19.134],[140.998,-19.26],[140.976,-19.33],[141.04,-19.494],[141.016,-19.556],[140.948,-19.582],[140.942,-19.64],[140.75,-19.628],[140.74,-19.666],[140.822,-19.708],[140.818,-19.758],[140.886,-19.764],[140.876,-19.928],[140.9,-19.932],[140.784,-20.022],[140.998,-20.224],[140.908,-20.298],[141.082,-20.314],[141.014,-20.43],[141.084,-20.59],[141.078,-20.644],[140.96,-20.634],[140.95,-20.742],[140.832,-20.874],[140.828,-20.988],[140.874,-20.99],[140.866,-21.098],[140.834,-21.096],[140.806,-21.194],[140.81,-21.22],[140.882,-21.224],[140.876,-21.322],[140.856,-21.358],[140.808,-21.354],[140.8,-21.42],[140.844,-21.426],[140.96,-21.624],[140.924,-21.772],[140.866,-21.81],[140.856,-21.934],[140.914,-21.938],[140.882,-22.048],[140.982,-22.052],[140.994,-21.894],[141.064,-21.902],[141.064,-21.928],[141.31,-21.94],[141.484,-21.946],[141.508,-21.75],[141.584,-21.756],[141.58,-21.792],[142.05,-21.816],[142.072,-21.54],[142.038,-21.52],[142.08,-21.488],[142.092,-21.382],[142.064,-21.38],[142.138,-21.324],[142.048,-21.224],[142.25,-21.236],[142.256,-21.17],[142.222,-21.166],[142.238,-21.014],[142.204,-20.988],[142.292,-20.994],[142.302,-20.884],[142.356,-20.796],[142.364,-20.72],[142.31,-20.714],[142.362,-20.568],[142.382,-20.334],[142.336,-20.33],[142.376,-19.6],[142.602,-19.62],[142.604,-19.402],[142.374,-19.4],[142.168,-19.382],[142.16,-19.454],[142.034,-19.442],[141.906,-19.41],[141.908,-19.372],[141.81,-19.368],[141.754,-19.304],[141.692,-19.356],[141.642,-19.306],[141.61,-19.33],[141.412,-19.314],[141.418,-19.242],[141.096,-19.198],[141.106,-19.148],[140.922,-19.134]]]}},{"type":"Feature","id":"34830","properties":{"id":"34830","name":"Mapoon","regionAbbrev":"AUQLD","ste":"3"},"geometry":{"type":"MultiPolygon","coordinates":[[[[142.076,-12.278],[142.112,-12.3],[142.13,-12.392],[142.22,-12.278],[142.076,-12.278]]],[[[141.914,-12.164],[141.946,-12.144],[141.886,-11.984],[141.91,-11.954],[141.886,-11.952],[141.726,-12.228],[141.814,-12.242],[141.85,-12.24],[141.85,-12.194],[141.914,-12.164]]],[[[141.994,-12.06],[141.958,-12.042],[141.932,-12.07],[141.95,-12.15],[141.924,-12.168],[141.962,-12.18],[141.968,-12.066],[142.004,-12.128],[142.022,-12.08],[142.046,-12.112],[142.066,-12.006],[142.104,-11.982],[142.046,-11.986],[142.024,-12.074],[141.994,-12.06]]]]}},{"type":"Feature","id":"34860","properties":{"id":"34860","name":"Maranoa","regionAbbrev":"AUQLD","ste":"3"},"geometry":{"type":"Polygon","coordinates":[[[149.496,-27.754],[149.508,-27.678],[149.466,-27.674],[149.498,-27.432],[149.456,-27.376],[149.594,-27.222],[149.558,-27.19],[149.68,-27.074],[149.616,-27.04],[149.668,-27.014],[149.588,-26.828],[149.684,-26.774],[149.672,-26.668],[149.702,-26.61],[149.668,-26.606],[149.706,-26.492],[149.728,-26.47],[149.686,-26.464],[149.752,-26.39],[149.822,-26.38],[149.818,-26.302],[149.57,-26.302],[149.566,-26.332],[149.506,-26.336],[149.512,-26.29],[149.442,-26.314],[149.4,-26.276],[149.156,-26.308],[149.218,-26.052],[149.136,-26.044],[149.098,-25.948],[149.108,-25.87],[149.028,-25.802],[149.032,-25.77],[148.962,-25.79],[148.902,-25.76],[148.94,-25.684],[148.974,-25.712],[149.066,-25.646],[149.02,-25.604],[148.986,-25.612],[149.024,-25.56],[148.938,-25.458],[148.834,-25.46],[148.726,-25.4],[148.744,-25.278],[148.666,-25.31],[148.568,-25.25],[148.412,-25.26],[148.306,-25.212],[148.236,-25.1],[148.162,-25.084],[148.094,-25.014],[148.056,-24.912],[147.952,-24.882],[147.766,-25.034],[147.66,-25.004],[147.656,-25.23],[147.554,-25.218],[147.542,-25.312],[147.36,-25.29],[147.394,-25.354],[147.356,-25.5],[147.306,-25.494],[147.286,-25.64],[147.18,-25.628],[147.16,-25.78],[147.26,-25.792],[147.282,-25.916],[147.456,-25.98],[147.452,-26.08],[147.444,-26.134],[147.36,-26.156],[147.374,-26.286],[147.344,-26.282],[147.306,-26.528],[147.216,-26.528],[147.21,-26.574],[147.25,-26.594],[147.206,-26.966],[147.064,-26.956],[147.05,-27.01],[147.03,-27.092],[147.098,-27.1],[147.046,-27.376],[147.062,-27.536],[147.064,-27.566],[147.144,-27.574],[147.124,-27.898],[147.286,-27.902],[147.292,-27.868],[147.444,-27.886],[147.448,-27.83],[147.562,-27.844],[147.584,-27.706],[147.638,-27.71],[147.65,-27.626],[147.916,-27.628],[147.918,-27.588],[148.018,-27.6],[148.012,-27.654],[148.056,-27.624],[148.096,-27.668],[148.184,-27.612],[148.284,-27.682],[148.416,-27.596],[148.592,-27.624],[148.584,-27.674],[148.742,-27.692],[148.726,-27.578],[148.84,-27.576],[148.836,-27.614],[149.002,-27.632],[149.042,-27.582],[149.052,-27.626],[149.19,-27.642],[149.186,-27.676],[149.428,-27.702],[149.424,-27.75],[149.496,-27.754]]]}},{"type":"Feature","id":"34880","properties":{"id":"34880","name":"Mareeba","regionAbbrev":"AUQLD","ste":"3"},"geometry":{"type":"Polygon","coordinates":[[[145.618,-16.716],[145.518,-16.674],[145.53,-16.622],[145.448,-16.644],[145.404,-16.512],[145.354,-16.556],[145.296,-16.536],[145.27,-16.466],[145.14,-16.348],[145.134,-16.286],[145.022,-16.22],[144.976,-16.28],[144.992,-16.316],[144.894,-16.35],[144.874,-16.328],[144.84,-16.364],[144.762,-16.264],[144.718,-16.252],[144.68,-16.332],[144.572,-16.29],[144.516,-16.306],[144.508,-16.354],[144.416,-16.35],[144.344,-16.286],[144.318,-16.33],[144.248,-16.344],[144.098,-16.13],[144.044,-16.148],[143.95,-16.108],[143.916,-16.136],[143.874,-16.106],[143.758,-16.164],[143.632,-16.074],[143.528,-16.094],[143.39,-16.042],[143.224,-16.108],[142.712,-16.078],[142.742,-16.112],[142.7,-16.172],[142.638,-16.132],[142.596,-16.19],[142.508,-16.972],[142.422,-17.086],[142.542,-17.176],[142.402,-17.354],[142.342,-17.286],[142.174,-17.432],[142.268,-17.492],[142.368,-17.508],[142.42,-17.602],[142.51,-17.662],[142.79,-17.648],[142.972,-17.584],[142.978,-17.546],[143.196,-17.558],[143.214,-17.516],[143.256,-17.512],[143.382,-17.55],[143.524,-17.656],[143.678,-17.61],[143.732,-17.654],[143.976,-17.68],[143.972,-17.756],[144.144,-17.954],[144.31,-17.968],[144.342,-17.944],[144.456,-18.054],[144.472,-18.012],[144.604,-18.046],[144.752,-18.216],[144.762,-18.13],[144.804,-18.11],[144.814,-18.146],[144.864,-18.112],[144.868,-17.9],[144.966,-17.746],[144.994,-17.606],[145.184,-17.514],[145.224,-17.528],[145.26,-17.41],[145.422,-17.33],[145.396,-17.088],[145.444,-17.13],[145.456,-17.144],[145.514,-17.17],[145.58,-17.092],[145.622,-17.09],[145.674,-16.894],[145.618,-16.716]]]}},{"type":"Feature","id":"35010","properties":{"id":"35010","name":"Moreton Bay","regionAbbrev":"AUQLD","ste":"3"},"geometry":{"type":"MultiPolygon","coordinates":[[[[153.066,-27.28],[153.054,-27.23],[153.07,-27.25],[153.088,-27.258],[153.118,-27.232],[153.116,-27.226],[153.12,-27.212],[153.118,-27.206],[153.03,-27.178],[153.066,-27.11],[153.124,-27.086],[153.136,-27.07],[153.104,-27.064],[153.106,-27.064],[153.11,-27.064],[153.044,-26.968],[153.018,-26.976],[152.922,-26.96],[152.858,-26.956],[152.87,-26.872],[152.78,-26.796],[152.68,-26.8],[152.67,-26.852],[152.672,-26.932],[152.67,-26.936],[152.664,-26.946],[152.664,-26.966],[152.702,-27.03],[152.696,-27.044],[152.694,-27.056],[152.676,-27.088],[152.734,-27.102],[152.734,-27.17],[152.682,-27.262],[152.754,-27.294],[152.748,-27.318],[152.75,-27.318],[152.776,-27.392],[152.85,-27.422],[152.94,-27.402],[152.942,-27.404],[152.948,-27.408],[152.976,-27.4],[152.988,-27.358],[152.982,-27.344],[153.002,-27.32],[153.002,-27.318],[153.002,-27.316],[153,-27.312],[152.996,-27.308],[153.066,-27.28]]],[[[153.148,-26.936],[153.088,-26.952],[153.134,-27.05],[153.166,-27.1],[153.208,-27.084],[153.148,-26.936]]]]}},{"type":"Feature","id":"35250","properties":{"id":"35250","name":"Mornington","regionAbbrev":"AUQLD","ste":"3"},"geometry":{"type":"MultiPolygon","coordinates":[[[[139.702,-16.514],[139.676,-16.45],[139.55,-16.39],[139.466,-16.446],[139.306,-16.462],[139.15,-16.634],[139.23,-16.732],[139.314,-16.73],[139.374,-16.686],[139.376,-16.642],[139.452,-16.666],[139.454,-16.57],[139.506,-16.578],[139.516,-16.546],[139.476,-16.526],[139.53,-16.518],[139.548,-16.46],[139.594,-16.554],[139.702,-16.514]]],[[[139.138,-16.804],[139.094,-16.812],[139.096,-16.842],[139.15,-16.824],[139.138,-16.804]]],[[[139.634,-17.086],[139.626,-17.062],[139.604,-17.138],[139.634,-17.086]]],[[[139.486,-17.118],[139.578,-17.094],[139.494,-16.98],[139.49,-17.044],[139.462,-17.024],[139.394,-17.082],[139.434,-17.138],[139.43,-17.104],[139.482,-17.084],[139.486,-17.118]]],[[[139.232,-17.024],[139.208,-17.002],[139.266,-17.058],[139.232,-17.024]]],[[[139.176,-16.732],[139.172,-16.67],[139.142,-16.754],[139.176,-16.732]]],[[[139.456,-16.672],[139.454,-16.708],[139.478,-16.678],[139.456,-16.672]]]]}},{"type":"Feature","id":"35300","properties":{"id":"35300","name":"Mount Isa","regionAbbrev":"AUQLD","ste":"3"},"geometry":{"type":"Polygon","coordinates":[[[139.554,-20.9],[139.724,-20.906],[139.744,-20.666],[139.91,-20.622],[139.864,-20.498],[139.878,-20.436],[140.034,-20.534],[140.024,-20.436],[139.944,-20.396],[139.972,-20.212],[139.734,-20.232],[139.732,-20.184],[139.78,-20.188],[139.806,-19.808],[139.73,-19.794],[139.726,-19.848],[139.514,-19.822],[139.534,-19.724],[139.47,-19.718],[139.486,-19.436],[139.514,-19.438],[139.552,-19.166],[139.206,-19.138],[139.21,-19.084],[139.158,-19.04],[139.224,-18.914],[139.158,-18.874],[139.05,-18.964],[138.986,-18.904],[139.078,-18.866],[138.988,-18.77],[138.916,-18.83],[138.768,-18.672],[138.704,-18.734],[138.734,-18.75],[138.686,-18.84],[138.604,-18.816],[138.53,-18.882],[138.476,-18.824],[138.194,-18.776],[138.238,-18.194],[137.996,-18.178],[137.998,-21.194],[138.16,-21.204],[138.178,-20.998],[138.342,-20.998],[138.316,-21.02],[138.42,-21.128],[138.364,-21.176],[138.49,-21.312],[138.53,-21.314],[138.686,-21.146],[139.042,-20.864],[139.13,-20.96],[139.398,-20.968],[139.396,-20.892],[139.554,-20.9]]]}},{"type":"Feature","id":"35600","properties":{"id":"35600","name":"Murweh","regionAbbrev":"AUQLD","ste":"3"},"geometry":{"type":"Polygon","coordinates":[[[145.462,-25.504],[145.414,-26.022],[145.374,-26.018],[145.356,-26.16],[145.3,-26.154],[145.284,-26.302],[145.33,-26.304],[145.31,-26.46],[145.36,-26.464],[145.34,-26.61],[145.286,-26.636],[145.33,-26.702],[145.322,-26.754],[145.274,-26.75],[145.254,-27.006],[145.256,-27.04],[145.6,-27.074],[145.624,-27.044],[145.796,-27.06],[145.808,-26.976],[146.23,-27.01],[146.222,-27.082],[146.456,-27.102],[146.454,-27.174],[146.606,-27.192],[146.586,-27.328],[146.67,-27.336],[146.64,-27.49],[147.062,-27.536],[147.046,-27.376],[147.098,-27.1],[147.03,-27.092],[147.05,-27.01],[147.064,-26.956],[147.206,-26.966],[147.25,-26.594],[147.21,-26.574],[147.216,-26.528],[147.306,-26.528],[147.344,-26.282],[147.374,-26.286],[147.36,-26.156],[147.444,-26.134],[147.452,-26.08],[147.456,-25.98],[147.282,-25.916],[147.26,-25.792],[147.16,-25.78],[147.18,-25.628],[147.286,-25.64],[147.306,-25.494],[147.356,-25.5],[147.394,-25.354],[147.36,-25.29],[147.542,-25.312],[147.554,-25.218],[147.656,-25.23],[147.66,-25.004],[147.766,-25.034],[147.952,-24.882],[147.824,-24.734],[147.758,-24.728],[147.58,-24.836],[147.508,-24.82],[147.484,-24.876],[147.322,-24.87],[147.296,-24.896],[147.238,-24.986],[147.182,-24.992],[147.136,-24.958],[147.098,-25.002],[147.066,-24.99],[147.094,-25.068],[147.008,-25.074],[147.002,-25.152],[146.946,-25.148],[146.938,-25.21],[146.88,-25.22],[146.738,-25.358],[146.758,-25.188],[146.576,-25.174],[146.566,-25.308],[146.496,-25.304],[146.51,-25.334],[146.216,-25.274],[146.172,-25.588],[145.972,-25.568],[145.978,-25.488],[145.94,-25.488],[145.968,-25.636],[145.946,-25.72],[145.746,-25.692],[145.75,-25.616],[145.674,-25.608],[145.584,-25.754],[145.494,-25.746],[145.55,-25.51],[145.462,-25.504]]]}},{"type":"Feature","id":"35670","properties":{"id":"35670","name":"Napranum","regionAbbrev":"AUQLD","ste":"3"},"geometry":{"type":"MultiPolygon","coordinates":[[[[141.87,-12.874],[141.828,-12.874],[141.802,-12.914],[141.848,-12.942],[141.87,-12.874]]],[[[141.912,-12.748],[141.91,-12.75],[141.908,-12.752],[141.908,-12.764],[141.912,-12.748]]],[[[142.168,-12.764],[142.196,-12.638],[142.566,-12.662],[142.488,-12.486],[142.406,-12.52],[142.308,-12.426],[142.262,-12.366],[142.148,-12.402],[142.13,-12.392],[142.112,-12.3],[142.076,-12.278],[142.042,-12.278],[142.042,-12.498],[141.996,-12.572],[141.964,-12.532],[141.91,-12.574],[141.942,-12.56],[142.004,-12.6],[142.13,-12.566],[142.172,-12.562],[142.186,-12.612],[142.096,-12.684],[141.964,-12.71],[142.002,-12.774],[142.014,-12.738],[142.05,-12.742],[142.07,-12.786],[142.11,-12.74],[142.168,-12.764]]],[[[141.766,-12.808],[141.754,-12.83],[141.802,-12.836],[141.804,-12.746],[141.766,-12.808]]],[[[141.702,-12.52],[141.822,-12.602],[141.894,-12.59],[141.872,-12.56],[141.874,-12.588],[141.796,-12.576],[141.72,-12.498],[141.738,-12.48],[141.7,-12.496],[141.702,-12.52]]],[[[141.644,-12.574],[141.696,-12.534],[141.654,-12.52],[141.654,-12.462],[141.644,-12.574]]],[[[141.85,-12.24],[141.814,-12.242],[141.716,-12.234],[141.592,-12.564],[141.658,-12.442],[141.776,-12.466],[141.846,-12.332],[141.73,-12.306],[141.846,-12.318],[141.85,-12.24]]]]}},{"type":"Feature","id":"35740","properties":{"id":"35740","name":"Noosa","regionAbbrev":"AUQLD","ste":"3"},"geometry":{"type":"Polygon","coordinates":[[[152.79,-26.468],[152.828,-26.498],[152.92,-26.452],[153.05,-26.43],[153.064,-26.456],[153.096,-26.498],[153.106,-26.438],[153.12,-26.38],[153.12,-26.378],[153.116,-26.376],[153.108,-26.376],[153.072,-26.37],[153.062,-26.302],[153.064,-26.302],[153.096,-26.154],[152.974,-26.136],[152.924,-26.208],[152.854,-26.198],[152.826,-26.224],[152.794,-26.35],[152.772,-26.344],[152.764,-26.374],[152.768,-26.372],[152.77,-26.372],[152.794,-26.418],[152.79,-26.468]]]}},{"type":"Feature","id":"35760","properties":{"id":"35760","name":"North Burnett","regionAbbrev":"AUQLD","ste":"3"},"geometry":{"type":"Polygon","coordinates":[[[150.438,-25.606],[150.654,-25.66],[150.644,-25.786],[150.7,-25.856],[150.674,-25.97],[150.764,-25.982],[150.79,-26.048],[150.83,-26.054],[150.914,-26.004],[150.984,-26.008],[151.016,-26.076],[151.08,-26.096],[151.116,-26.084],[151.116,-26.082],[151.11,-26.042],[151.3,-26.072],[151.34,-26.012],[151.474,-26.002],[151.52,-25.854],[151.616,-25.854],[151.658,-25.912],[151.754,-25.936],[151.786,-25.916],[151.758,-25.802],[151.79,-25.758],[151.914,-25.872],[151.998,-25.77],[151.982,-25.712],[152.014,-25.708],[152.044,-25.614],[152.084,-25.632],[152.164,-25.574],[152.18,-25.522],[152.27,-25.522],[152.274,-25.43],[152.182,-25.38],[152.168,-25.336],[152.078,-25.32],[152.026,-25.272],[151.966,-25.28],[151.88,-25.36],[151.862,-25.302],[151.894,-25.234],[151.92,-25.158],[151.86,-25.142],[151.824,-25.186],[151.744,-25.074],[151.65,-25.116],[151.544,-25.096],[151.566,-25.05],[151.526,-24.952],[151.572,-24.932],[151.576,-24.882],[151.546,-24.832],[151.434,-24.836],[151.432,-24.706],[151.348,-24.728],[151.342,-24.648],[151.254,-24.666],[151.208,-24.64],[151.206,-24.64],[151.23,-24.528],[151.158,-24.546],[151.154,-24.46],[151.114,-24.474],[151.03,-24.392],[150.992,-24.41],[150.984,-24.472],[150.974,-24.576],[150.826,-24.554],[150.82,-24.604],[150.912,-24.65],[150.874,-24.722],[150.656,-24.692],[150.588,-24.73],[150.606,-24.798],[150.54,-24.96],[150.58,-25.112],[150.558,-25.162],[150.472,-25.19],[150.37,-25.476],[150.402,-25.502],[150.402,-25.598],[150.438,-25.606]]]}},{"type":"Feature","id":"35780","properties":{"id":"35780","name":"Northern Peninsula Area","regionAbbrev":"AUQLD","ste":"3"},"geometry":{"type":"MultiPolygon","coordinates":[[[[142.402,-10.998],[142.408,-10.996],[142.428,-10.982],[142.424,-10.968],[142.432,-10.97],[142.442,-10.976],[142.444,-10.97],[142.44,-10.966],[142.428,-10.914],[142.482,-10.806],[142.462,-10.788],[142.518,-10.738],[142.424,-10.726],[142.412,-10.778],[142.406,-10.794],[142.314,-10.916],[142.218,-10.922],[142.23,-10.948],[142.168,-11.004],[142.13,-10.962],[142.158,-11.122],[142.126,-11.224],[142.374,-11.196],[142.366,-11.042],[142.394,-11.01],[142.402,-10.998]]],[[[142.534,-10.842],[142.61,-10.75],[142.556,-10.72],[142.53,-10.736],[142.564,-10.762],[142.532,-10.838],[142.532,-10.842],[142.534,-10.842]]]]}},{"type":"Feature","id":"35790","properties":{"id":"35790","name":"Palm Island","regionAbbrev":"AUQLD","ste":"3"},"geometry":{"type":"Polygon","coordinates":[[[146.574,-18.676],[146.568,-18.762],[146.662,-18.77],[146.694,-18.756],[146.642,-18.75],[146.596,-18.682],[146.574,-18.676]]]}},{"type":"Feature","id":"35800","properties":{"id":"35800","name":"Paroo","regionAbbrev":"AUQLD","ste":"3"},"geometry":{"type":"Polygon","coordinates":[[[146.376,-28.998],[146.946,-28.998],[146.954,-28.86],[146.864,-28.854],[146.964,-28.506],[146.968,-28.36],[146.916,-28.354],[146.926,-28.282],[146.99,-27.99],[147.106,-27.994],[147.124,-27.898],[147.144,-27.574],[147.064,-27.566],[147.062,-27.536],[146.64,-27.49],[146.67,-27.336],[146.586,-27.328],[146.606,-27.192],[146.454,-27.174],[146.456,-27.102],[146.222,-27.082],[146.23,-27.01],[145.808,-26.976],[145.796,-27.06],[145.624,-27.044],[145.6,-27.074],[145.256,-27.04],[145.254,-27.006],[145.184,-26.998],[145.164,-27.29],[145.018,-27.276],[144.992,-27.412],[144.916,-27.404],[144.9,-27.498],[144.52,-27.456],[144.508,-27.544],[144.434,-27.536],[144.424,-27.606],[144.33,-27.596],[144.322,-27.652],[144.292,-27.926],[144.602,-27.974],[144.592,-28.05],[144.65,-28.056],[144.636,-28.16],[144.78,-28.174],[144.776,-28.21],[144.83,-28.216],[144.82,-28.29],[144.574,-28.268],[144.564,-28.346],[144.644,-28.354],[144.596,-28.566],[144.67,-28.58],[144.612,-28.74],[144.692,-28.79],[144.626,-28.818],[144.582,-28.91],[144.464,-28.946],[144.48,-28.998],[146.376,-28.998]]]}},{"type":"Feature","id":"36070","properties":{"id":"36070","name":"Pormpuraaw","regionAbbrev":"AUQLD","ste":"3"},"geometry":{"type":"Polygon","coordinates":[[[141.594,-14.16],[141.602,-14.246],[141.526,-14.488],[141.59,-14.856],[141.668,-15.008],[141.652,-15.068],[141.724,-15.138],[141.79,-15.146],[142.058,-15.068],[142.134,-14.986],[142.142,-14.904],[142.036,-14.708],[142,-14.464],[141.878,-14.426],[141.842,-14.35],[141.742,-14.274],[141.672,-14.25],[141.67,-14.25],[141.62,-14.226],[141.594,-14.16]]]}},{"type":"Feature","id":"36150","properties":{"id":"36150","name":"Quilpie","regionAbbrev":"AUQLD","ste":"3"},"geometry":{"type":"Polygon","coordinates":[[[141.826,-26.748],[142.422,-26.79],[142.888,-27.116],[142.866,-27.234],[143.518,-27.294],[143.588,-27.322],[143.58,-27.38],[143.72,-27.398],[143.72,-27.368],[143.836,-27.456],[143.968,-27.626],[144.322,-27.652],[144.33,-27.596],[144.424,-27.606],[144.434,-27.536],[144.508,-27.544],[144.52,-27.456],[144.9,-27.498],[144.916,-27.404],[144.992,-27.412],[145.018,-27.276],[145.164,-27.29],[145.184,-26.998],[145.254,-27.006],[145.274,-26.75],[145.322,-26.754],[145.33,-26.702],[145.286,-26.636],[145.34,-26.61],[145.36,-26.464],[145.31,-26.46],[145.33,-26.304],[145.284,-26.302],[145.3,-26.154],[145.356,-26.16],[145.374,-26.018],[145.414,-26.022],[145.462,-25.504],[145.326,-25.446],[145.25,-25.478],[145.284,-25.358],[145.054,-25.332],[145.062,-25.276],[144.87,-25.258],[144.97,-25.184],[144.996,-25.008],[144.9,-25.038],[144.846,-24.984],[144.862,-24.918],[144.796,-24.912],[144.804,-24.84],[144.698,-24.83],[144.718,-24.682],[144.682,-24.678],[144.686,-24.648],[144.652,-24.662],[144.628,-24.968],[144.482,-25.078],[144.462,-25.032],[144.4,-25.132],[144.382,-25.114],[144.226,-25.254],[144.106,-25.516],[144.014,-25.582],[143.922,-25.494],[143.804,-25.486],[143.752,-25.378],[143.594,-25.282],[143.438,-25.374],[143.418,-25.594],[143.454,-25.598],[143.448,-25.652],[143.21,-25.624],[143.2,-25.736],[142.984,-25.718],[142.972,-25.822],[142.886,-25.814],[142.904,-25.668],[142.572,-25.606],[142.442,-25.724],[142.202,-25.812],[142.148,-26.212],[142.12,-26.272],[142.114,-26.282],[142.076,-26.384],[141.798,-26.35],[141.72,-26.35],[141.706,-26.388],[141.706,-26.394],[141.806,-26.624],[141.826,-26.748]]]}},{"type":"Feature","id":"36250","properties":{"id":"36250","name":"Redland","regionAbbrev":"AUQLD","ste":"3"},"geometry":{"type":"MultiPolygon","coordinates":[[[[153.176,-27.606],[153.176,-27.634],[153.282,-27.66],[153.29,-27.688],[153.288,-27.694],[153.294,-27.692],[153.324,-27.7],[153.312,-27.642],[153.314,-27.642],[153.312,-27.62],[153.31,-27.614],[153.312,-27.588],[153.318,-27.582],[153.286,-27.526],[153.29,-27.514],[153.262,-27.51],[153.262,-27.508],[153.264,-27.508],[153.264,-27.506],[153.264,-27.502],[153.264,-27.5],[153.262,-27.496],[153.258,-27.492],[153.242,-27.464],[153.22,-27.482],[153.218,-27.482],[153.218,-27.48],[153.198,-27.474],[153.186,-27.5],[153.196,-27.51],[153.194,-27.516],[153.184,-27.542],[153.182,-27.574],[153.176,-27.606]]],[[[153.382,-27.708],[153.392,-27.668],[153.39,-27.662],[153.388,-27.658],[153.402,-27.646],[153.404,-27.646],[153.376,-27.646],[153.374,-27.686],[153.368,-27.7],[153.374,-27.706],[153.382,-27.708]]],[[[153.484,-27.414],[153.456,-27.388],[153.436,-27.406],[153.44,-27.41],[153.436,-27.424],[153.43,-27.446],[153.43,-27.448],[153.428,-27.458],[153.4,-27.5],[153.402,-27.502],[153.412,-27.508],[153.41,-27.534],[153.41,-27.566],[153.412,-27.572],[153.414,-27.578],[153.414,-27.598],[153.41,-27.606],[153.41,-27.616],[153.412,-27.654],[153.394,-27.708],[153.408,-27.734],[153.422,-27.74],[153.438,-27.734],[153.432,-27.728],[153.438,-27.718],[153.44,-27.716],[153.444,-27.728],[153.442,-27.728],[153.436,-27.73],[153.454,-27.728],[153.482,-27.576],[153.544,-27.436],[153.546,-27.434],[153.512,-27.42],[153.484,-27.414]]],[[[153.292,-27.53],[153.296,-27.53],[153.292,-27.528],[153.292,-27.53]]],[[[153.344,-27.512],[153.374,-27.49],[153.342,-27.506],[153.344,-27.51],[153.344,-27.512]]],[[[153.328,-27.642],[153.34,-27.654],[153.34,-27.652],[153.336,-27.64],[153.334,-27.636],[153.332,-27.636],[153.328,-27.642]]],[[[153.338,-27.62],[153.34,-27.61],[153.342,-27.608],[153.342,-27.604],[153.336,-27.612],[153.336,-27.62],[153.344,-27.628],[153.338,-27.62]]],[[[153.358,-27.584],[153.354,-27.598],[153.352,-27.598],[153.348,-27.622],[153.366,-27.608],[153.362,-27.596],[153.358,-27.584]]],[[[153.382,-27.622],[153.39,-27.62],[153.384,-27.616],[153.384,-27.618],[153.382,-27.622]]],[[[153.386,-27.638],[153.372,-27.636],[153.366,-27.638],[153.386,-27.64],[153.386,-27.638]]]]}},{"type":"Feature","id":"36300","properties":{"id":"36300","name":"Richmond","regionAbbrev":"AUQLD","ste":"3"},"geometry":{"type":"Polygon","coordinates":[[[142.602,-19.62],[142.376,-19.6],[142.336,-20.33],[142.382,-20.334],[142.362,-20.568],[142.31,-20.714],[142.364,-20.72],[142.356,-20.796],[142.302,-20.884],[142.292,-20.994],[142.204,-20.988],[142.238,-21.014],[142.222,-21.166],[142.256,-21.17],[142.25,-21.236],[142.048,-21.224],[142.138,-21.324],[142.064,-21.38],[142.092,-21.382],[142.08,-21.488],[142.038,-21.52],[142.072,-21.54],[142.232,-21.55],[142.228,-21.596],[142.336,-21.606],[142.334,-21.636],[142.492,-21.644],[142.496,-21.598],[142.658,-21.61],[142.652,-21.666],[142.718,-21.614],[142.694,-21.588],[142.816,-21.492],[142.862,-21.544],[143.188,-21.308],[143.238,-21.31],[143.262,-21.144],[143.298,-21.146],[143.338,-20.82],[143.436,-20.828],[143.448,-20.778],[143.5,-20.782],[143.53,-20.736],[143.542,-20.618],[143.478,-20.606],[143.584,-20.498],[143.704,-20.482],[143.786,-20.416],[143.71,-20.324],[143.79,-20.262],[143.74,-20.206],[143.712,-20.228],[143.598,-20.144],[143.61,-20.026],[143.642,-20.028],[143.682,-19.596],[143.56,-19.482],[143.508,-19.484],[143.506,-19.52],[143.396,-19.574],[143.384,-19.612],[143.342,-19.606],[143.276,-19.696],[142.602,-19.62]]]}},{"type":"Feature","id":"36370","properties":{"id":"36370","name":"Rockhampton","regionAbbrev":"AUQLD","ste":"3"},"geometry":{"type":"Polygon","coordinates":[[[150.604,-23.834],[150.646,-23.838],[150.682,-23.782],[150.786,-23.732],[150.868,-23.576],[150.88,-23.542],[150.792,-23.506],[150.638,-23.516],[150.662,-23.49],[150.572,-23.398],[150.584,-23.342],[150.614,-23.342],[150.588,-23.268],[150.478,-23.3],[150.474,-23.3],[150.452,-23.34],[150.422,-23.244],[150.366,-23.266],[150.342,-23.246],[150.402,-23.192],[150.386,-23.142],[150.214,-23.108],[150.162,-23.146],[150.136,-23.096],[150.066,-23.084],[150.066,-23.034],[149.996,-23.086],[149.926,-23.056],[149.928,-23.01],[149.822,-22.98],[149.674,-23.082],[149.714,-23.11],[149.678,-23.212],[149.722,-23.25],[149.71,-23.324],[149.746,-23.324],[149.768,-23.384],[149.736,-23.434],[149.758,-23.48],[149.802,-23.54],[149.74,-23.57],[149.754,-23.624],[149.894,-23.584],[149.892,-23.666],[149.986,-23.754],[149.998,-23.714],[150.068,-23.712],[150.082,-23.666],[150.13,-23.654],[150.262,-23.666],[150.322,-23.824],[150.412,-23.814],[150.464,-23.854],[150.604,-23.834]]]}},{"type":"Feature","id":"36510","properties":{"id":"36510","name":"Scenic Rim","regionAbbrev":"AUQLD","ste":"3"},"geometry":{"type":"Polygon","coordinates":[[[153.11,-28.356],[153.176,-28.25],[153.208,-28.252],[153.192,-28.178],[153.232,-28.09],[153.224,-27.966],[153.224,-27.958],[153.174,-27.834],[153.104,-27.868],[153.072,-27.936],[153.07,-27.936],[153.07,-27.938],[153.026,-27.9],[152.96,-27.92],[152.946,-27.842],[152.836,-27.87],[152.804,-27.824],[152.786,-27.79],[152.53,-27.716],[152.402,-27.864],[152.39,-27.974],[152.39,-28.036],[152.418,-28.082],[152.488,-28.252],[152.534,-28.262],[152.556,-28.326],[152.598,-28.314],[152.614,-28.268],[152.752,-28.364],[152.88,-28.31],[153.11,-28.356]]]}},{"type":"Feature","id":"36580","properties":{"id":"36580","name":"Somerset","regionAbbrev":"AUQLD","ste":"3"},"geometry":{"type":"Polygon","coordinates":[[[152.748,-27.318],[152.754,-27.294],[152.682,-27.262],[152.734,-27.17],[152.734,-27.102],[152.676,-27.088],[152.694,-27.056],[152.696,-27.044],[152.702,-27.03],[152.664,-26.966],[152.664,-26.946],[152.67,-26.936],[152.672,-26.932],[152.67,-26.852],[152.68,-26.8],[152.556,-26.706],[152.576,-26.584],[152.458,-26.58],[152.444,-26.46],[152.316,-26.48],[152.278,-26.452],[152.216,-26.512],[152.168,-26.474],[152.126,-26.506],[152.132,-26.638],[152.074,-26.668],[152.104,-26.708],[152.164,-26.742],[152.19,-26.824],[152.19,-26.876],[152.138,-26.9],[152.126,-26.954],[152.184,-26.978],[152.222,-27.066],[152.218,-27.068],[152.218,-27.074],[152.186,-27.06],[152.152,-27.118],[152.134,-27.142],[152.188,-27.168],[152.16,-27.206],[152.236,-27.204],[152.152,-27.268],[152.206,-27.292],[152.192,-27.386],[152.292,-27.4],[152.294,-27.426],[152.316,-27.398],[152.402,-27.414],[152.48,-27.482],[152.514,-27.566],[152.602,-27.552],[152.682,-27.53],[152.684,-27.528],[152.7,-27.516],[152.73,-27.496],[152.742,-27.472],[152.738,-27.372],[152.68,-27.372],[152.748,-27.318]]]}},{"type":"Feature","id":"36630","properties":{"id":"36630","name":"South Burnett","regionAbbrev":"AUQLD","ste":"3"},"geometry":{"type":"Polygon","coordinates":[[[151.754,-25.936],[151.658,-25.912],[151.616,-25.854],[151.52,-25.854],[151.474,-26.002],[151.34,-26.012],[151.3,-26.072],[151.11,-26.042],[151.116,-26.082],[151.116,-26.084],[151.08,-26.096],[151.15,-26.104],[151.162,-26.15],[151.116,-26.14],[151.014,-26.192],[151.018,-26.256],[151.136,-26.262],[151.078,-26.462],[151.208,-26.478],[151.212,-26.514],[151.396,-26.638],[151.422,-26.746],[151.52,-26.766],[151.578,-26.88],[151.648,-26.912],[151.724,-26.948],[151.814,-26.932],[151.934,-26.8],[151.976,-26.798],[152.054,-26.766],[152.074,-26.818],[152.038,-26.856],[152.076,-26.86],[152.064,-26.926],[152.138,-26.9],[152.19,-26.876],[152.19,-26.824],[152.164,-26.742],[152.104,-26.708],[152.074,-26.668],[152.132,-26.638],[152.126,-26.506],[152.168,-26.474],[152.168,-26.418],[152.122,-26.376],[152.004,-26.376],[152.064,-26.342],[152.08,-26.288],[151.976,-26.174],[151.952,-26.116],[151.986,-26.098],[151.936,-26.092],[151.94,-26.02],[151.812,-26.02],[151.814,-25.956],[151.754,-25.936]],[[151.978,-26.314],[151.886,-26.3],[151.94,-26.256],[151.978,-26.314]]]}},{"type":"Feature","id":"36660","properties":{"id":"36660","name":"Southern Downs","regionAbbrev":"AUQLD","ste":"3"},"geometry":{"type":"Polygon","coordinates":[[[152.488,-28.252],[152.418,-28.082],[152.39,-28.036],[152.39,-27.974],[152.252,-27.954],[152.238,-27.952],[152.234,-27.95],[152.23,-27.95],[152.196,-27.946],[152.192,-27.946],[152.184,-27.948],[152.18,-27.948],[152.174,-27.954],[152.172,-27.952],[152.172,-27.954],[151.922,-27.972],[151.918,-28.012],[151.792,-28.002],[151.778,-28.022],[151.544,-27.974],[151.442,-28.152],[151.53,-28.278],[151.63,-28.274],[151.71,-28.338],[151.696,-28.406],[151.64,-28.452],[151.64,-28.524],[151.39,-28.84],[151.354,-29.036],[151.434,-29.068],[151.458,-28.998],[151.506,-29.01],[151.546,-28.952],[151.726,-28.866],[151.778,-28.958],[151.832,-28.962],[151.852,-28.906],[151.92,-28.928],[151.998,-28.894],[152.038,-28.864],[152.042,-28.732],[152.076,-28.708],[152.01,-28.664],[151.956,-28.518],[152.018,-28.524],[152.16,-28.432],[152.22,-28.448],[152.31,-28.362],[152.386,-28.368],[152.416,-28.298],[152.488,-28.252]]]}},{"type":"Feature","id":"36720","properties":{"id":"36720","name":"Sunshine Coast","regionAbbrev":"AUQLD","ste":"3"},"geometry":{"type":"MultiPolygon","coordinates":[[[[152.576,-26.584],[152.556,-26.706],[152.68,-26.8],[152.78,-26.796],[152.87,-26.872],[152.858,-26.956],[152.922,-26.96],[153.018,-26.976],[153.044,-26.968],[153.058,-26.976],[153.062,-26.918],[153.062,-26.912],[153.062,-26.908],[153.062,-26.904],[153.11,-26.886],[153.12,-26.832],[153.122,-26.818],[153.126,-26.806],[153.14,-26.806],[153.15,-26.792],[153.148,-26.79],[153.136,-26.708],[153.134,-26.68],[153.118,-26.676],[153.094,-26.518],[153.096,-26.498],[153.064,-26.456],[153.05,-26.43],[152.92,-26.452],[152.828,-26.498],[152.79,-26.468],[152.746,-26.498],[152.764,-26.538],[152.712,-26.546],[152.68,-26.598],[152.576,-26.584]]],[[[153.148,-26.936],[153.132,-26.864],[153.132,-26.822],[153.13,-26.874],[153.108,-26.892],[153.084,-26.94],[153.088,-26.952],[153.148,-26.936]]],[[[153.102,-26.894],[153.108,-26.892],[153.108,-26.89],[153.102,-26.894]]],[[[153.132,-26.822],[153.132,-26.81],[153.13,-26.812],[153.13,-26.814],[153.132,-26.822]]]]}},{"type":"Feature","id":"36820","properties":{"id":"36820","name":"Tablelands","regionAbbrev":"AUQLD","ste":"3"},"geometry":{"type":"Polygon","coordinates":[[[145.622,-17.09],[145.58,-17.092],[145.514,-17.17],[145.456,-17.144],[145.444,-17.13],[145.396,-17.088],[145.422,-17.33],[145.26,-17.41],[145.224,-17.528],[145.184,-17.514],[144.994,-17.606],[144.966,-17.746],[144.868,-17.9],[144.864,-18.112],[144.814,-18.146],[144.804,-18.11],[144.762,-18.13],[144.752,-18.216],[144.742,-18.318],[144.76,-18.356],[144.856,-18.37],[144.838,-18.492],[144.924,-18.522],[144.97,-18.468],[144.982,-18.506],[145.048,-18.514],[145.054,-18.548],[145.134,-18.578],[145.182,-18.51],[145.184,-18.43],[145.134,-18.382],[145.168,-18.346],[145.268,-18.354],[145.26,-18.426],[145.384,-18.57],[145.494,-18.576],[145.5,-18.462],[145.716,-18.488],[145.738,-18.452],[145.768,-18.408],[145.758,-18.396],[145.718,-18.356],[145.816,-18.294],[145.784,-18.206],[145.782,-18.206],[145.752,-18.156],[145.686,-18.168],[145.706,-18.1],[145.642,-18.08],[145.654,-18.03],[145.626,-18],[145.686,-17.924],[145.636,-17.806],[145.628,-17.8],[145.574,-17.782],[145.578,-17.74],[145.652,-17.726],[145.642,-17.656],[145.674,-17.666],[145.674,-17.67],[145.682,-17.666],[145.708,-17.556],[145.74,-17.55],[145.716,-17.496],[145.836,-17.496],[145.836,-17.448],[145.782,-17.354],[145.802,-17.296],[145.774,-17.236],[145.722,-17.232],[145.622,-17.09]]]}},{"type":"Feature","id":"36910","properties":{"id":"36910","name":"Toowoomba","regionAbbrev":"AUQLD","ste":"3"},"geometry":{"type":"Polygon","coordinates":[[[151.442,-28.152],[151.544,-27.974],[151.778,-28.022],[151.792,-28.002],[151.918,-28.012],[151.922,-27.972],[152.172,-27.954],[152.172,-27.952],[152.174,-27.954],[152.18,-27.948],[152.184,-27.948],[152.192,-27.946],[152.196,-27.946],[152.23,-27.95],[152.152,-27.876],[152.136,-27.786],[152.132,-27.784],[151.942,-27.632],[152.018,-27.58],[151.998,-27.524],[151.956,-27.518],[151.964,-27.47],[152.054,-27.392],[152.088,-27.398],[152.162,-27.446],[152.192,-27.386],[152.206,-27.292],[152.152,-27.268],[152.236,-27.204],[152.16,-27.206],[152.188,-27.168],[152.134,-27.142],[152.152,-27.118],[152.186,-27.06],[152.218,-27.074],[152.218,-27.068],[152.222,-27.066],[152.184,-26.978],[152.126,-26.954],[152.138,-26.9],[152.064,-26.926],[152.076,-26.86],[152.038,-26.856],[152.074,-26.818],[152.054,-26.766],[151.976,-26.798],[151.934,-26.8],[151.814,-26.932],[151.724,-26.948],[151.648,-26.912],[151.664,-26.99],[151.582,-27.056],[151.57,-27.124],[151.466,-27.11],[151.452,-27.278],[151.338,-27.208],[151.31,-27.414],[151.088,-27.376],[151.084,-27.534],[151.048,-27.584],[150.928,-27.572],[150.928,-27.534],[150.868,-27.546],[150.822,-27.514],[150.758,-27.598],[150.704,-27.934],[150.796,-27.992],[150.836,-28.064],[151.056,-28.094],[151.048,-28.166],[151.274,-28.192],[151.442,-28.152]]]}},{"type":"Feature","id":"36950","properties":{"id":"36950","name":"Torres","regionAbbrev":"AUQLD","ste":"3"},"geometry":{"type":"MultiPolygon","coordinates":[[[[142.746,-10.998],[142.716,-10.96],[142.698,-10.976],[142.618,-10.944],[142.588,-10.868],[142.596,-10.89],[142.558,-10.874],[142.556,-10.914],[142.482,-10.978],[142.516,-10.888],[142.532,-10.842],[142.532,-10.838],[142.564,-10.762],[142.53,-10.736],[142.556,-10.72],[142.552,-10.71],[142.53,-10.688],[142.424,-10.726],[142.518,-10.738],[142.462,-10.788],[142.482,-10.806],[142.428,-10.914],[142.44,-10.966],[142.444,-10.97],[142.442,-10.976],[142.432,-10.97],[142.424,-10.968],[142.428,-10.982],[142.408,-10.996],[142.402,-10.998],[142.746,-10.998]]],[[[142.218,-10.922],[142.13,-10.962],[142.168,-11.004],[142.23,-10.948],[142.218,-10.922]]],[[[142.118,-10.69],[142.114,-10.722],[142.178,-10.77],[142.208,-10.726],[142.278,-10.706],[142.196,-10.594],[142.12,-10.644],[142.118,-10.69]]],[[[142.246,-10.592],[142.266,-10.642],[142.328,-10.612],[142.308,-10.57],[142.246,-10.592]]],[[[142.638,-10.628],[142.648,-10.656],[142.668,-10.63],[142.638,-10.628]]]]}},{"type":"Feature","id":"36960","properties":{"id":"36960","name":"Torres Strait Island","regionAbbrev":"AUQLD","ste":"3"},"geometry":{"type":"MultiPolygon","coordinates":[[[[142.176,-9.946],[142.166,-9.95],[142.18,-9.972],[142.182,-9.972],[142.19,-9.946],[142.188,-9.942],[142.176,-9.944],[142.176,-9.946]]],[[[142.208,-10.166],[142.186,-10.192],[142.216,-10.238],[142.28,-10.26],[142.332,-10.158],[142.266,-10.116],[142.208,-10.166]]],[[[142.782,-9.9],[142.77,-9.896],[142.766,-9.894],[142.766,-9.896],[142.766,-9.898],[142.78,-9.906],[142.782,-9.904],[142.782,-9.902],[142.782,-9.9]]],[[[143.782,-9.574],[143.768,-9.58],[143.756,-9.59],[143.76,-9.596],[143.762,-9.598],[143.782,-9.574]]],[[[143.542,-9.508],[143.546,-9.504],[143.542,-9.506],[143.542,-9.508]]],[[[142.69,-9.376],[142.646,-9.364],[142.598,-9.404],[142.708,-9.428],[142.802,-9.382],[142.69,-9.376]]],[[[142.188,-9.24],[142.132,-9.266],[142.242,-9.29],[142.294,-9.268],[142.188,-9.24]]],[[[142.224,-10.54],[142.206,-10.54],[142.206,-10.542],[142.204,-10.544],[142.202,-10.546],[142.186,-10.55],[142.184,-10.554],[142.186,-10.568],[142.188,-10.57],[142.206,-10.568],[142.224,-10.54]]],[[[142.088,-10.13],[142.164,-10.18],[142.184,-10.06],[142.114,-10.068],[142.088,-10.13]]]]}},{"type":"Feature","id":"37010","properties":{"id":"37010","name":"Townsville","regionAbbrev":"AUQLD","ste":"3"},"geometry":{"type":"MultiPolygon","coordinates":[[[[147.12,-19.41],[147.112,-19.392],[147.112,-19.39],[147.114,-19.388],[147.066,-19.342],[147.044,-19.292],[147.048,-19.274],[147.05,-19.274],[147.058,-19.248],[147.042,-19.214],[147.026,-19.196],[147.022,-19.19],[147.02,-19.186],[147.016,-19.188],[147.002,-19.25],[146.942,-19.294],[146.91,-19.302],[146.894,-19.304],[146.834,-19.252],[146.834,-19.25],[146.83,-19.25],[146.83,-19.248],[146.83,-19.25],[146.808,-19.24],[146.792,-19.24],[146.774,-19.188],[146.73,-19.182],[146.726,-19.182],[146.726,-19.18],[146.714,-19.19],[146.712,-19.19],[146.704,-19.192],[146.698,-19.19],[146.696,-19.192],[146.454,-19.074],[146.324,-18.928],[146.288,-18.952],[146.21,-18.918],[146.168,-18.936],[146.146,-18.952],[146.176,-19.012],[146.224,-19.012],[146.326,-19.124],[146.38,-19.126],[146.424,-19.216],[146.406,-19.29],[146.466,-19.32],[146.444,-19.334],[146.47,-19.374],[146.536,-19.394],[146.554,-19.416],[146.566,-19.436],[146.586,-19.51],[146.542,-19.556],[146.54,-19.686],[146.844,-19.72],[146.834,-19.758],[146.93,-19.782],[147.022,-19.714],[147.03,-19.624],[147.004,-19.596],[147.034,-19.406],[147.07,-19.444],[147.112,-19.444],[147.12,-19.41]]],[[[146.6,-19.034],[146.62,-19.028],[146.616,-19.026],[146.606,-19.03],[146.6,-19.034]]],[[[146.87,-19.108],[146.834,-19.104],[146.788,-19.12],[146.782,-19.124],[146.83,-19.176],[146.86,-19.158],[146.872,-19.148],[146.874,-19.146],[146.876,-19.13],[146.88,-19.128],[146.882,-19.128],[146.884,-19.126],[146.878,-19.122],[146.884,-19.12],[146.88,-19.112],[146.878,-19.11],[146.872,-19.11],[146.87,-19.108]]]]}},{"type":"Feature","id":"37300","properties":{"id":"37300","name":"Weipa","regionAbbrev":"AUQLD","ste":"3"},"geometry":{"type":"MultiPolygon","coordinates":[[[[141.856,-12.656],[141.846,-12.664],[141.858,-12.662],[141.856,-12.656]]],[[[141.894,-12.602],[141.852,-12.638],[141.856,-12.656],[141.894,-12.602]]]]}},{"type":"Feature","id":"37310","properties":{"id":"37310","name":"Western Downs","regionAbbrev":"AUQLD","ste":"3"},"geometry":{"type":"Polygon","coordinates":[[[149.458,-27.992],[149.628,-28.014],[149.632,-27.986],[149.788,-28.006],[149.932,-27.966],[150.066,-27.984],[150.136,-27.91],[150.248,-27.908],[150.274,-27.802],[150.326,-27.808],[150.336,-27.76],[150.388,-27.782],[150.41,-27.746],[150.49,-27.788],[150.514,-27.766],[150.594,-27.79],[150.704,-27.934],[150.758,-27.598],[150.822,-27.514],[150.868,-27.546],[150.928,-27.534],[150.928,-27.572],[151.048,-27.584],[151.084,-27.534],[151.088,-27.376],[151.31,-27.414],[151.338,-27.208],[151.452,-27.278],[151.466,-27.11],[151.57,-27.124],[151.582,-27.056],[151.664,-26.99],[151.648,-26.912],[151.578,-26.88],[151.52,-26.766],[151.422,-26.746],[151.396,-26.638],[151.212,-26.514],[151.208,-26.478],[151.078,-26.462],[151.136,-26.262],[151.018,-26.256],[151.014,-26.192],[151.116,-26.14],[151.162,-26.15],[151.15,-26.104],[151.08,-26.096],[151.016,-26.076],[150.984,-26.008],[150.914,-26.004],[150.83,-26.054],[150.79,-26.048],[150.764,-25.982],[150.674,-25.97],[150.7,-25.856],[150.644,-25.786],[150.654,-25.66],[150.438,-25.606],[150.426,-25.774],[150.39,-25.814],[150.174,-25.78],[150.156,-25.82],[150.098,-25.794],[150.056,-25.812],[150.022,-25.864],[149.898,-25.814],[149.772,-25.852],[149.772,-25.906],[149.736,-25.85],[149.65,-25.894],[149.586,-25.886],[149.576,-25.944],[149.478,-25.934],[149.484,-25.892],[149.398,-25.876],[149.304,-25.966],[149.098,-25.948],[149.136,-26.044],[149.218,-26.052],[149.156,-26.308],[149.4,-26.276],[149.442,-26.314],[149.512,-26.29],[149.506,-26.336],[149.566,-26.332],[149.57,-26.302],[149.818,-26.302],[149.822,-26.38],[149.752,-26.39],[149.686,-26.464],[149.728,-26.47],[149.706,-26.492],[149.668,-26.606],[149.702,-26.61],[149.672,-26.668],[149.684,-26.774],[149.588,-26.828],[149.668,-27.014],[149.616,-27.04],[149.68,-27.074],[149.558,-27.19],[149.594,-27.222],[149.456,-27.376],[149.498,-27.432],[149.466,-27.674],[149.508,-27.678],[149.496,-27.754],[149.458,-27.992]]]}},{"type":"Feature","id":"37340","properties":{"id":"37340","name":"Whitsunday","regionAbbrev":"AUQLD","ste":"3"},"geometry":{"type":"MultiPolygon","coordinates":[[[[147.348,-20.396],[147.298,-20.446],[147.28,-20.554],[147.218,-20.574],[147.156,-20.652],[146.98,-20.618],[146.96,-20.742],[146.852,-20.81],[146.884,-20.998],[146.85,-21.1],[146.866,-21.19],[146.966,-21.274],[146.88,-21.368],[146.904,-21.468],[146.932,-21.512],[147.138,-21.554],[147.214,-21.67],[147.312,-21.646],[147.44,-21.69],[147.584,-21.642],[147.636,-21.592],[147.658,-21.49],[147.826,-21.312],[147.764,-21.19],[147.81,-21.194],[147.844,-21.262],[147.946,-21.29],[148.028,-21.27],[148.096,-21.21],[148.026,-21.1],[148.01,-20.988],[148.068,-21.026],[148.228,-20.93],[148.152,-20.848],[148.166,-20.77],[148.362,-20.806],[148.458,-20.736],[148.492,-20.622],[148.528,-20.654],[148.57,-20.624],[148.556,-20.58],[148.592,-20.6],[148.64,-20.548],[148.67,-20.57],[148.672,-20.568],[148.68,-20.55],[148.684,-20.55],[148.684,-20.548],[148.704,-20.524],[148.704,-20.522],[148.686,-20.438],[148.72,-20.468],[148.722,-20.47],[148.784,-20.464],[148.762,-20.426],[148.758,-20.418],[148.76,-20.42],[148.76,-20.418],[148.762,-20.42],[148.832,-20.45],[148.82,-20.456],[148.828,-20.478],[148.824,-20.476],[148.838,-20.5],[148.846,-20.51],[148.852,-20.51],[148.856,-20.514],[148.858,-20.516],[148.856,-20.524],[148.93,-20.536],[148.884,-20.488],[148.908,-20.476],[148.84,-20.432],[148.834,-20.388],[148.832,-20.388],[148.822,-20.388],[148.83,-20.366],[148.834,-20.364],[148.824,-20.352],[148.796,-20.32],[148.794,-20.32],[148.77,-20.286],[148.788,-20.292],[148.788,-20.29],[148.792,-20.282],[148.77,-20.236],[148.754,-20.254],[148.752,-20.262],[148.732,-20.278],[148.73,-20.278],[148.726,-20.276],[148.718,-20.266],[148.704,-20.27],[148.694,-20.27],[148.674,-20.282],[148.682,-20.23],[148.664,-20.246],[148.678,-20.176],[148.646,-20.214],[148.64,-20.17],[148.63,-20.22],[148.602,-20.21],[148.62,-20.176],[148.584,-20.198],[148.56,-20.066],[148.528,-20.094],[148.452,-20.058],[148.444,-20.11],[148.48,-20.118],[148.436,-20.168],[148.342,-20.152],[148.234,-20.05],[148.266,-19.984],[148.262,-19.978],[148.262,-19.976],[148.26,-19.976],[148.258,-19.982],[148.114,-19.942],[148.08,-19.882],[148.004,-19.92],[147.94,-19.918],[147.868,-19.858],[147.852,-19.744],[147.848,-19.732],[147.834,-19.718],[147.798,-19.71],[147.788,-19.71],[147.778,-19.708],[147.776,-19.708],[147.77,-19.706],[147.766,-19.704],[147.754,-19.706],[147.756,-19.71],[147.756,-19.712],[147.758,-19.734],[147.75,-19.752],[147.75,-19.754],[147.748,-19.754],[147.746,-19.768],[147.768,-19.792],[147.772,-19.81],[147.708,-19.84],[147.706,-19.838],[147.704,-19.836],[147.704,-19.838],[147.702,-19.838],[147.702,-19.836],[147.702,-19.834],[147.668,-19.82],[147.664,-19.81],[147.55,-19.812],[147.538,-19.814],[147.536,-19.818],[147.492,-19.87],[147.468,-20.096],[147.386,-20.086],[147.304,-20.014],[147.274,-20.028],[147.3,-20.314],[147.348,-20.396]]],[[[148.87,-20.616],[148.868,-20.608],[148.87,-20.618],[148.87,-20.616]]],[[[148.998,-20.306],[149.064,-20.294],[149.016,-20.27],[149.026,-20.234],[148.992,-20.25],[148.968,-20.156],[148.94,-20.268],[148.936,-20.264],[148.914,-20.29],[148.938,-20.304],[148.952,-20.294],[148.972,-20.27],[148.974,-20.27],[148.968,-20.282],[148.95,-20.306],[148.986,-20.318],[148.988,-20.302],[148.998,-20.306]]],[[[148.95,-20.082],[148.96,-20.06],[148.908,-20.07],[148.888,-20.168],[148.916,-20.122],[148.902,-20.166],[148.93,-20.132],[148.93,-20.176],[148.952,-20.156],[148.95,-20.082]]],[[[148.872,-20.374],[148.854,-20.316],[148.866,-20.396],[148.872,-20.374]]],[[[148.976,-20.344],[148.948,-20.342],[148.948,-20.36],[148.95,-20.368],[148.958,-20.364],[148.962,-20.36],[148.968,-20.364],[148.97,-20.364],[148.974,-20.364],[148.976,-20.364],[148.978,-20.364],[148.978,-20.362],[148.976,-20.344]]],[[[148.48,-20.002],[148.446,-19.974],[148.458,-20.052],[148.48,-20.002]]]]}},{"type":"Feature","id":"37400","properties":{"id":"37400","name":"Winton","regionAbbrev":"AUQLD","ste":"3"},"geometry":{"type":"Polygon","coordinates":[[[144.502,-22.186],[144.398,-22.156],[144.418,-22.062],[144.268,-22.048],[144.264,-21.996],[144.18,-21.99],[144.188,-21.908],[144.04,-21.894],[144.046,-21.83],[143.632,-21.796],[143.65,-21.64],[143.33,-21.612],[143.36,-21.322],[143.238,-21.31],[143.188,-21.308],[142.862,-21.544],[142.816,-21.492],[142.694,-21.588],[142.718,-21.614],[142.652,-21.666],[142.658,-21.61],[142.496,-21.598],[142.492,-21.644],[142.334,-21.636],[142.336,-21.606],[142.228,-21.596],[142.232,-21.55],[142.072,-21.54],[142.05,-21.816],[141.58,-21.792],[141.584,-21.756],[141.508,-21.75],[141.484,-21.946],[141.31,-21.94],[141.294,-22.062],[141.2,-22.054],[141.184,-22.25],[141.254,-22.32],[141.08,-22.466],[141.2,-22.598],[141.146,-22.632],[141.092,-22.618],[141.122,-22.804],[140.986,-22.894],[141.046,-22.948],[140.83,-23.17],[141.032,-23.384],[141.156,-23.29],[141.532,-23.688],[142.146,-23.7],[142.16,-23.57],[142.398,-23.586],[142.396,-23.614],[142.458,-23.616],[142.456,-23.666],[142.878,-23.702],[142.888,-23.648],[142.81,-23.636],[142.852,-23.346],[142.906,-23.352],[142.924,-23.31],[142.946,-23.334],[143.07,-23.238],[142.98,-23.136],[143.006,-22.988],[143.108,-22.996],[143.244,-22.89],[143.3,-22.722],[143.398,-22.728],[143.4,-22.67],[143.48,-22.672],[143.632,-22.558],[143.614,-22.538],[143.586,-22.482],[143.834,-22.314],[143.844,-22.202],[144.166,-22.224],[144.16,-22.296],[144.304,-22.306],[144.358,-22.348],[144.502,-22.186]]]}},{"type":"Feature","id":"37550","properties":{"id":"37550","name":"Woorabinda","regionAbbrev":"AUQLD","ste":"3"},"geometry":{"type":"MultiPolygon","coordinates":[[[[149.758,-23.48],[149.736,-23.434],[149.616,-23.456],[149.616,-23.506],[149.702,-23.536],[149.758,-23.48]]],[[[149.498,-23.56],[149.528,-23.562],[149.532,-23.526],[149.504,-23.522],[149.498,-23.56]]],[[[149.76,-23.676],[149.764,-23.636],[149.716,-23.63],[149.718,-23.668],[149.76,-23.676]]],[[[149.37,-24.606],[149.322,-24.604],[149.324,-24.632],[149.382,-24.64],[149.41,-24.608],[149.37,-24.606]]],[[[149.496,-23.988],[149.352,-24.2],[149.374,-24.24],[149.494,-24.178],[149.496,-23.988]]]]}},{"type":"Feature","id":"37570","properties":{"id":"37570","name":"Wujal Wujal","regionAbbrev":"AUQLD","ste":"3"},"geometry":{"type":"Polygon","coordinates":[[[145.32,-15.936],[145.288,-15.992],[145.338,-15.95],[145.326,-15.942],[145.32,-15.936]]]}},{"type":"Feature","id":"37600","properties":{"id":"37600","name":"Yarrabah","regionAbbrev":"AUQLD","ste":"3"},"geometry":{"type":"Polygon","coordinates":[[[145.966,-17.17],[145.89,-17.058],[145.898,-16.998],[145.956,-16.898],[145.934,-16.874],[145.914,-16.882],[145.908,-16.896],[145.906,-16.896],[145.904,-16.896],[145.854,-16.88],[145.88,-17.086],[145.926,-17.164],[145.966,-17.17]]]}},{"type":"Feature","id":"40070","properties":{"id":"40070","name":"Adelaide","regionAbbrev":"AUSA","ste":"4"},"geometry":{"type":"Polygon","coordinates":[[[138.588,-34.898],[138.578,-34.908],[138.584,-34.942],[138.616,-34.94],[138.624,-34.94],[138.624,-34.928],[138.614,-34.91],[138.614,-34.908],[138.598,-34.898],[138.588,-34.898]]]}},{"type":"Feature","id":"40120","properties":{"id":"40120","name":"Adelaide Hills","regionAbbrev":"AUSA","ste":"4"},"geometry":{"type":"Polygon","coordinates":[[[138.78,-34.766],[138.758,-34.866],[138.724,-34.858],[138.686,-34.912],[138.69,-34.93],[138.676,-34.974],[138.676,-35.028],[138.696,-35.12],[138.698,-35.12],[138.722,-35.09],[138.738,-35.078],[138.736,-35.07],[138.756,-35.07],[138.756,-35.058],[138.776,-35.036],[138.778,-35.034],[138.952,-34.98],[138.976,-34.894],[139.042,-34.814],[139.004,-34.8],[139.004,-34.796],[139.006,-34.796],[138.946,-34.764],[138.896,-34.706],[138.848,-34.68],[138.814,-34.774],[138.78,-34.766]]]}},{"type":"Feature","id":"40150","properties":{"id":"40150","name":"Adelaide Plains","regionAbbrev":"AUSA","ste":"4"},"geometry":{"type":"Polygon","coordinates":[[[138.262,-34.47],[138.344,-34.532],[138.386,-34.59],[138.408,-34.6],[138.414,-34.614],[138.416,-34.614],[138.414,-34.614],[138.426,-34.622],[138.43,-34.626],[138.434,-34.632],[138.436,-34.632],[138.442,-34.654],[138.438,-34.654],[138.436,-34.654],[138.436,-34.672],[138.506,-34.644],[138.508,-34.644],[138.51,-34.642],[138.544,-34.64],[138.566,-34.636],[138.578,-34.638],[138.59,-34.638],[138.63,-34.628],[138.63,-34.474],[138.56,-34.414],[138.63,-34.388],[138.612,-34.344],[138.232,-34.344],[138.26,-34.44],[138.262,-34.46],[138.262,-34.47]]]}},{"type":"Feature","id":"40220","properties":{"id":"40220","name":"Alexandrina","regionAbbrev":"AUSA","ste":"4"},"geometry":{"type":"Polygon","coordinates":[[[138.696,-35.21],[138.642,-35.21],[138.516,-35.322],[138.526,-35.354],[138.588,-35.356],[138.584,-35.39],[138.63,-35.398],[138.654,-35.538],[138.724,-35.514],[138.878,-35.558],[138.988,-35.52],[139.146,-35.472],[139.158,-35.252],[139.066,-35.214],[139.028,-35.138],[139.024,-35.138],[138.96,-35.114],[138.902,-35.146],[138.776,-35.242],[138.696,-35.21]]]}},{"type":"Feature","id":"40250","properties":{"id":"40250","name":"Anangu Pitjantjatjara Yunkunytjatjara","regionAbbrev":"AUSA","ste":"4"},"geometry":{"type":"MultiPolygon","coordinates":[[[[129.002,-25.998],[129.002,-26.744],[129.002,-28.116],[131.002,-28.116],[132.994,-28.116],[133.36,-28.114],[133.36,-27.842],[133.676,-27.842],[133.676,-27.56],[133.446,-27.56],[133.448,-27.274],[133.494,-27.274],[133.494,-27.146],[133.372,-26.998],[133.342,-26.842],[133.366,-26.716],[133.1,-26.716],[133.048,-26.63],[133.054,-26.48],[133.11,-26.352],[133.112,-25.998],[131.048,-25.998],[129.002,-25.998]]],[[[133.342,-26.842],[133.374,-26.998],[133.494,-27.142],[133.644,-27.138],[133.636,-27.068],[133.674,-27.024],[133.746,-26.718],[133.368,-26.716],[133.342,-26.842]]]]}},{"type":"Feature","id":"40310","properties":{"id":"40310","name":"Barossa","regionAbbrev":"AUSA","ste":"4"},"geometry":{"type":"Polygon","coordinates":[[[139.042,-34.814],[139.088,-34.758],[139.152,-34.768],[139.164,-34.62],[139.104,-34.62],[139.096,-34.58],[139.172,-34.482],[139.15,-34.462],[139.102,-34.412],[138.974,-34.45],[138.972,-34.504],[138.97,-34.504],[138.914,-34.576],[138.868,-34.558],[138.802,-34.558],[138.756,-34.588],[138.766,-34.618],[138.792,-34.636],[138.848,-34.68],[138.896,-34.706],[138.946,-34.764],[139.006,-34.796],[139.004,-34.796],[139.004,-34.8],[139.042,-34.814]]]}},{"type":"Feature","id":"40430","properties":{"id":"40430","name":"Barunga West","regionAbbrev":"AUSA","ste":"4"},"geometry":{"type":"Polygon","coordinates":[[[137.922,-33.602],[137.892,-33.588],[137.81,-33.67],[137.738,-33.738],[137.736,-33.738],[137.702,-33.788],[137.724,-33.878],[137.872,-33.878],[137.92,-34.092],[138.014,-34.092],[138.034,-34.122],[138.078,-34.084],[138.118,-34.094],[138.146,-34.092],[138.146,-33.99],[138.084,-33.99],[138.086,-33.626],[138.07,-33.47],[137.922,-33.468],[137.942,-33.506],[137.944,-33.508],[137.946,-33.512],[137.94,-33.548],[137.97,-33.544],[137.97,-33.54],[137.978,-33.554],[137.972,-33.564],[137.936,-33.552],[137.928,-33.61],[137.9,-33.628],[137.906,-33.598],[137.904,-33.608],[137.904,-33.61],[137.904,-33.614],[137.91,-33.616],[137.912,-33.614],[137.914,-33.612],[137.922,-33.602]]]}},{"type":"Feature","id":"40520","properties":{"id":"40520","name":"Berri Barmera","regionAbbrev":"AUSA","ste":"4"},"geometry":{"type":"Polygon","coordinates":[[[140.324,-34.16],[140.396,-34.238],[140.386,-34.334],[140.506,-34.302],[140.538,-34.35],[140.49,-34.396],[140.514,-34.452],[140.572,-34.444],[140.598,-34.366],[140.552,-34.344],[140.6,-34.322],[140.628,-34.25],[140.666,-34.244],[140.646,-34.204],[140.534,-34.204],[140.528,-34.254],[140.494,-34.248],[140.524,-34.234],[140.474,-34.132],[140.374,-34.118],[140.324,-34.16]]]}},{"type":"Feature","id":"40700","properties":{"id":"40700","name":"Burnside","regionAbbrev":"AUSA","ste":"4"},"geometry":{"type":"Polygon","coordinates":[[[138.616,-34.94],[138.644,-34.962],[138.644,-34.964],[138.674,-34.974],[138.676,-34.974],[138.69,-34.93],[138.686,-34.912],[138.658,-34.914],[138.624,-34.928],[138.624,-34.94],[138.616,-34.94]]]}},{"type":"Feature","id":"40910","properties":{"id":"40910","name":"Campbelltown (SA)","regionAbbrev":"AUSA","ste":"4"},"geometry":{"type":"Polygon","coordinates":[[[138.724,-34.858],[138.668,-34.868],[138.648,-34.882],[138.658,-34.914],[138.686,-34.912],[138.724,-34.858]]]}},{"type":"Feature","id":"41010","properties":{"id":"41010","name":"Ceduna","regionAbbrev":"AUSA","ste":"4"},"geometry":{"type":"Polygon","coordinates":[[[133.692,-32.164],[133.68,-32.204],[133.756,-32.204],[133.764,-32.254],[133.774,-32.262],[133.808,-32.232],[133.83,-32.256],[133.942,-32.38],[133.944,-32.38],[133.946,-32.382],[133.948,-32.384],[133.932,-32.422],[133.92,-32.426],[133.92,-32.428],[133.918,-32.426],[133.908,-32.424],[133.904,-32.428],[133.898,-32.412],[133.904,-32.414],[133.904,-32.412],[133.904,-32.41],[133.892,-32.41],[133.892,-32.408],[133.888,-32.402],[133.894,-32.402],[133.894,-32.398],[133.892,-32.398],[133.886,-32.398],[133.884,-32.398],[133.852,-32.542],[133.894,-32.54],[133.896,-32.536],[133.922,-32.494],[133.992,-32.506],[134.036,-32.46],[134.082,-32.466],[134.086,-32.46],[134.086,-32.458],[134.092,-32.456],[134.092,-32.454],[134.098,-32.454],[134.1,-32.454],[134.094,-32.458],[134.12,-32.454],[134.12,-32.378],[134.514,-32.378],[134.514,-32.232],[134.514,-32.088],[134.292,-32.088],[134.29,-31.868],[134.12,-31.868],[134.12,-31.976],[134.076,-31.978],[133.852,-31.88],[133.852,-31.85],[133.676,-31.854],[133.612,-31.844],[133.612,-31.812],[133.458,-31.812],[133.214,-31.752],[133.214,-32.186],[133.264,-32.204],[133.288,-32.18],[133.428,-32.192],[133.428,-32.19],[133.488,-32.206],[133.47,-32.174],[133.468,-32.174],[133.438,-32.172],[133.428,-32.18],[133.412,-32.176],[133.412,-32.174],[133.396,-32.158],[133.438,-32.124],[133.488,-32.11],[133.494,-32.148],[133.518,-32.146],[133.518,-32.142],[133.512,-32.144],[133.516,-32.134],[133.522,-32.13],[133.524,-32.14],[133.554,-32.17],[133.59,-32.088],[133.632,-32.098],[133.672,-32.106],[133.644,-32.148],[133.668,-32.142],[133.692,-32.164]]]}},{"type":"Feature","id":"41060","properties":{"id":"41060","name":"Charles Sturt","regionAbbrev":"AUSA","ste":"4"},"geometry":{"type":"Polygon","coordinates":[[[138.588,-34.898],[138.584,-34.888],[138.524,-34.858],[138.518,-34.868],[138.476,-34.85],[138.504,-34.95],[138.54,-34.916],[138.546,-34.916],[138.548,-34.914],[138.578,-34.908],[138.588,-34.898]]]}},{"type":"Feature","id":"41140","properties":{"id":"41140","name":"Clare and Gilbert Valleys","regionAbbrev":"AUSA","ste":"4"},"geometry":{"type":"Polygon","coordinates":[[[138.544,-33.658],[138.532,-33.796],[138.57,-33.95],[138.596,-33.946],[138.554,-34.14],[138.61,-34.14],[138.668,-34.218],[138.706,-34.358],[138.762,-34.366],[138.78,-34.298],[138.838,-34.3],[138.838,-34.192],[138.972,-34.194],[138.928,-33.878],[138.722,-33.836],[138.698,-33.658],[138.544,-33.658]]]}},{"type":"Feature","id":"41190","properties":{"id":"41190","name":"Cleve","regionAbbrev":"AUSA","ste":"4"},"geometry":{"type":"Polygon","coordinates":[[[135.908,-33.33],[135.908,-33.85],[135.93,-33.986],[136.496,-33.992],[136.594,-33.898],[136.672,-33.876],[136.672,-33.328],[135.908,-33.33]]]}},{"type":"Feature","id":"41330","properties":{"id":"41330","name":"Coober Pedy","regionAbbrev":"AUSA","ste":"4"},"geometry":{"type":"Polygon","coordinates":[[[134.788,-28.994],[134.694,-28.982],[134.708,-29.05],[134.81,-29.052],[134.788,-28.994]]]}},{"type":"Feature","id":"41560","properties":{"id":"41560","name":"Copper Coast","regionAbbrev":"AUSA","ste":"4"},"geometry":{"type":"Polygon","coordinates":[[[137.702,-33.788],[137.602,-33.876],[137.624,-33.926],[137.54,-33.992],[137.53,-34.002],[137.532,-34.002],[137.532,-34.004],[137.534,-34.004],[137.542,-34.008],[137.568,-34.046],[137.54,-34.096],[137.92,-34.092],[137.872,-33.878],[137.724,-33.878],[137.702,-33.788]]]}},{"type":"Feature","id":"41750","properties":{"id":"41750","name":"Elliston","regionAbbrev":"AUSA","ste":"4"},"geometry":{"type":"MultiPolygon","coordinates":[[[[135.908,-33.33],[135.886,-33.33],[135.138,-33.332],[135.138,-33.14],[134.822,-33.138],[134.602,-33.14],[134.634,-33.162],[134.71,-33.186],[134.718,-33.218],[134.71,-33.23],[134.702,-33.224],[134.7,-33.222],[134.658,-33.234],[134.754,-33.294],[134.762,-33.308],[134.766,-33.308],[134.814,-33.352],[134.862,-33.518],[134.836,-33.626],[135.018,-33.736],[135.102,-33.816],[135.19,-33.904],[135.192,-33.91],[135.218,-33.94],[135.778,-33.938],[135.778,-33.85],[135.908,-33.85],[135.908,-33.33]]],[[[134.242,-33.996],[134.246,-34.008],[134.248,-34.002],[134.242,-33.996]]],[[[134.266,-33.938],[134.26,-33.962],[134.276,-33.944],[134.266,-33.938]]],[[[134.466,-33.722],[134.448,-33.774],[134.548,-33.72],[134.522,-33.678],[134.466,-33.722]]]]}},{"type":"Feature","id":"41830","properties":{"id":"41830","name":"Flinders Ranges","regionAbbrev":"AUSA","ste":"4"},"geometry":{"type":"Polygon","coordinates":[[[138.756,-32.12],[138.756,-31.974],[138.64,-31.974],[138.634,-31.87],[138.716,-31.804],[138.716,-31.76],[138.086,-31.74],[138.084,-31.976],[137.978,-32.152],[137.966,-32.414],[137.924,-32.414],[137.924,-32.494],[138.158,-32.526],[138.158,-32.414],[138.344,-32.414],[138.344,-32.324],[138.44,-32.322],[138.44,-32.122],[138.756,-32.12]]]}},{"type":"Feature","id":"41960","properties":{"id":"41960","name":"Franklin Harbour","regionAbbrev":"AUSA","ste":"4"},"geometry":{"type":"Polygon","coordinates":[[[136.672,-33.876],[136.992,-33.724],[137.17,-33.69],[137.234,-33.632],[137.262,-33.582],[137.276,-33.568],[137.286,-33.538],[137.288,-33.538],[137.306,-33.49],[137.306,-33.488],[137.362,-33.426],[137.36,-33.424],[137.364,-33.412],[137.378,-33.326],[137.28,-33.326],[136.812,-33.326],[136.672,-33.328],[136.672,-33.876]]]}},{"type":"Feature","id":"42030","properties":{"id":"42030","name":"Gawler","regionAbbrev":"AUSA","ste":"4"},"geometry":{"type":"Polygon","coordinates":[[[138.756,-34.588],[138.716,-34.612],[138.706,-34.614],[138.7,-34.614],[138.688,-34.616],[138.686,-34.616],[138.684,-34.616],[138.726,-34.67],[138.766,-34.618],[138.756,-34.588]]]}},{"type":"Feature","id":"42110","properties":{"id":"42110","name":"Goyder","regionAbbrev":"AUSA","ste":"4"},"geometry":{"type":"Polygon","coordinates":[[[138.972,-34.194],[138.978,-34.254],[139.05,-34.244],[139.034,-34.306],[139.128,-34.314],[139.106,-34.33],[139.264,-34.296],[139.264,-34.318],[139.352,-34.318],[139.356,-33.97],[139.356,-33.802],[139.354,-33.098],[138.756,-33.1],[138.752,-33.244],[138.792,-33.282],[138.728,-33.346],[138.676,-33.588],[138.698,-33.658],[138.722,-33.836],[138.928,-33.878],[138.972,-34.194]]]}},{"type":"Feature","id":"42250","properties":{"id":"42250","name":"Grant","regionAbbrev":"AUSA","ste":"4"},"geometry":{"type":"Polygon","coordinates":[[[140.974,-37.61],[140.678,-37.61],[140.68,-37.734],[140.476,-37.754],[140.48,-37.818],[140.424,-37.836],[140.394,-37.838],[140.382,-37.784],[140.366,-37.754],[140.298,-37.756],[140.328,-37.814],[140.396,-37.916],[140.416,-37.926],[140.57,-38.02],[140.578,-38.028],[140.748,-38.058],[140.75,-38.058],[140.966,-38.056],[140.974,-37.61]],[[140.748,-37.836],[140.764,-37.794],[140.824,-37.814],[140.82,-37.852],[140.748,-37.836]]]}},{"type":"Feature","id":"42600","properties":{"id":"42600","name":"Holdfast Bay","regionAbbrev":"AUSA","ste":"4"},"geometry":{"type":"Polygon","coordinates":[[[138.51,-34.964],[138.518,-35.032],[138.514,-35.04],[138.52,-35.04],[138.538,-34.976],[138.51,-34.964]]]}},{"type":"Feature","id":"42750","properties":{"id":"42750","name":"Kangaroo Island","regionAbbrev":"AUSA","ste":"4"},"geometry":{"type":"Polygon","coordinates":[[[137.934,-35.718],[137.856,-35.792],[137.778,-35.784],[137.76,-35.806],[137.776,-35.808],[137.806,-35.822],[137.76,-35.832],[137.744,-35.804],[137.772,-35.788],[137.774,-35.786],[137.804,-35.758],[137.78,-35.724],[137.578,-35.722],[137.582,-35.716],[137.584,-35.716],[137.58,-35.716],[137.588,-35.706],[137.59,-35.704],[137.642,-35.64],[137.572,-35.636],[137.572,-35.634],[137.634,-35.564],[137.52,-35.596],[137.304,-35.588],[137.296,-35.59],[137.294,-35.592],[137.288,-35.594],[137.286,-35.596],[137.246,-35.604],[137.244,-35.604],[137.242,-35.604],[137.234,-35.608],[137.232,-35.608],[137.204,-35.624],[137.198,-35.624],[137.182,-35.622],[137.182,-35.624],[137.178,-35.626],[137.176,-35.626],[137.176,-35.628],[137.166,-35.632],[137.156,-35.63],[137.154,-35.63],[137.144,-35.628],[137.142,-35.63],[137.142,-35.632],[137.138,-35.634],[137.136,-35.636],[137.132,-35.64],[137.128,-35.64],[137.128,-35.642],[137.126,-35.642],[137.124,-35.646],[137.122,-35.65],[137.114,-35.654],[137.112,-35.654],[137.108,-35.654],[137.1,-35.658],[137.092,-35.66],[137.09,-35.66],[137.076,-35.662],[137.066,-35.668],[137.06,-35.666],[137.03,-35.67],[137.028,-35.67],[137.01,-35.674],[137.008,-35.674],[136.91,-35.684],[136.868,-35.69],[136.848,-35.692],[136.824,-35.698],[136.804,-35.7],[136.766,-35.716],[136.588,-35.748],[136.54,-35.864],[136.536,-35.882],[136.546,-35.892],[136.542,-35.896],[136.54,-35.898],[136.54,-35.9],[136.554,-35.904],[136.554,-35.906],[136.554,-35.908],[136.58,-35.934],[136.58,-35.942],[136.598,-35.96],[136.654,-35.966],[136.684,-35.998],[136.692,-36.012],[136.696,-36.054],[136.818,-36.038],[136.838,-36.018],[136.908,-36.042],[137.012,-36.018],[137.028,-36.024],[137.032,-36.026],[137.048,-36.028],[137.048,-36.026],[137.142,-36.024],[137.17,-36.014],[137.178,-36.004],[137.19,-35.996],[137.24,-35.982],[137.242,-35.982],[137.25,-35.984],[137.272,-35.99],[137.33,-35.994],[137.468,-36.072],[137.604,-36.008],[137.618,-35.906],[137.73,-35.872],[137.754,-35.852],[137.838,-35.856],[137.872,-35.868],[137.884,-35.87],[137.884,-35.868],[137.886,-35.866],[137.884,-35.866],[137.886,-35.866],[137.892,-35.866],[138.026,-35.902],[138.098,-35.858],[138.136,-35.842],[138.126,-35.802],[138.088,-35.804],[138.068,-35.764],[138.046,-35.744],[137.996,-35.726],[137.942,-35.716],[137.934,-35.718]]]}},{"type":"Feature","id":"43080","properties":{"id":"43080","name":"Karoonda East Murray","regionAbbrev":"AUSA","ste":"4"},"geometry":{"type":"Polygon","coordinates":[[[139.62,-34.966],[139.62,-35.182],[139.62,-35.218],[139.894,-35.218],[139.894,-35.29],[140.074,-35.29],[140.254,-35.292],[140.254,-35.108],[140.43,-35.108],[140.43,-35.018],[140.43,-34.87],[140.368,-34.87],[140.368,-34.694],[140.178,-34.694],[140.188,-34.564],[139.97,-34.62],[139.76,-34.606],[139.76,-34.82],[139.76,-34.868],[139.634,-34.866],[139.634,-34.89],[139.62,-34.966]]]}},{"type":"Feature","id":"43220","properties":{"id":"43220","name":"Kimba","regionAbbrev":"AUSA","ste":"4"},"geometry":{"type":"Polygon","coordinates":[[[136.672,-33.328],[136.812,-33.326],[136.812,-33.124],[136.598,-33.124],[136.6,-32.994],[136.586,-33.024],[136.51,-33.024],[136.51,-32.95],[136.44,-32.854],[136.37,-32.81],[136.254,-32.814],[136.186,-32.614],[135.718,-32.602],[135.696,-32.698],[135.792,-32.704],[135.782,-32.796],[135.714,-32.766],[135.48,-32.768],[135.48,-32.806],[135.482,-32.912],[135.596,-32.936],[135.59,-32.91],[135.654,-32.91],[135.654,-33.056],[135.826,-33.054],[136.002,-33.054],[136.002,-33.132],[135.962,-33.134],[135.888,-33.244],[135.886,-33.33],[135.908,-33.33],[136.672,-33.328]]]}},{"type":"Feature","id":"43360","properties":{"id":"43360","name":"Kingston (SA)","regionAbbrev":"AUSA","ste":"4"},"geometry":{"type":"Polygon","coordinates":[[[139.672,-36.248],[139.862,-36.69],[139.836,-36.85],[139.672,-36.952],[139.742,-37.032],[140.086,-37.032],[140.086,-36.894],[140.252,-36.894],[140.252,-36.688],[140.432,-36.69],[140.432,-36.466],[140.046,-36.466],[140.048,-36.254],[139.672,-36.248]]]}},{"type":"Feature","id":"43650","properties":{"id":"43650","name":"Light","regionAbbrev":"AUSA","ste":"4"},"geometry":{"type":"Polygon","coordinates":[[[138.63,-34.388],[138.56,-34.414],[138.63,-34.474],[138.63,-34.628],[138.642,-34.63],[138.644,-34.63],[138.646,-34.63],[138.652,-34.626],[138.652,-34.624],[138.654,-34.622],[138.656,-34.622],[138.67,-34.618],[138.674,-34.616],[138.674,-34.614],[138.68,-34.614],[138.684,-34.616],[138.686,-34.616],[138.688,-34.616],[138.7,-34.614],[138.706,-34.614],[138.716,-34.612],[138.756,-34.588],[138.802,-34.558],[138.868,-34.558],[138.914,-34.576],[138.97,-34.504],[138.972,-34.504],[138.974,-34.45],[139.102,-34.412],[139.106,-34.33],[139.128,-34.314],[139.034,-34.306],[139.05,-34.244],[138.978,-34.254],[138.972,-34.194],[138.838,-34.192],[138.838,-34.3],[138.78,-34.298],[138.762,-34.366],[138.706,-34.358],[138.63,-34.388]]]}},{"type":"Feature","id":"43710","properties":{"id":"43710","name":"Lower Eyre Peninsula","regionAbbrev":"AUSA","ste":"4"},"geometry":{"type":"MultiPolygon","coordinates":[[[[135.218,-33.94],[135.22,-33.942],[135.226,-33.948],[135.23,-33.952],[135.282,-34.068],[135.244,-34.142],[135.244,-34.144],[135.242,-34.15],[135.258,-34.158],[135.268,-34.174],[135.35,-34.29],[135.35,-34.294],[135.352,-34.304],[135.352,-34.306],[135.36,-34.42],[135.39,-34.442],[135.39,-34.594],[135.406,-34.6],[135.402,-34.592],[135.4,-34.592],[135.41,-34.582],[135.412,-34.58],[135.41,-34.568],[135.398,-34.538],[135.396,-34.536],[135.392,-34.534],[135.398,-34.53],[135.406,-34.506],[135.41,-34.538],[135.446,-34.536],[135.438,-34.586],[135.434,-34.604],[135.472,-34.616],[135.444,-34.6],[135.456,-34.586],[135.498,-34.598],[135.5,-34.598],[135.502,-34.598],[135.504,-34.598],[135.502,-34.598],[135.5,-34.598],[135.508,-34.594],[135.514,-34.602],[135.512,-34.62],[135.494,-34.612],[135.474,-34.622],[135.452,-34.614],[135.438,-34.634],[135.364,-34.64],[135.38,-34.63],[135.39,-34.634],[135.392,-34.636],[135.358,-34.588],[135.304,-34.538],[135.306,-34.536],[135.306,-34.534],[135.354,-34.522],[135.222,-34.498],[135.196,-34.436],[135.134,-34.524],[135.124,-34.556],[135.126,-34.558],[135.13,-34.588],[135.154,-34.566],[135.234,-34.544],[135.284,-34.576],[135.284,-34.578],[135.296,-34.594],[135.344,-34.63],[135.328,-34.672],[135.436,-34.714],[135.496,-34.78],[135.554,-34.826],[135.554,-34.828],[135.558,-34.832],[135.566,-34.84],[135.566,-34.842],[135.58,-34.856],[135.606,-34.89],[135.624,-34.908],[135.624,-34.916],[135.622,-34.942],[135.67,-34.946],[135.684,-34.946],[135.686,-34.946],[135.688,-34.946],[135.686,-34.944],[135.692,-34.914],[135.692,-34.912],[135.718,-34.864],[135.72,-34.864],[135.846,-34.88],[135.856,-34.926],[135.916,-34.938],[135.93,-34.966],[135.942,-34.986],[135.96,-35.006],[136.004,-34.98],[135.998,-34.96],[135.99,-34.954],[135.988,-34.942],[135.992,-34.93],[135.96,-34.848],[136.016,-34.794],[136.012,-34.746],[136.01,-34.746],[135.98,-34.73],[135.982,-34.784],[135.956,-34.756],[135.894,-34.806],[135.788,-34.812],[135.828,-34.766],[135.822,-34.708],[135.856,-34.688],[135.868,-34.626],[135.938,-34.648],[135.934,-34.62],[135.902,-34.592],[135.936,-34.54],[135.968,-34.506],[136.024,-34.514],[136.016,-34.498],[136.036,-34.48],[135.778,-34.476],[135.778,-33.938],[135.218,-33.94]]],[[[135.978,-35.024],[135.968,-35.022],[135.966,-35.022],[135.968,-35.028],[135.972,-35.034],[135.976,-35.036],[135.978,-35.034],[135.98,-35.022],[135.978,-35.024]]],[[[135.16,-34.728],[135.164,-34.722],[135.152,-34.732],[135.154,-34.732],[135.16,-34.728]]],[[[135.876,-34.94],[135.876,-34.932],[135.874,-34.932],[135.874,-34.94],[135.868,-34.946],[135.872,-34.948],[135.876,-34.94]]]]}},{"type":"Feature","id":"43790","properties":{"id":"43790","name":"Loxton Waikerie","regionAbbrev":"AUSA","ste":"4"},"geometry":{"type":"Polygon","coordinates":[[[140.964,-34.322],[140.6,-34.322],[140.552,-34.344],[140.598,-34.366],[140.572,-34.444],[140.514,-34.452],[140.49,-34.396],[140.43,-34.396],[140.386,-34.334],[140.396,-34.238],[140.324,-34.16],[140.294,-34.186],[140.216,-34.174],[140.216,-34.054],[140.056,-34.056],[140.054,-33.96],[139.984,-33.932],[139.918,-33.944],[139.918,-34.008],[139.858,-34.024],[139.858,-34.158],[139.66,-34.158],[139.634,-34.288],[139.602,-34.476],[139.758,-34.476],[139.76,-34.606],[139.97,-34.62],[140.188,-34.564],[140.178,-34.694],[140.368,-34.694],[140.368,-34.87],[140.43,-34.87],[140.43,-35.018],[140.796,-34.986],[140.966,-35.008],[140.964,-34.322]]]}},{"type":"Feature","id":"44000","properties":{"id":"44000","name":"Maralinga Tjarutja","regionAbbrev":"AUSA","ste":"4"},"geometry":{"type":"Polygon","coordinates":[[[129.002,-28.116],[129.002,-29.032],[129.002,-30.304],[129.002,-30.764],[130.394,-30.6],[131.844,-30.454],[132.176,-30.504],[132.48,-30.486],[132.846,-30.572],[133.006,-30.57],[132.994,-28.116],[131.002,-28.116],[129.002,-28.116]]]}},{"type":"Feature","id":"44060","properties":{"id":"44060","name":"Marion","regionAbbrev":"AUSA","ste":"4"},"geometry":{"type":"Polygon","coordinates":[[[138.514,-35.04],[138.512,-35.04],[138.486,-35.09],[138.542,-35.088],[138.564,-35.022],[138.574,-34.966],[138.572,-34.958],[138.538,-34.976],[138.52,-35.04],[138.514,-35.04]]]}},{"type":"Feature","id":"44210","properties":{"id":"44210","name":"Mid Murray","regionAbbrev":"AUSA","ste":"4"},"geometry":{"type":"Polygon","coordinates":[[[138.976,-34.894],[139.01,-34.914],[139.036,-34.928],[139.172,-35.006],[139.18,-34.98],[139.328,-34.98],[139.368,-35.03],[139.466,-35.024],[139.466,-34.966],[139.62,-34.966],[139.634,-34.89],[139.634,-34.866],[139.76,-34.868],[139.76,-34.82],[139.76,-34.606],[139.758,-34.476],[139.602,-34.476],[139.634,-34.288],[139.66,-34.158],[139.858,-34.158],[139.858,-34.024],[139.858,-33.874],[139.7,-33.874],[139.7,-33.8],[139.356,-33.802],[139.356,-33.97],[139.352,-34.318],[139.264,-34.318],[139.264,-34.296],[139.106,-34.33],[139.102,-34.412],[139.15,-34.462],[139.172,-34.482],[139.096,-34.58],[139.104,-34.62],[139.164,-34.62],[139.152,-34.768],[139.088,-34.758],[139.042,-34.814],[138.976,-34.894]]]}},{"type":"Feature","id":"44340","properties":{"id":"44340","name":"Mitcham","regionAbbrev":"AUSA","ste":"4"},"geometry":{"type":"Polygon","coordinates":[[[138.676,-35.028],[138.676,-34.974],[138.674,-34.974],[138.644,-34.964],[138.574,-34.966],[138.564,-35.022],[138.652,-35.036],[138.656,-35.036],[138.658,-35.036],[138.664,-35.036],[138.676,-35.03],[138.676,-35.028]]]}},{"type":"Feature","id":"44550","properties":{"id":"44550","name":"Mount Barker","regionAbbrev":"AUSA","ste":"4"},"geometry":{"type":"Polygon","coordinates":[[[138.696,-35.12],[138.696,-35.21],[138.776,-35.242],[138.902,-35.146],[138.96,-35.114],[139.024,-35.138],[139.028,-35.138],[139.042,-35.116],[139.036,-34.928],[139.01,-34.914],[138.976,-34.894],[138.952,-34.98],[138.778,-35.034],[138.776,-35.036],[138.756,-35.058],[138.756,-35.07],[138.736,-35.07],[138.738,-35.078],[138.722,-35.09],[138.698,-35.12],[138.696,-35.12]]]}},{"type":"Feature","id":"44620","properties":{"id":"44620","name":"Mount Gambier","regionAbbrev":"AUSA","ste":"4"},"geometry":{"type":"Polygon","coordinates":[[[140.748,-37.836],[140.82,-37.852],[140.824,-37.814],[140.764,-37.794],[140.748,-37.836]]]}},{"type":"Feature","id":"44830","properties":{"id":"44830","name":"Mount Remarkable","regionAbbrev":"AUSA","ste":"4"},"geometry":{"type":"Polygon","coordinates":[[[137.924,-32.494],[137.966,-32.806],[137.902,-32.806],[137.908,-32.832],[137.916,-32.856],[137.942,-32.95],[137.952,-33.006],[138.012,-33.03],[138.034,-33.106],[138.04,-33.104],[138.164,-33.104],[138.44,-33.102],[138.44,-32.942],[138.44,-32.322],[138.344,-32.324],[138.344,-32.414],[138.158,-32.414],[138.158,-32.526],[137.924,-32.494]]]}},{"type":"Feature","id":"45040","properties":{"id":"45040","name":"Murray Bridge","regionAbbrev":"AUSA","ste":"4"},"geometry":{"type":"Polygon","coordinates":[[[139.146,-35.472],[139.328,-35.416],[139.384,-35.308],[139.456,-35.278],[139.358,-35.182],[139.62,-35.182],[139.62,-34.966],[139.466,-34.966],[139.466,-35.024],[139.368,-35.03],[139.328,-34.98],[139.18,-34.98],[139.172,-35.006],[139.036,-34.928],[139.042,-35.116],[139.028,-35.138],[139.066,-35.214],[139.158,-35.252],[139.146,-35.472]]]}},{"type":"Feature","id":"45090","properties":{"id":"45090","name":"Naracoorte Lucindale","regionAbbrev":"AUSA","ste":"4"},"geometry":{"type":"Polygon","coordinates":[[[140.97,-36.668],[140.432,-36.69],[140.252,-36.688],[140.252,-36.894],[140.086,-36.894],[140.086,-37.032],[140.084,-37.176],[140.244,-37.176],[140.244,-37.32],[140.61,-37.322],[140.612,-37.176],[140.972,-37.178],[140.97,-36.668]]]}},{"type":"Feature","id":"45120","properties":{"id":"45120","name":"Northern Areas","regionAbbrev":"AUSA","ste":"4"},"geometry":{"type":"Polygon","coordinates":[[[138.698,-33.658],[138.676,-33.588],[138.728,-33.346],[138.792,-33.282],[138.752,-33.244],[138.756,-33.1],[138.698,-33.102],[138.722,-32.942],[138.44,-32.942],[138.44,-33.102],[138.164,-33.104],[138.178,-33.21],[138.26,-33.286],[138.26,-33.472],[138.39,-33.474],[138.404,-33.626],[138.552,-33.626],[138.544,-33.658],[138.698,-33.658]]]}},{"type":"Feature","id":"45290","properties":{"id":"45290","name":"Norwood Payneham and St Peters","regionAbbrev":"AUSA","ste":"4"},"geometry":{"type":"Polygon","coordinates":[[[138.624,-34.928],[138.658,-34.914],[138.648,-34.882],[138.636,-34.886],[138.614,-34.908],[138.614,-34.91],[138.624,-34.928]]]}},{"type":"Feature","id":"45340","properties":{"id":"45340","name":"Onkaparinga","regionAbbrev":"AUSA","ste":"4"},"geometry":{"type":"Polygon","coordinates":[[[138.676,-35.028],[138.676,-35.03],[138.664,-35.036],[138.658,-35.036],[138.656,-35.036],[138.652,-35.036],[138.564,-35.022],[138.542,-35.088],[138.486,-35.09],[138.478,-35.1],[138.472,-35.11],[138.47,-35.114],[138.468,-35.144],[138.464,-35.246],[138.462,-35.246],[138.444,-35.342],[138.516,-35.322],[138.642,-35.21],[138.696,-35.21],[138.696,-35.12],[138.676,-35.028]]]}},{"type":"Feature","id":"45400","properties":{"id":"45400","name":"Orroroo Carrieton","regionAbbrev":"AUSA","ste":"4"},"geometry":{"type":"Polygon","coordinates":[[[138.44,-32.322],[138.44,-32.942],[138.722,-32.942],[138.72,-32.768],[138.89,-32.768],[138.89,-32.594],[138.89,-32.414],[138.826,-32.414],[138.826,-32.16],[138.756,-32.16],[138.756,-32.12],[138.44,-32.122],[138.44,-32.322]]]}},{"type":"Feature","id":"45540","properties":{"id":"45540","name":"Peterborough","regionAbbrev":"AUSA","ste":"4"},"geometry":{"type":"Polygon","coordinates":[[[139.354,-33.098],[139.354,-32.594],[138.89,-32.594],[138.89,-32.768],[138.72,-32.768],[138.722,-32.942],[138.698,-33.102],[138.756,-33.1],[139.354,-33.098]]]}},{"type":"Feature","id":"45680","properties":{"id":"45680","name":"Playford","regionAbbrev":"AUSA","ste":"4"},"geometry":{"type":"Polygon","coordinates":[[[138.848,-34.68],[138.792,-34.636],[138.766,-34.618],[138.726,-34.67],[138.684,-34.616],[138.68,-34.614],[138.674,-34.614],[138.674,-34.616],[138.67,-34.618],[138.656,-34.622],[138.654,-34.622],[138.652,-34.624],[138.652,-34.626],[138.646,-34.63],[138.644,-34.63],[138.642,-34.63],[138.63,-34.628],[138.59,-34.638],[138.578,-34.638],[138.566,-34.636],[138.544,-34.64],[138.51,-34.642],[138.508,-34.644],[138.506,-34.644],[138.436,-34.672],[138.518,-34.732],[138.594,-34.726],[138.616,-34.692],[138.668,-34.714],[138.668,-34.754],[138.7,-34.754],[138.772,-34.734],[138.78,-34.766],[138.814,-34.774],[138.848,-34.68]]]}},{"type":"Feature","id":"45890","properties":{"id":"45890","name":"Port Adelaide Enfield","regionAbbrev":"AUSA","ste":"4"},"geometry":{"type":"Polygon","coordinates":[[[138.668,-34.868],[138.67,-34.84],[138.566,-34.826],[138.548,-34.81],[138.542,-34.816],[138.532,-34.82],[138.526,-34.812],[138.512,-34.832],[138.512,-34.83],[138.508,-34.84],[138.5,-34.85],[138.498,-34.842],[138.498,-34.84],[138.5,-34.84],[138.51,-34.8],[138.516,-34.772],[138.498,-34.764],[138.478,-34.782],[138.476,-34.85],[138.518,-34.868],[138.524,-34.858],[138.584,-34.888],[138.62,-34.884],[138.636,-34.886],[138.648,-34.882],[138.668,-34.868]]]}},{"type":"Feature","id":"46090","properties":{"id":"46090","name":"Port Augusta","regionAbbrev":"AUSA","ste":"4"},"geometry":{"type":"Polygon","coordinates":[[[137.924,-32.414],[137.75,-32.414],[137.762,-32.354],[137.62,-32.354],[137.616,-32.878],[137.802,-32.764],[137.778,-32.712],[137.752,-32.72],[137.76,-32.636],[137.766,-32.6],[137.766,-32.588],[137.762,-32.488],[137.758,-32.454],[137.784,-32.542],[137.824,-32.582],[137.806,-32.6],[137.868,-32.664],[137.838,-32.696],[137.92,-32.762],[137.918,-32.768],[137.918,-32.77],[137.914,-32.772],[137.906,-32.774],[137.902,-32.788],[137.902,-32.806],[137.966,-32.806],[137.924,-32.494],[137.924,-32.414]]]}},{"type":"Feature","id":"46300","properties":{"id":"46300","name":"Port Lincoln","regionAbbrev":"AUSA","ste":"4"},"geometry":{"type":"Polygon","coordinates":[[[135.828,-34.766],[135.894,-34.744],[135.878,-34.742],[135.856,-34.688],[135.822,-34.708],[135.828,-34.766]]]}},{"type":"Feature","id":"46450","properties":{"id":"46450","name":"Port Pirie","regionAbbrev":"AUSA","ste":"4"},"geometry":{"type":"MultiPolygon","coordinates":[[[[138.086,-33.626],[138.404,-33.626],[138.39,-33.474],[138.26,-33.472],[138.26,-33.286],[138.178,-33.21],[138.164,-33.104],[138.04,-33.104],[138.018,-33.162],[138.016,-33.176],[138.034,-33.17],[138.012,-33.178],[138.006,-33.13],[137.964,-33.16],[137.958,-33.168],[137.958,-33.166],[137.958,-33.164],[137.852,-33.208],[137.82,-33.256],[137.836,-33.302],[137.842,-33.306],[137.842,-33.304],[137.844,-33.304],[137.846,-33.304],[137.844,-33.318],[137.862,-33.328],[137.86,-33.326],[137.866,-33.328],[137.874,-33.33],[137.866,-33.326],[137.866,-33.324],[137.864,-33.318],[137.874,-33.328],[137.874,-33.33],[137.876,-33.33],[137.876,-33.328],[137.878,-33.328],[137.878,-33.326],[137.876,-33.322],[137.874,-33.318],[137.882,-33.324],[137.884,-33.348],[137.886,-33.352],[137.888,-33.352],[137.886,-33.356],[137.884,-33.358],[137.878,-33.36],[137.878,-33.362],[137.878,-33.36],[137.87,-33.396],[137.892,-33.422],[137.892,-33.42],[137.894,-33.422],[137.894,-33.424],[137.896,-33.424],[137.898,-33.426],[137.898,-33.428],[137.906,-33.436],[137.906,-33.434],[137.91,-33.444],[137.91,-33.446],[137.912,-33.448],[137.922,-33.468],[138.07,-33.47],[138.086,-33.626]]],[[[137.876,-33.332],[137.876,-33.334],[137.878,-33.334],[137.876,-33.332]]]]}},{"type":"Feature","id":"46510","properties":{"id":"46510","name":"Prospect","regionAbbrev":"AUSA","ste":"4"},"geometry":{"type":"Polygon","coordinates":[[[138.598,-34.898],[138.62,-34.884],[138.584,-34.888],[138.588,-34.898],[138.598,-34.898]]]}},{"type":"Feature","id":"46670","properties":{"id":"46670","name":"Renmark Paringa","regionAbbrev":"AUSA","ste":"4"},"geometry":{"type":"Polygon","coordinates":[[[140.964,-33.98],[140.894,-33.97],[140.91,-33.992],[140.81,-34.072],[140.75,-34.062],[140.758,-34.11],[140.796,-34.108],[140.762,-34.156],[140.722,-34.076],[140.636,-34.064],[140.646,-34.204],[140.666,-34.244],[140.628,-34.25],[140.6,-34.322],[140.964,-34.322],[140.964,-33.98]]]}},{"type":"Feature","id":"46860","properties":{"id":"46860","name":"Robe","regionAbbrev":"AUSA","ste":"4"},"geometry":{"type":"Polygon","coordinates":[[[139.742,-37.032],[139.796,-37.128],[139.782,-37.164],[139.744,-37.156],[139.742,-37.182],[139.772,-37.218],[139.778,-37.226],[139.804,-37.266],[139.806,-37.266],[139.804,-37.268],[139.806,-37.27],[139.848,-37.328],[139.85,-37.33],[139.868,-37.34],[139.87,-37.34],[140.244,-37.32],[140.244,-37.176],[140.084,-37.176],[140.086,-37.032],[139.742,-37.032]]]}},{"type":"Feature","id":"46970","properties":{"id":"46970","name":"Roxby Downs","regionAbbrev":"AUSA","ste":"4"},"geometry":{"type":"Polygon","coordinates":[[[136.926,-30.498],[136.896,-30.474],[136.844,-30.498],[136.844,-30.624],[136.916,-30.624],[136.926,-30.498]]]}},{"type":"Feature","id":"47140","properties":{"id":"47140","name":"Salisbury","regionAbbrev":"AUSA","ste":"4"},"geometry":{"type":"Polygon","coordinates":[[[138.518,-34.732],[138.544,-34.762],[138.556,-34.8],[138.548,-34.81],[138.566,-34.826],[138.67,-34.84],[138.7,-34.754],[138.668,-34.754],[138.668,-34.714],[138.616,-34.692],[138.594,-34.726],[138.518,-34.732]]]}},{"type":"Feature","id":"47290","properties":{"id":"47290","name":"Southern Mallee","regionAbbrev":"AUSA","ste":"4"},"geometry":{"type":"Polygon","coordinates":[[[140.966,-35.008],[140.796,-34.986],[140.43,-35.018],[140.43,-35.108],[140.254,-35.108],[140.254,-35.292],[140.074,-35.29],[140.076,-35.49],[140.13,-35.49],[140.136,-35.538],[140.106,-35.648],[140.254,-35.648],[140.254,-35.748],[140.52,-35.746],[140.964,-35.742],[140.966,-35.008]]]}},{"type":"Feature","id":"47490","properties":{"id":"47490","name":"Streaky Bay","regionAbbrev":"AUSA","ste":"4"},"geometry":{"type":"MultiPolygon","coordinates":[[[[134.12,-32.454],[134.252,-32.552],[134.28,-32.648],[134.29,-32.696],[134.206,-32.796],[134.196,-32.754],[134.19,-32.746],[134.19,-32.744],[134.192,-32.746],[134.192,-32.744],[134.178,-32.74],[134.156,-32.726],[134.172,-32.726],[134.178,-32.726],[134.18,-32.724],[134.216,-32.73],[134.178,-32.718],[134.106,-32.72],[134.086,-32.71],[134.072,-32.712],[134.066,-32.716],[134.066,-32.726],[134.07,-32.734],[134.07,-32.736],[134.072,-32.736],[134.138,-32.83],[134.098,-32.868],[134.078,-32.89],[134.078,-32.892],[134.082,-32.926],[134.132,-32.936],[134.136,-32.938],[134.178,-32.93],[134.206,-32.98],[134.194,-33.014],[134.146,-33.014],[134.146,-33.026],[134.16,-33.036],[134.242,-33.062],[134.25,-33.084],[134.248,-33.086],[134.262,-33.114],[134.29,-33.17],[134.304,-33.18],[134.336,-33.198],[134.348,-33.16],[134.35,-33.158],[134.348,-33.158],[134.35,-33.156],[134.318,-33.124],[134.264,-33.084],[134.278,-33.024],[134.37,-33.176],[134.452,-33.144],[134.536,-33.18],[134.598,-33.21],[134.612,-33.222],[134.632,-33.244],[134.654,-33.218],[134.652,-33.218],[134.628,-33.194],[134.56,-33.166],[134.602,-33.14],[134.822,-33.138],[134.82,-32.768],[134.976,-32.768],[134.976,-32.646],[135.138,-32.646],[135.138,-32.622],[135.092,-32.514],[134.858,-32.514],[134.856,-32.238],[134.514,-32.232],[134.514,-32.378],[134.12,-32.378],[134.12,-32.454]]],[[[134.666,-33.212],[134.668,-33.216],[134.678,-33.214],[134.68,-33.212],[134.682,-33.21],[134.67,-33.208],[134.666,-33.212]]]]}},{"type":"Feature","id":"47630","properties":{"id":"47630","name":"Tatiara","regionAbbrev":"AUSA","ste":"4"},"geometry":{"type":"Polygon","coordinates":[[[140.964,-35.742],[140.52,-35.746],[140.52,-35.812],[140.456,-35.812],[140.456,-36.034],[140.048,-36.032],[140.048,-36.254],[140.046,-36.466],[140.432,-36.466],[140.432,-36.69],[140.97,-36.668],[140.964,-35.748],[140.964,-35.742]]]}},{"type":"Feature","id":"47700","properties":{"id":"47700","name":"Tea Tree Gully","regionAbbrev":"AUSA","ste":"4"},"geometry":{"type":"Polygon","coordinates":[[[138.78,-34.766],[138.772,-34.734],[138.7,-34.754],[138.67,-34.84],[138.668,-34.868],[138.724,-34.858],[138.758,-34.866],[138.78,-34.766]]]}},{"type":"Feature","id":"47800","properties":{"id":"47800","name":"Coorong","regionAbbrev":"AUSA","ste":"4"},"geometry":{"type":"MultiPolygon","coordinates":[[[[138.878,-35.558],[139.326,-35.846],[139.672,-36.248],[140.048,-36.254],[140.048,-36.032],[140.456,-36.034],[140.456,-35.812],[140.52,-35.812],[140.52,-35.746],[140.254,-35.748],[140.254,-35.648],[140.106,-35.648],[140.136,-35.538],[140.13,-35.49],[140.076,-35.49],[140.074,-35.29],[139.894,-35.29],[139.894,-35.218],[139.62,-35.218],[139.62,-35.182],[139.358,-35.182],[139.456,-35.278],[139.384,-35.308],[139.328,-35.416],[139.146,-35.472],[138.988,-35.52],[138.878,-35.558]],[[139.188,-35.526],[139.232,-35.518],[139.368,-35.596],[139.344,-35.672],[139.31,-35.686],[139.272,-35.714],[139.274,-35.728],[139.27,-35.732],[139.254,-35.724],[139.256,-35.698],[139.232,-35.694],[139.218,-35.67],[139.212,-35.66],[139.202,-35.654],[139.2,-35.652],[139.204,-35.652],[139.246,-35.622],[139.224,-35.626],[139.212,-35.616],[139.212,-35.614],[139.246,-35.592],[139.25,-35.58],[139.256,-35.556],[139.26,-35.55],[139.188,-35.526]]],[[[139.264,-35.726],[139.266,-35.724],[139.262,-35.726],[139.264,-35.726]]],[[[139.27,-35.726],[139.274,-35.728],[139.272,-35.726],[139.27,-35.726]]]]}},{"type":"Feature","id":"47910","properties":{"id":"47910","name":"Tumby Bay","regionAbbrev":"AUSA","ste":"4"},"geometry":{"type":"Polygon","coordinates":[[[135.908,-33.85],[135.778,-33.85],[135.778,-33.938],[135.778,-34.476],[136.036,-34.48],[136.078,-34.486],[136.09,-34.544],[136.112,-34.516],[136.104,-34.418],[136.112,-34.358],[136.192,-34.332],[136.268,-34.248],[136.268,-34.242],[136.266,-34.242],[136.268,-34.242],[136.268,-34.24],[136.278,-34.224],[136.312,-34.19],[136.324,-34.174],[136.33,-34.162],[136.344,-34.138],[136.364,-34.068],[136.496,-33.992],[135.93,-33.986],[135.908,-33.85]]]}},{"type":"Feature","id":"47980","properties":{"id":"47980","name":"Unley","regionAbbrev":"AUSA","ste":"4"},"geometry":{"type":"Polygon","coordinates":[[[138.584,-34.942],[138.572,-34.958],[138.574,-34.966],[138.644,-34.964],[138.644,-34.962],[138.616,-34.94],[138.584,-34.942]]]}},{"type":"Feature","id":"48050","properties":{"id":"48050","name":"Victor Harbor","regionAbbrev":"AUSA","ste":"4"},"geometry":{"type":"Polygon","coordinates":[[[138.584,-35.39],[138.462,-35.442],[138.438,-35.63],[138.524,-35.642],[138.654,-35.538],[138.63,-35.398],[138.584,-35.39]]]}},{"type":"Feature","id":"48130","properties":{"id":"48130","name":"Wakefield","regionAbbrev":"AUSA","ste":"4"},"geometry":{"type":"Polygon","coordinates":[[[138.63,-34.388],[138.706,-34.358],[138.668,-34.218],[138.61,-34.14],[138.554,-34.14],[138.596,-33.946],[138.57,-33.95],[138.532,-33.796],[138.544,-33.658],[138.552,-33.626],[138.404,-33.626],[138.086,-33.626],[138.084,-33.99],[138.146,-33.99],[138.146,-34.092],[138.118,-34.094],[138.128,-34.132],[138.094,-34.134],[138.108,-34.152],[138.162,-34.218],[138.168,-34.234],[138.168,-34.24],[138.168,-34.244],[138.162,-34.256],[138.158,-34.258],[138.158,-34.26],[138.152,-34.26],[138.15,-34.268],[138.196,-34.274],[138.232,-34.344],[138.612,-34.344],[138.63,-34.388]]]}},{"type":"Feature","id":"48260","properties":{"id":"48260","name":"Walkerville","regionAbbrev":"AUSA","ste":"4"},"geometry":{"type":"Polygon","coordinates":[[[138.614,-34.908],[138.636,-34.886],[138.62,-34.884],[138.598,-34.898],[138.614,-34.908]]]}},{"type":"Feature","id":"48340","properties":{"id":"48340","name":"Wattle Range","regionAbbrev":"AUSA","ste":"4"},"geometry":{"type":"MultiPolygon","coordinates":[[[[140.974,-37.358],[140.972,-37.178],[140.612,-37.176],[140.61,-37.322],[140.244,-37.32],[139.87,-37.34],[139.95,-37.44],[139.95,-37.442],[139.952,-37.442],[139.97,-37.456],[139.974,-37.46],[139.976,-37.46],[139.982,-37.466],[139.986,-37.47],[139.988,-37.47],[139.996,-37.48],[139.996,-37.482],[139.996,-37.484],[139.998,-37.484],[139.998,-37.486],[140,-37.488],[140.004,-37.486],[140.042,-37.476],[140.11,-37.52],[140.112,-37.57],[140.112,-37.572],[140.128,-37.586],[140.152,-37.6],[140.298,-37.756],[140.366,-37.754],[140.382,-37.784],[140.394,-37.838],[140.424,-37.836],[140.48,-37.818],[140.476,-37.754],[140.68,-37.734],[140.678,-37.61],[140.974,-37.61],[140.974,-37.358]]],[[[139.996,-37.484],[139.996,-37.482],[139.994,-37.484],[139.996,-37.484]]]]}},{"type":"Feature","id":"48410","properties":{"id":"48410","name":"West Torrens","regionAbbrev":"AUSA","ste":"4"},"geometry":{"type":"Polygon","coordinates":[[[138.578,-34.908],[138.548,-34.914],[138.546,-34.916],[138.54,-34.916],[138.504,-34.95],[138.51,-34.964],[138.538,-34.976],[138.572,-34.958],[138.584,-34.942],[138.578,-34.908]]]}},{"type":"Feature","id":"48540","properties":{"id":"48540","name":"Whyalla","regionAbbrev":"AUSA","ste":"4"},"geometry":{"type":"Polygon","coordinates":[[[137.378,-33.326],[137.38,-33.308],[137.38,-33.304],[137.382,-33.3],[137.38,-33.298],[137.376,-33.294],[137.39,-33.292],[137.394,-33.29],[137.408,-33.27],[137.424,-33.246],[137.432,-33.232],[137.432,-33.23],[137.438,-33.218],[137.446,-33.146],[137.444,-33.148],[137.45,-33.14],[137.458,-33.132],[137.468,-33.128],[137.47,-33.128],[137.536,-33.094],[137.538,-33.094],[137.54,-33.09],[137.54,-33.088],[137.544,-33.078],[137.546,-33.078],[137.546,-33.076],[137.548,-33.076],[137.552,-33.07],[137.554,-33.068],[137.544,-33.042],[137.566,-33.048],[137.57,-33.05],[137.59,-33.04],[137.576,-33.008],[137.574,-32.946],[137.64,-32.916],[137.668,-32.954],[137.76,-32.994],[137.768,-32.992],[137.784,-32.992],[137.75,-32.92],[137.794,-32.906],[137.802,-32.764],[137.616,-32.878],[137.508,-32.878],[137.314,-33.008],[137.28,-33.326],[137.378,-33.326]]]}},{"type":"Feature","id":"48640","properties":{"id":"48640","name":"Wudinna","regionAbbrev":"AUSA","ste":"4"},"geometry":{"type":"Polygon","coordinates":[[[135.886,-33.33],[135.888,-33.244],[135.962,-33.134],[135.826,-33.108],[135.826,-33.054],[135.654,-33.056],[135.654,-32.91],[135.59,-32.91],[135.596,-32.936],[135.482,-32.912],[135.48,-32.806],[135.36,-32.814],[135.36,-32.768],[135.31,-32.768],[135.31,-32.622],[135.138,-32.622],[135.138,-32.646],[134.976,-32.646],[134.976,-32.768],[134.82,-32.768],[134.822,-33.138],[135.138,-33.14],[135.138,-33.332],[135.886,-33.33]]]}},{"type":"Feature","id":"48750","properties":{"id":"48750","name":"Yankalilla","regionAbbrev":"AUSA","ste":"4"},"geometry":{"type":"Polygon","coordinates":[[[138.516,-35.322],[138.444,-35.342],[138.386,-35.372],[138.248,-35.496],[138.244,-35.5],[138.238,-35.502],[138.17,-35.518],[138.094,-35.602],[138.14,-35.648],[138.144,-35.65],[138.228,-35.66],[138.276,-35.64],[138.296,-35.638],[138.426,-35.632],[138.438,-35.63],[138.462,-35.442],[138.584,-35.39],[138.588,-35.356],[138.526,-35.354],[138.516,-35.322]]]}},{"type":"Feature","id":"48830","properties":{"id":"48830","name":"Yorke Peninsula","regionAbbrev":"AUSA","ste":"4"},"geometry":{"type":"MultiPolygon","coordinates":[[[[137.92,-34.092],[137.54,-34.096],[137.516,-34.134],[137.45,-34.134],[137.5,-34.25],[137.478,-34.39],[137.422,-34.47],[137.462,-34.428],[137.472,-34.43],[137.486,-34.448],[137.51,-34.626],[137.436,-34.924],[137.374,-34.954],[137.278,-34.894],[137.082,-34.92],[137.014,-34.892],[136.998,-34.932],[136.986,-34.936],[136.984,-34.938],[136.936,-35.024],[136.962,-35.086],[136.904,-35.154],[136.892,-35.182],[136.858,-35.192],[136.83,-35.238],[136.844,-35.268],[136.85,-35.28],[136.888,-35.296],[136.89,-35.298],[136.926,-35.284],[137.002,-35.222],[137.142,-35.242],[137.144,-35.242],[137.19,-35.22],[137.24,-35.164],[137.346,-35.162],[137.366,-35.124],[137.458,-35.098],[137.678,-35.168],[137.76,-35.114],[137.726,-35.052],[137.764,-35.04],[137.762,-34.99],[137.798,-34.904],[137.814,-34.85],[137.908,-34.616],[137.876,-34.58],[137.918,-34.436],[138.014,-34.326],[138.018,-34.312],[138.032,-34.208],[138.032,-34.206],[138.094,-34.134],[138.128,-34.132],[138.118,-34.094],[138.078,-34.084],[138.034,-34.122],[138.014,-34.092],[137.92,-34.092]]],[[[136.858,-35.374],[136.856,-35.376],[136.858,-35.376],[136.868,-35.368],[136.856,-35.368],[136.858,-35.372],[136.858,-35.374]]]]}},{"type":"Feature","id":"49399","properties":{"id":"49399","name":"Unincorporated SA","regionAbbrev":"AUSA","ste":"4"},"geometry":{"type":"MultiPolygon","coordinates":[[[[141.002,-33.328],[141.002,-31.2],[141,-28.998],[141,-26.762],[141,-25.996],[140.91,-25.996],[138,-25.996],[135.526,-25.998],[133.112,-25.998],[133.11,-26.352],[133.054,-26.48],[133.048,-26.63],[133.1,-26.716],[133.366,-26.716],[133.342,-26.842],[133.372,-26.998],[133.494,-27.146],[133.494,-27.274],[133.448,-27.274],[133.446,-27.56],[133.676,-27.56],[133.676,-27.842],[133.36,-27.842],[133.36,-28.114],[132.994,-28.116],[133.006,-30.57],[132.846,-30.572],[132.48,-30.486],[132.176,-30.504],[131.844,-30.454],[130.394,-30.6],[129.002,-30.764],[129.002,-31.36],[129.002,-31.686],[130.146,-31.576],[130.806,-31.606],[131.15,-31.464],[131.684,-31.68],[132.076,-31.92],[132.084,-31.93],[132.176,-32.018],[132.258,-32.03],[132.264,-32.032],[132.272,-32.028],[132.294,-32.024],[132.338,-32.026],[132.388,-32.012],[132.432,-32.012],[132.474,-32.03],[132.462,-32.012],[132.462,-31.956],[132.578,-31.932],[132.752,-31.95],[132.892,-32.026],[132.98,-32.082],[132.982,-32.096],[133.002,-32.086],[133.1,-32.134],[133.13,-32.188],[133.14,-32.198],[133.16,-32.17],[133.214,-32.186],[133.214,-31.752],[133.458,-31.812],[133.612,-31.812],[133.612,-31.844],[133.676,-31.854],[133.852,-31.85],[133.852,-31.88],[134.076,-31.978],[134.12,-31.976],[134.12,-31.868],[134.29,-31.868],[134.292,-32.088],[134.514,-32.088],[134.514,-32.232],[134.856,-32.238],[134.858,-32.514],[135.092,-32.514],[135.138,-32.622],[135.31,-32.622],[135.31,-32.768],[135.36,-32.768],[135.36,-32.814],[135.48,-32.806],[135.48,-32.768],[135.714,-32.766],[135.782,-32.796],[135.792,-32.704],[135.696,-32.698],[135.718,-32.602],[136.186,-32.614],[136.254,-32.814],[136.37,-32.81],[136.44,-32.854],[136.51,-32.95],[136.51,-33.024],[136.586,-33.024],[136.6,-32.994],[136.598,-33.124],[136.812,-33.124],[136.812,-33.326],[137.28,-33.326],[137.314,-33.008],[137.508,-32.878],[137.616,-32.878],[137.62,-32.354],[137.762,-32.354],[137.75,-32.414],[137.924,-32.414],[137.966,-32.414],[137.978,-32.152],[138.084,-31.976],[138.086,-31.74],[138.716,-31.76],[138.716,-31.804],[138.634,-31.87],[138.64,-31.974],[138.756,-31.974],[138.756,-32.12],[138.756,-32.16],[138.826,-32.16],[138.826,-32.414],[138.89,-32.414],[138.89,-32.594],[139.354,-32.594],[139.354,-33.098],[139.356,-33.802],[139.7,-33.8],[139.7,-33.874],[139.858,-33.874],[139.858,-34.024],[139.918,-34.008],[139.918,-33.944],[139.984,-33.932],[140.054,-33.96],[140.056,-34.056],[140.216,-34.054],[140.216,-34.174],[140.294,-34.186],[140.324,-34.16],[140.374,-34.118],[140.474,-34.132],[140.524,-34.234],[140.494,-34.248],[140.528,-34.254],[140.534,-34.204],[140.646,-34.204],[140.636,-34.064],[140.722,-34.076],[140.762,-34.156],[140.796,-34.108],[140.758,-34.11],[140.75,-34.062],[140.81,-34.072],[140.91,-33.992],[140.894,-33.97],[140.964,-33.98],[141.004,-34.022],[141.002,-33.328]],[[133.342,-26.842],[133.368,-26.716],[133.746,-26.718],[133.674,-27.024],[133.636,-27.068],[133.644,-27.138],[133.494,-27.142],[133.374,-26.998],[133.342,-26.842]],[[134.788,-28.994],[134.81,-29.052],[134.708,-29.05],[134.694,-28.982],[134.788,-28.994]],[[136.926,-30.498],[136.916,-30.624],[136.844,-30.624],[136.844,-30.498],[136.896,-30.474],[136.926,-30.498]]],[[[140.386,-34.334],[140.43,-34.396],[140.49,-34.396],[140.538,-34.35],[140.506,-34.302],[140.386,-34.334]]],[[[135.826,-33.054],[135.826,-33.108],[135.962,-33.134],[136.002,-33.132],[136.002,-33.054],[135.826,-33.054]]],[[[139.274,-35.728],[139.272,-35.714],[139.31,-35.686],[139.344,-35.672],[139.368,-35.596],[139.232,-35.518],[139.188,-35.526],[139.26,-35.55],[139.256,-35.556],[139.25,-35.58],[139.246,-35.592],[139.212,-35.614],[139.212,-35.616],[139.224,-35.626],[139.246,-35.622],[139.204,-35.652],[139.2,-35.652],[139.202,-35.654],[139.212,-35.66],[139.218,-35.67],[139.232,-35.694],[139.256,-35.698],[139.254,-35.724],[139.27,-35.732],[139.274,-35.728]],[[139.264,-35.726],[139.262,-35.726],[139.266,-35.724],[139.264,-35.726]],[[139.274,-35.728],[139.27,-35.726],[139.272,-35.726],[139.274,-35.728]]],[[[137.59,-33.04],[137.596,-33.036],[137.592,-33.03],[137.59,-33.018],[137.592,-33.02],[137.6,-33.002],[137.658,-32.95],[137.668,-32.954],[137.64,-32.916],[137.574,-32.946],[137.576,-33.008],[137.59,-33.04]]],[[[137.554,-33.068],[137.558,-33.064],[137.558,-33.062],[137.558,-33.06],[137.564,-33.056],[137.566,-33.056],[137.564,-33.056],[137.562,-33.054],[137.566,-33.054],[137.564,-33.052],[137.566,-33.048],[137.544,-33.042],[137.554,-33.068]]],[[[136.114,-35.318],[136.116,-35.328],[136.116,-35.324],[136.12,-35.32],[136.114,-35.318]]],[[[136.06,-35.228],[136.072,-35.238],[136.074,-35.226],[136.072,-35.226],[136.064,-35.226],[136.06,-35.228]]],[[[136.488,-35.156],[136.442,-35.152],[136.472,-35.164],[136.48,-35.17],[136.482,-35.172],[136.494,-35.166],[136.488,-35.156]]],[[[136.146,-34.998],[136.148,-35],[136.158,-35.022],[136.152,-35.032],[136.154,-35.034],[136.156,-35.04],[136.16,-35.05],[136.196,-35.058],[136.198,-35.062],[136.198,-35.064],[136.2,-35.064],[136.202,-35.064],[136.204,-35.056],[136.192,-35.03],[136.17,-34.998],[136.104,-34.932],[136.084,-34.966],[136.134,-34.99],[136.144,-34.996],[136.146,-34.998]]],[[[138.51,-34.756],[138.51,-34.758],[138.514,-34.758],[138.52,-34.766],[138.522,-34.766],[138.524,-34.808],[138.546,-34.796],[138.52,-34.758],[138.516,-34.756],[138.514,-34.756],[138.516,-34.756],[138.512,-34.754],[138.512,-34.756],[138.51,-34.756]]],[[[135.914,-34.696],[135.93,-34.73],[135.918,-34.672],[135.914,-34.696]]],[[[136.344,-34.65],[136.348,-34.682],[136.346,-34.65],[136.344,-34.65]]],[[[137.374,-34.48],[137.338,-34.488],[137.362,-34.528],[137.362,-34.53],[137.376,-34.5],[137.378,-34.5],[137.38,-34.496],[137.382,-34.496],[137.38,-34.494],[137.378,-34.494],[137.374,-34.48]]],[[[133.542,-32.28],[133.576,-32.32],[133.626,-32.274],[133.612,-32.26],[133.648,-32.238],[133.65,-32.238],[133.674,-32.232],[133.624,-32.238],[133.578,-32.266],[133.584,-32.256],[133.588,-32.254],[133.542,-32.28]]],[[[133.288,-32.518],[133.292,-32.524],[133.286,-32.49],[133.288,-32.518]]],[[[133.814,-32.356],[133.788,-32.358],[133.858,-32.388],[133.838,-32.374],[133.828,-32.368],[133.822,-32.364],[133.822,-32.362],[133.82,-32.362],[133.818,-32.364],[133.814,-32.362],[133.812,-32.36],[133.81,-32.358],[133.814,-32.356]]],[[[133.276,-32.564],[133.292,-32.566],[133.288,-32.558],[133.276,-32.564]]],[[[133.29,-32.586],[133.282,-32.58],[133.278,-32.586],[133.288,-32.588],[133.288,-32.586],[133.29,-32.586]]],[[[133.824,-32.356],[133.834,-32.358],[133.828,-32.354],[133.83,-32.354],[133.832,-32.356],[133.834,-32.356],[133.828,-32.352],[133.82,-32.356],[133.824,-32.356]]]]}},{"type":"Feature","id":"50080","properties":{"id":"50080","name":"Albany","regionAbbrev":"AUWA","ste":"5"},"geometry":{"type":"MultiPolygon","coordinates":[[[[117.476,-34.936],[117.464,-34.97],[117.476,-34.98],[117.476,-34.998],[117.476,-35],[117.474,-35],[117.472,-35.002],[117.472,-35.004],[117.462,-35.004],[117.456,-35.008],[117.46,-35.012],[117.464,-35.014],[117.428,-35.022],[117.396,-34.998],[117.366,-35.002],[117.332,-35.02],[117.376,-35.024],[117.418,-35.042],[117.466,-35.068],[117.468,-35.068],[117.48,-35.076],[117.482,-35.076],[117.486,-35.08],[117.486,-35.088],[117.504,-35.084],[117.508,-35.084],[117.52,-35.076],[117.584,-35.102],[117.586,-35.102],[117.588,-35.104],[117.598,-35.11],[117.608,-35.122],[117.608,-35.126],[117.606,-35.128],[117.608,-35.128],[117.618,-35.13],[117.622,-35.132],[117.63,-35.128],[117.634,-35.13],[117.636,-35.13],[117.64,-35.132],[117.642,-35.126],[117.636,-35.124],[117.636,-35.122],[117.634,-35.122],[117.634,-35.104],[117.652,-35.082],[117.65,-35.078],[117.646,-35.07],[117.644,-35.066],[117.644,-35.064],[117.646,-35.06],[117.678,-35.044],[117.698,-35.05],[117.704,-35.048],[117.708,-35.048],[117.73,-35.048],[117.822,-35.08],[117.856,-35.1],[117.886,-35.112],[117.89,-35.116],[117.892,-35.118],[117.896,-35.12],[117.9,-35.124],[117.902,-35.122],[117.924,-35.12],[117.932,-35.12],[117.934,-35.12],[117.944,-35.124],[117.944,-35.126],[117.948,-35.128],[117.954,-35.126],[117.954,-35.124],[117.962,-35.12],[117.962,-35.118],[117.972,-35.102],[117.976,-35.1],[117.996,-35.1],[118.01,-35.1],[118.012,-35.104],[118,-35.088],[117.964,-35.094],[117.95,-35.09],[117.942,-35.088],[117.924,-35.054],[117.924,-35.078],[117.884,-35.072],[117.868,-35.058],[117.852,-35.032],[117.884,-35.028],[117.922,-35.03],[117.922,-35.026],[117.948,-34.998],[117.948,-34.96],[117.948,-34.946],[117.948,-34.944],[117.95,-34.944],[117.964,-34.948],[117.966,-34.948],[117.978,-34.942],[117.98,-34.942],[117.978,-34.942],[117.978,-34.94],[117.976,-34.938],[117.978,-34.938],[117.98,-34.938],[117.98,-34.948],[117.976,-34.966],[117.966,-34.996],[117.95,-35],[118.004,-35.016],[118.026,-35.016],[118.028,-35.016],[118.062,-35.002],[118.12,-34.986],[118.136,-34.988],[118.138,-34.988],[118.166,-34.994],[118.17,-34.998],[118.172,-35],[118.172,-35.004],[118.176,-35.012],[118.174,-35.012],[118.174,-35.014],[118.178,-35.016],[118.178,-35.014],[118.192,-35.014],[118.19,-35.024],[118.204,-35.012],[118.204,-35.006],[118.202,-35.002],[118.202,-34.998],[118.208,-34.994],[118.208,-34.992],[118.21,-34.98],[118.2,-34.974],[118.198,-34.974],[118.192,-34.968],[118.19,-34.968],[118.184,-34.972],[118.184,-34.94],[118.186,-34.938],[118.186,-34.936],[118.204,-34.94],[118.214,-34.942],[118.25,-34.916],[118.252,-34.916],[118.254,-34.916],[118.254,-34.914],[118.28,-34.912],[118.282,-34.912],[118.288,-34.912],[118.288,-34.91],[118.29,-34.91],[118.292,-34.91],[118.296,-34.912],[118.298,-34.912],[118.302,-34.908],[118.322,-34.902],[118.33,-34.898],[118.33,-34.896],[118.332,-34.894],[118.336,-34.894],[118.338,-34.902],[118.34,-34.902],[118.356,-34.902],[118.358,-34.904],[118.36,-34.904],[118.362,-34.904],[118.366,-34.904],[118.368,-34.902],[118.378,-34.902],[118.386,-34.906],[118.396,-34.914],[118.396,-34.916],[118.398,-34.916],[118.406,-34.904],[118.41,-34.902],[118.416,-34.902],[118.416,-34.9],[118.418,-34.9],[118.42,-34.9],[118.422,-34.9],[118.424,-34.9],[118.426,-34.9],[118.428,-34.888],[118.426,-34.886],[118.424,-34.886],[118.414,-34.88],[118.408,-34.878],[118.402,-34.824],[118.502,-34.728],[118.51,-34.726],[118.51,-34.724],[118.512,-34.724],[118.512,-34.726],[118.528,-34.716],[118.528,-34.714],[118.57,-34.702],[118.586,-34.7],[118.65,-34.684],[118.678,-34.664],[118.678,-34.666],[118.686,-34.662],[118.692,-34.658],[118.7,-34.656],[118.702,-34.656],[118.708,-34.656],[118.71,-34.654],[118.714,-34.654],[118.716,-34.656],[118.722,-34.656],[118.722,-34.654],[118.724,-34.652],[118.726,-34.652],[118.726,-34.65],[118.732,-34.644],[118.734,-34.644],[118.746,-34.634],[118.746,-34.63],[118.752,-34.626],[118.76,-34.62],[118.764,-34.618],[118.774,-34.614],[118.776,-34.614],[118.776,-34.612],[118.778,-34.612],[118.782,-34.608],[118.77,-34.606],[118.76,-34.604],[118.756,-34.598],[118.742,-34.58],[118.806,-34.518],[118.806,-34.516],[118.81,-34.51],[118.81,-34.512],[118.812,-34.512],[118.814,-34.508],[118.838,-34.506],[118.838,-34.504],[118.906,-34.498],[118.908,-34.482],[118.902,-34.47],[118.89,-34.464],[118.87,-34.456],[118.87,-34.454],[118.844,-34.458],[118.836,-34.458],[118.654,-34.336],[118.58,-34.354],[118.412,-34.284],[118.374,-34.382],[118.41,-34.404],[118.354,-34.434],[118.322,-34.53],[118.21,-34.548],[118.21,-34.664],[118.032,-34.646],[117.964,-34.694],[117.966,-34.762],[117.91,-34.766],[117.91,-34.818],[117.856,-34.818],[117.87,-34.85],[117.488,-34.83],[117.48,-34.91],[117.476,-34.924],[117.474,-34.934],[117.476,-34.936]]],[[[118.03,-35.046],[118.036,-35.046],[118.04,-35.044],[118.05,-35.044],[118.046,-35.042],[118.038,-35.04],[118.028,-35.046],[118.03,-35.046]]],[[[118.464,-34.932],[118.468,-34.934],[118.476,-34.936],[118.478,-34.936],[118.478,-34.932],[118.48,-34.928],[118.484,-34.92],[118.46,-34.906],[118.458,-34.904],[118.446,-34.906],[118.446,-34.904],[118.442,-34.904],[118.444,-34.904],[118.444,-34.908],[118.438,-34.908],[118.442,-34.914],[118.446,-34.916],[118.45,-34.924],[118.458,-34.926],[118.46,-34.928],[118.464,-34.932]]],[[[118.07,-35.064],[118.066,-35.062],[118.04,-35.058],[118.04,-35.06],[118.042,-35.062],[118.044,-35.062],[118.044,-35.064],[118.062,-35.066],[118.064,-35.066],[118.07,-35.066],[118.07,-35.064]]],[[[117.946,-35.062],[117.948,-35.062],[117.948,-35.06],[117.946,-35.062]]],[[[118.216,-35.002],[118.216,-35],[118.21,-34.998],[118.214,-35.002],[118.216,-35.002]]]]}},{"type":"Feature","id":"50210","properties":{"id":"50210","name":"Armadale","regionAbbrev":"AUWA","ste":"5"},"geometry":{"type":"Polygon","coordinates":[[[116.002,-32.186],[116.11,-32.212],[116.114,-32.288],[116.19,-32.286],[116.226,-32.236],[116.358,-32.236],[116.282,-32.17],[116.286,-32.112],[116.286,-32.082],[116.09,-32.084],[116.014,-32.096],[116.012,-32.09],[115.964,-32.13],[115.916,-32.116],[115.9,-32.18],[116.002,-32.186]]]}},{"type":"Feature","id":"50250","properties":{"id":"50250","name":"Ashburton","regionAbbrev":"AUWA","ste":"5"},"geometry":{"type":"MultiPolygon","coordinates":[[[[118.07,-21.296],[118.07,-21.648],[118.11,-21.648],[118.11,-21.728],[117.984,-21.728],[117.984,-21.482],[117.924,-21.482],[117.924,-21.372],[117.702,-21.372],[117.702,-21.15],[117.548,-21.15],[117.548,-21.308],[117.222,-21.308],[117.222,-21.252],[117.294,-21.252],[117.294,-21.184],[117.148,-21.184],[117.148,-21.252],[117.088,-21.252],[117.114,-21.162],[117.018,-21.162],[117.018,-21.212],[116.798,-21.212],[116.798,-21.336],[116.176,-21.316],[116.176,-21.392],[116.114,-21.392],[116.114,-21.53],[116.008,-21.53],[116.008,-21.58],[115.962,-21.58],[115.962,-21.474],[115.888,-21.44],[115.888,-21.408],[115.598,-21.408],[115.596,-21.408],[115.556,-21.408],[115.572,-21.448],[115.534,-21.436],[115.506,-21.48],[115.508,-21.54],[115.476,-21.546],[115.468,-21.514],[115.456,-21.548],[115.458,-21.508],[115.448,-21.544],[115.414,-21.524],[115.332,-21.576],[115.342,-21.596],[115.242,-21.576],[115.174,-21.634],[115.136,-21.658],[115.108,-21.632],[115.036,-21.694],[114.966,-21.684],[114.988,-21.672],[114.716,-21.802],[114.686,-21.868],[114.686,-21.832],[114.648,-21.844],[114.664,-21.91],[114.62,-21.944],[114.606,-22.006],[114.572,-22.002],[114.576,-22.042],[114.56,-22.02],[114.552,-22.066],[114.518,-22.066],[114.508,-22.184],[114.458,-22.158],[114.49,-22.188],[114.498,-22.22],[114.49,-22.216],[114.466,-22.208],[114.482,-22.25],[114.444,-22.242],[114.474,-22.264],[114.432,-22.278],[114.56,-22.278],[114.56,-22.504],[114.638,-22.504],[114.638,-22.668],[114.754,-22.668],[114.672,-22.906],[114.71,-22.906],[114.71,-22.932],[114.598,-22.968],[114.598,-23.01],[114.48,-23.018],[114.48,-23.074],[114.546,-23.074],[114.546,-23.13],[114.674,-23.128],[114.674,-23.22],[114.632,-23.22],[114.632,-23.39],[114.738,-23.39],[114.738,-23.452],[115.196,-23.452],[115.196,-23.392],[115.478,-23.392],[115.478,-23.484],[115.532,-23.484],[115.526,-23.574],[115.606,-23.574],[115.606,-23.674],[115.704,-23.674],[115.726,-23.842],[115.98,-23.888],[115.98,-23.578],[116.076,-23.578],[116.192,-23.654],[116.298,-23.654],[116.298,-23.6],[116.494,-23.598],[116.496,-23.51],[116.598,-23.51],[116.598,-23.574],[116.858,-23.572],[116.858,-23.804],[117.626,-23.792],[117.626,-23.74],[117.714,-23.74],[117.744,-23.618],[117.744,-23.532],[117.658,-23.532],[117.638,-23.484],[117.638,-23.438],[117.716,-23.438],[117.716,-23.378],[118.08,-23.374],[118.08,-23.292],[118.426,-23.314],[118.426,-23.44],[118.836,-22.696],[119.124,-22.696],[119.124,-22.546],[119.014,-22.546],[119.014,-22.464],[118.758,-22.432],[118.758,-22.362],[118.862,-22.362],[118.862,-22.39],[119.428,-22.364],[119.38,-22.206],[119.18,-22.206],[119.18,-22.174],[119.232,-22.174],[119.232,-22.066],[118.728,-22.05],[118.698,-22.036],[118.698,-21.96],[118.588,-21.96],[118.588,-21.81],[118.532,-21.81],[118.552,-21.696],[118.502,-21.696],[118.502,-21.658],[118.254,-21.684],[118.254,-21.608],[118.2,-21.608],[118.2,-21.53],[118.232,-21.53],[118.206,-21.386],[118.156,-21.386],[118.156,-21.478],[118.086,-21.478],[118.146,-21.296],[118.07,-21.296]]],[[[115.45,-20.806],[115.478,-20.734],[115.436,-20.666],[115.324,-20.802],[115.322,-20.892],[115.344,-20.864],[115.396,-20.886],[115.45,-20.806]]],[[[115.576,-20.682],[115.576,-20.68],[115.574,-20.682],[115.576,-20.682]]],[[[114.504,-22.016],[114.538,-22.06],[114.542,-22.006],[114.504,-22.016]]]]}},{"type":"Feature","id":"50280","properties":{"id":"50280","name":"Augusta Margaret River","regionAbbrev":"AUWA","ste":"5"},"geometry":{"type":"Polygon","coordinates":[[[114.986,-33.976],[115.002,-34.032],[115,-34.038],[115,-34.04],[115,-34.056],[115.004,-34.082],[114.994,-34.096],[114.992,-34.098],[114.994,-34.098],[115.022,-34.158],[115.028,-34.16],[115.026,-34.222],[115.034,-34.236],[115.036,-34.266],[115.126,-34.354],[115.132,-34.36],[115.134,-34.362],[115.134,-34.364],[115.146,-34.368],[115.152,-34.37],[115.152,-34.368],[115.154,-34.368],[115.16,-34.366],[115.146,-34.288],[115.174,-34.276],[115.192,-34.276],[115.188,-34.282],[115.17,-34.298],[115.168,-34.322],[115.338,-34.314],[115.338,-34.16],[115.402,-34.156],[115.42,-33.92],[115.536,-33.914],[115.67,-33.812],[115.4,-33.804],[115.316,-33.84],[114.998,-33.818],[114.994,-33.834],[114.988,-33.906],[114.992,-33.942],[114.99,-33.954],[114.99,-33.956],[114.982,-33.964],[114.982,-33.966],[114.986,-33.976]]]}},{"type":"Feature","id":"50350","properties":{"id":"50350","name":"Bassendean","regionAbbrev":"AUWA","ste":"5"},"geometry":{"type":"Polygon","coordinates":[[[115.934,-31.886],[115.94,-31.924],[115.94,-31.922],[115.94,-31.92],[115.942,-31.92],[115.944,-31.92],[115.946,-31.922],[115.948,-31.922],[115.95,-31.922],[115.952,-31.922],[115.954,-31.92],[115.954,-31.918],[115.956,-31.916],[115.958,-31.914],[115.962,-31.912],[115.962,-31.91],[115.964,-31.91],[115.962,-31.908],[115.962,-31.906],[115.964,-31.904],[115.964,-31.902],[115.962,-31.9],[115.96,-31.898],[115.958,-31.896],[115.96,-31.894],[115.934,-31.886]]]}},{"type":"Feature","id":"50420","properties":{"id":"50420","name":"Bayswater","regionAbbrev":"AUWA","ste":"5"},"geometry":{"type":"Polygon","coordinates":[[[115.934,-31.886],[115.934,-31.882],[115.878,-31.868],[115.88,-31.874],[115.892,-31.922],[115.89,-31.924],[115.88,-31.936],[115.886,-31.938],[115.898,-31.942],[115.91,-31.952],[115.914,-31.95],[115.918,-31.944],[115.91,-31.94],[115.91,-31.936],[115.912,-31.934],[115.934,-31.93],[115.938,-31.93],[115.94,-31.924],[115.934,-31.886]]]}},{"type":"Feature","id":"50490","properties":{"id":"50490","name":"Belmont","regionAbbrev":"AUWA","ste":"5"},"geometry":{"type":"Polygon","coordinates":[[[115.94,-31.924],[115.938,-31.93],[115.934,-31.93],[115.912,-31.934],[115.91,-31.936],[115.91,-31.94],[115.918,-31.944],[115.914,-31.95],[115.91,-31.952],[115.9,-31.954],[115.934,-31.984],[115.942,-31.984],[115.944,-31.984],[115.978,-31.988],[115.982,-31.944],[115.958,-31.92],[115.954,-31.92],[115.952,-31.922],[115.95,-31.922],[115.948,-31.922],[115.946,-31.922],[115.944,-31.92],[115.942,-31.92],[115.94,-31.92],[115.94,-31.922],[115.94,-31.924]]]}},{"type":"Feature","id":"50560","properties":{"id":"50560","name":"Beverley","regionAbbrev":"AUWA","ste":"5"},"geometry":{"type":"Polygon","coordinates":[[[116.358,-32.236],[116.384,-32.236],[116.384,-32.356],[116.534,-32.358],[116.784,-32.332],[116.834,-32.258],[117.1,-32.268],[117.24,-32.228],[117.228,-32.03],[117.1,-31.982],[117.044,-31.962],[116.932,-31.994],[116.756,-32.082],[116.728,-32.058],[116.71,-32.116],[116.614,-32.112],[116.614,-32.14],[116.51,-32.14],[116.446,-32.082],[116.286,-32.112],[116.282,-32.17],[116.358,-32.236]]]}},{"type":"Feature","id":"50630","properties":{"id":"50630","name":"Boddington","regionAbbrev":"AUWA","ste":"5"},"geometry":{"type":"Polygon","coordinates":[[[116.26,-32.498],[116.266,-32.674],[116.206,-32.674],[116.226,-32.792],[116.178,-32.802],[116.18,-32.942],[116.194,-32.966],[116.21,-33.03],[116.41,-32.994],[116.412,-33.086],[116.568,-33.06],[116.66,-32.816],[116.368,-32.502],[116.26,-32.498]]]}},{"type":"Feature","id":"50770","properties":{"id":"50770","name":"Boyup Brook","regionAbbrev":"AUWA","ste":"5"},"geometry":{"type":"Polygon","coordinates":[[[116.196,-33.78],[116.204,-33.882],[116.322,-33.898],[116.366,-33.964],[116.356,-34.054],[116.5,-34.076],[116.504,-34.122],[116.464,-34.122],[116.486,-34.158],[116.524,-34.154],[116.514,-34.226],[116.656,-34.22],[116.694,-34.254],[116.842,-34.25],[116.842,-34.208],[116.842,-34.14],[116.802,-34.118],[116.804,-34.112],[116.72,-33.96],[116.776,-33.922],[116.766,-33.712],[116.732,-33.684],[116.73,-33.684],[116.696,-33.686],[116.686,-33.7],[116.684,-33.7],[116.672,-33.7],[116.656,-33.698],[116.652,-33.698],[116.638,-33.696],[116.622,-33.68],[116.61,-33.678],[116.612,-33.678],[116.612,-33.676],[116.612,-33.674],[116.604,-33.676],[116.602,-33.678],[116.486,-33.666],[116.474,-33.624],[116.3,-33.552],[116.198,-33.512],[116.202,-33.67],[116.24,-33.708],[116.196,-33.78]]]}},{"type":"Feature","id":"50840","properties":{"id":"50840","name":"Bridgetown-Greenbushes","regionAbbrev":"AUWA","ste":"5"},"geometry":{"type":"Polygon","coordinates":[[[116.196,-33.78],[116,-33.8],[116.002,-33.894],[115.968,-33.916],[115.994,-33.944],[115.946,-33.964],[116.012,-34.136],[116.246,-34.132],[116.254,-34.174],[116.322,-34.202],[116.42,-34.202],[116.42,-34.16],[116.486,-34.158],[116.464,-34.122],[116.504,-34.122],[116.5,-34.076],[116.356,-34.054],[116.366,-33.964],[116.322,-33.898],[116.204,-33.882],[116.196,-33.78]]]}},{"type":"Feature","id":"50910","properties":{"id":"50910","name":"Brookton","regionAbbrev":"AUWA","ste":"5"},"geometry":{"type":"Polygon","coordinates":[[[116.534,-32.358],[116.536,-32.488],[116.824,-32.488],[116.842,-32.454],[117.048,-32.462],[117.202,-32.402],[117.462,-32.41],[117.412,-32.226],[117.24,-32.228],[117.1,-32.268],[116.834,-32.258],[116.784,-32.332],[116.534,-32.358]]]}},{"type":"Feature","id":"50980","properties":{"id":"50980","name":"Broome","regionAbbrev":"AUWA","ste":"5"},"geometry":{"type":"MultiPolygon","coordinates":[[[[122.238,-17.97],[122.378,-17.99],[122.382,-18.072],[122.346,-18.146],[122.216,-18.204],[122.204,-18.244],[121.904,-18.464],[121.816,-18.45],[121.798,-18.53],[121.792,-18.504],[121.73,-18.576],[121.792,-18.608],[121.792,-18.658],[121.742,-18.704],[121.618,-18.706],[121.654,-18.836],[121.604,-18.866],[121.576,-18.948],[121.6,-18.94],[121.578,-18.95],[121.554,-18.942],[121.504,-19.106],[121.326,-19.35],[121.118,-19.536],[120.632,-19.77],[120.196,-19.914],[120.064,-19.926],[120.064,-20.07],[120.668,-20.07],[120.686,-19.874],[120.788,-19.874],[120.788,-19.906],[121.114,-19.906],[121.114,-19.794],[121.424,-19.794],[121.424,-19.826],[121.502,-19.826],[121.504,-19.852],[121.698,-19.852],[121.698,-19.79],[123.566,-19.794],[123.566,-19.496],[123.55,-18.754],[123.404,-18.754],[123.404,-18.662],[123.526,-18.662],[123.512,-18.498],[123.346,-18.498],[123.35,-18.272],[123.15,-18.272],[123.148,-17.814],[122.996,-17.814],[122.996,-17.536],[123.166,-17.536],[123.166,-17.46],[123.114,-17.46],[123.114,-17.366],[123.03,-17.366],[123.03,-17.232],[123.38,-17.234],[123.236,-16.97],[123.15,-16.924],[123.178,-16.858],[123.154,-16.802],[123.104,-16.784],[123.14,-16.688],[123.118,-16.714],[123.086,-16.664],[123.052,-16.69],[123.04,-16.62],[123.024,-16.604],[122.996,-16.64],[122.998,-16.602],[122.954,-16.58],[123.008,-16.528],[122.972,-16.516],[122.984,-16.464],[123.046,-16.474],[123.078,-16.44],[123.016,-16.406],[123.04,-16.36],[122.982,-16.406],[122.988,-16.38],[122.926,-16.388],[122.906,-16.486],[122.854,-16.51],[122.884,-16.53],[122.82,-16.556],[122.778,-16.586],[122.744,-16.7],[122.784,-16.696],[122.774,-16.734],[122.822,-16.75],[122.83,-16.76],[122.826,-16.766],[122.832,-16.776],[122.776,-16.758],[122.638,-16.8],[122.61,-16.766],[122.57,-16.77],[122.572,-16.836],[122.55,-16.82],[122.536,-16.848],[122.612,-16.964],[122.562,-16.958],[122.508,-16.954],[122.478,-16.896],[122.474,-16.988],[122.432,-16.984],[122.47,-16.936],[122.258,-17.11],[122.266,-17.136],[122.304,-17.112],[122.302,-17.15],[122.258,-17.168],[122.174,-17.264],[122.142,-17.488],[122.214,-17.866],[122.176,-17.974],[122.208,-18.008],[122.238,-17.97]]],[[[123.202,-16.388],[123.168,-16.388],[123.174,-16.432],[123.202,-16.388]]]]}},{"type":"Feature","id":"51080","properties":{"id":"51080","name":"Broomehill-Tambellup","regionAbbrev":"AUWA","ste":"5"},"geometry":{"type":"Polygon","coordinates":[[[117.332,-33.782],[117.34,-34.088],[117.374,-34.134],[117.428,-34.124],[117.508,-34.172],[117.672,-34.182],[117.666,-34.258],[117.99,-34.258],[117.99,-34.05],[117.902,-34.016],[117.858,-33.936],[117.854,-33.892],[117.912,-33.88],[117.908,-33.776],[117.332,-33.782]]]}},{"type":"Feature","id":"51120","properties":{"id":"51120","name":"Bruce Rock","regionAbbrev":"AUWA","ste":"5"},"geometry":{"type":"Polygon","coordinates":[[[117.678,-31.822],[117.71,-32.076],[117.67,-32.106],[117.676,-32.162],[117.924,-32.156],[118.082,-32.192],[118.078,-32.228],[118.208,-32.23],[118.208,-32.098],[118.318,-31.984],[118.318,-31.874],[118.37,-31.854],[118.378,-31.78],[118.378,-31.696],[117.982,-31.7],[117.992,-31.828],[117.678,-31.822]]]}},{"type":"Feature","id":"51190","properties":{"id":"51190","name":"Bunbury","regionAbbrev":"AUWA","ste":"5"},"geometry":{"type":"Polygon","coordinates":[[[115.646,-33.304],[115.61,-33.38],[115.636,-33.386],[115.704,-33.404],[115.698,-33.31],[115.696,-33.308],[115.672,-33.302],[115.67,-33.302],[115.664,-33.318],[115.646,-33.306],[115.646,-33.304]]]}},{"type":"Feature","id":"51260","properties":{"id":"51260","name":"Busselton","regionAbbrev":"AUWA","ste":"5"},"geometry":{"type":"Polygon","coordinates":[[[115.67,-33.812],[115.764,-33.796],[115.768,-33.7],[115.718,-33.662],[115.608,-33.672],[115.58,-33.62],[115.492,-33.604],[115.492,-33.602],[115.482,-33.604],[115.454,-33.58],[115.368,-33.64],[115.238,-33.656],[115.124,-33.624],[115.102,-33.586],[115.102,-33.584],[115.096,-33.578],[115.084,-33.564],[115.064,-33.554],[115.064,-33.552],[115.052,-33.544],[115.018,-33.532],[115.008,-33.544],[115.012,-33.552],[115.006,-33.558],[115.006,-33.56],[115.006,-33.562],[115.01,-33.57],[115.022,-33.642],[115.022,-33.644],[115.02,-33.646],[115.018,-33.658],[115.016,-33.658],[115.006,-33.662],[115.006,-33.664],[114.996,-33.668],[114.996,-33.67],[114.994,-33.67],[114.994,-33.672],[114.996,-33.672],[114.994,-33.682],[114.994,-33.684],[114.982,-33.7],[114.984,-33.722],[114.99,-33.76],[114.99,-33.768],[114.998,-33.818],[115.316,-33.84],[115.4,-33.804],[115.67,-33.812]]]}},{"type":"Feature","id":"51310","properties":{"id":"51310","name":"Cambridge","regionAbbrev":"AUWA","ste":"5"},"geometry":{"type":"Polygon","coordinates":[[[115.756,-31.908],[115.754,-31.95],[115.754,-31.952],[115.804,-31.948],[115.842,-31.942],[115.844,-31.94],[115.826,-31.922],[115.756,-31.908]]]}},{"type":"Feature","id":"51330","properties":{"id":"51330","name":"Canning","regionAbbrev":"AUWA","ste":"5"},"geometry":{"type":"Polygon","coordinates":[[[115.934,-31.984],[115.922,-31.994],[115.898,-32.012],[115.898,-32.018],[115.862,-32.046],[115.886,-32.066],[115.884,-32.07],[115.892,-32.082],[115.916,-32.116],[115.978,-32.004],[115.978,-31.988],[115.944,-31.984],[115.942,-31.984],[115.934,-31.984]]]}},{"type":"Feature","id":"51400","properties":{"id":"51400","name":"Capel","regionAbbrev":"AUWA","ste":"5"},"geometry":{"type":"Polygon","coordinates":[[[115.61,-33.38],[115.454,-33.58],[115.482,-33.604],[115.492,-33.602],[115.492,-33.604],[115.58,-33.62],[115.608,-33.672],[115.718,-33.662],[115.73,-33.532],[115.778,-33.52],[115.778,-33.452],[115.726,-33.448],[115.704,-33.404],[115.636,-33.386],[115.61,-33.38]]]}},{"type":"Feature","id":"51470","properties":{"id":"51470","name":"Carnamah","regionAbbrev":"AUWA","ste":"5"},"geometry":{"type":"Polygon","coordinates":[[[116.018,-29.516],[115.878,-29.55],[115.846,-29.594],[115.756,-29.572],[115.772,-29.734],[115.246,-29.738],[115.246,-29.688],[114.96,-29.688],[114.98,-29.874],[114.982,-29.902],[114.982,-29.918],[114.98,-29.936],[115.898,-29.904],[115.898,-29.852],[115.988,-29.808],[116.028,-29.822],[116.026,-29.788],[116.112,-29.792],[116.164,-29.748],[116.134,-29.65],[116.106,-29.65],[116.102,-29.55],[116.018,-29.516]]]}},{"type":"Feature","id":"51540","properties":{"id":"51540","name":"Carnarvon","regionAbbrev":"AUWA","ste":"5"},"geometry":{"type":"MultiPolygon","coordinates":[[[[114.598,-23.01],[114.456,-22.854],[114.2,-22.854],[114.2,-22.79],[113.894,-22.79],[113.894,-22.926],[113.82,-22.926],[113.828,-23.042],[113.76,-23.12],[113.796,-23.3],[113.778,-23.478],[113.614,-23.63],[113.528,-23.782],[113.46,-24.014],[113.422,-24.042],[113.444,-24.182],[113.39,-24.224],[113.408,-24.484],[113.624,-24.746],[113.618,-24.858],[113.708,-24.85],[113.654,-24.882],[113.692,-24.928],[113.662,-24.966],[113.674,-25.042],[113.818,-25.174],[114.004,-25.618],[114.134,-25.772],[114.196,-25.834],[114.206,-25.852],[114.232,-25.872],[114.268,-25.888],[114.266,-25.98],[114.196,-25.984],[114.238,-26.074],[114.24,-26.084],[114.254,-26.142],[114.354,-26.144],[114.354,-25.998],[114.758,-25.998],[114.758,-25.94],[114.85,-25.94],[114.85,-25.874],[114.992,-25.874],[114.992,-25.784],[114.992,-25.574],[114.946,-25.574],[114.946,-25.348],[114.806,-25.348],[114.806,-25.288],[114.898,-25.288],[114.898,-25.206],[114.808,-25.206],[114.808,-24.966],[114.822,-24.91],[115.128,-24.912],[115.184,-24.794],[115.184,-24.648],[115.15,-24.648],[115.15,-24.578],[114.988,-24.58],[114.996,-24.238],[115.114,-24.238],[115.112,-24.122],[115.212,-24.118],[115.212,-24.224],[115.386,-24.224],[115.386,-24.274],[115.446,-24.274],[115.482,-24.168],[115.478,-24.006],[115.406,-24.006],[115.418,-23.804],[115.57,-23.778],[115.57,-23.674],[115.606,-23.674],[115.606,-23.574],[115.526,-23.574],[115.532,-23.484],[115.478,-23.484],[115.478,-23.392],[115.196,-23.392],[115.196,-23.452],[114.738,-23.452],[114.738,-23.39],[114.632,-23.39],[114.632,-23.22],[114.674,-23.22],[114.674,-23.128],[114.546,-23.13],[114.546,-23.074],[114.48,-23.074],[114.48,-23.018],[114.598,-23.01]]],[[[113.104,-25.172],[113.118,-24.992],[113.076,-25.272],[113.104,-25.172]]],[[[113.126,-24.892],[113.12,-24.986],[113.158,-24.754],[113.126,-24.892]]]]}},{"type":"Feature","id":"51610","properties":{"id":"51610","name":"Chapman Valley","regionAbbrev":"AUWA","ste":"5"},"geometry":{"type":"Polygon","coordinates":[[[115.32,-27.818],[115.26,-27.818],[115.252,-27.936],[115.06,-27.952],[114.984,-28.216],[114.77,-28.216],[114.782,-28.372],[114.724,-28.436],[114.68,-28.436],[114.632,-28.536],[114.56,-28.544],[114.566,-28.558],[114.614,-28.666],[114.736,-28.726],[114.74,-28.652],[115.068,-28.65],[115.212,-28.494],[115.19,-28.45],[115.248,-28.45],[115.356,-28.41],[115.488,-28.226],[115.496,-28.206],[115.406,-28.196],[115.406,-28.002],[115.322,-28.002],[115.356,-27.896],[115.32,-27.896],[115.32,-27.818]]]}},{"type":"Feature","id":"51680","properties":{"id":"51680","name":"Chittering","regionAbbrev":"AUWA","ste":"5"},"geometry":{"type":"Polygon","coordinates":[[[116.048,-31.088],[116.03,-31.322],[115.968,-31.352],[116,-31.474],[115.856,-31.474],[115.884,-31.628],[116.152,-31.6],[116.166,-31.354],[116.246,-31.354],[116.246,-31.23],[116.222,-31.088],[116.048,-31.088]]]}},{"type":"Feature","id":"51750","properties":{"id":"51750","name":"Claremont","regionAbbrev":"AUWA","ste":"5"},"geometry":{"type":"Polygon","coordinates":[[[115.79,-31.986],[115.768,-31.982],[115.768,-31.992],[115.772,-31.992],[115.774,-31.992],[115.776,-31.988],[115.788,-31.992],[115.79,-31.986]]]}},{"type":"Feature","id":"51820","properties":{"id":"51820","name":"Cockburn","regionAbbrev":"AUWA","ste":"5"},"geometry":{"type":"MultiPolygon","coordinates":[[[[115.916,-32.116],[115.892,-32.082],[115.804,-32.076],[115.752,-32.078],[115.742,-32.134],[115.746,-32.136],[115.762,-32.14],[115.766,-32.152],[115.776,-32.18],[115.862,-32.18],[115.9,-32.18],[115.916,-32.116]]],[[[115.542,-31.994],[115.45,-32.024],[115.528,-32.028],[115.542,-31.994]]]]}},{"type":"Feature","id":"51890","properties":{"id":"51890","name":"Collie","regionAbbrev":"AUWA","ste":"5"},"geometry":{"type":"Polygon","coordinates":[[[116.21,-33.03],[116.21,-33.084],[116.148,-33.084],[116.146,-33.232],[116.01,-33.232],[116.018,-33.182],[115.946,-33.222],[115.92,-33.378],[115.98,-33.402],[115.982,-33.41],[115.984,-33.41],[116.006,-33.43],[116.016,-33.43],[116.012,-33.422],[116.01,-33.408],[116.02,-33.4],[116.016,-33.392],[116.01,-33.38],[116.008,-33.372],[116.006,-33.366],[116.01,-33.356],[116.016,-33.356],[116.044,-33.352],[116.024,-33.44],[116.064,-33.44],[116.064,-33.484],[116.198,-33.512],[116.3,-33.552],[116.266,-33.498],[116.326,-33.502],[116.382,-33.456],[116.39,-33.342],[116.412,-33.086],[116.41,-32.994],[116.21,-33.03]]]}},{"type":"Feature","id":"51960","properties":{"id":"51960","name":"Coolgardie","regionAbbrev":"AUWA","ste":"5"},"geometry":{"type":"Polygon","coordinates":[[[120.014,-30.16],[120.01,-31.866],[122.398,-31.866],[122.4,-31.386],[122.4,-31.18],[121.594,-31.18],[121.594,-31.078],[121.536,-31.09],[121.536,-31.016],[121.07,-30.448],[120.846,-30.448],[120.846,-30.16],[120.014,-30.16]]]}},{"type":"Feature","id":"52030","properties":{"id":"52030","name":"Coorow","regionAbbrev":"AUWA","ste":"5"},"geometry":{"type":"Polygon","coordinates":[[[114.98,-29.936],[114.976,-29.946],[114.97,-29.964],[114.964,-29.994],[114.958,-30.042],[114.956,-30.048],[114.964,-30.068],[114.964,-30.07],[115.004,-30.144],[115.044,-30.144],[115.038,-30.074],[115.08,-30.074],[115.08,-30.106],[115.214,-30.106],[115.236,-30.172],[115.482,-30.172],[115.482,-30.204],[115.532,-30.208],[115.796,-30.134],[115.796,-30.204],[115.876,-30.196],[116.12,-30.178],[116.176,-30.202],[116.264,-30.19],[116.264,-30.162],[116.354,-30.186],[116.356,-29.962],[116.322,-29.962],[116.322,-29.926],[116.298,-29.8],[116.164,-29.748],[116.112,-29.792],[116.026,-29.788],[116.028,-29.822],[115.988,-29.808],[115.898,-29.852],[115.898,-29.904],[114.98,-29.936]]]}},{"type":"Feature","id":"52100","properties":{"id":"52100","name":"Corrigin","regionAbbrev":"AUWA","ste":"5"},"geometry":{"type":"Polygon","coordinates":[[[117.462,-32.41],[117.52,-32.428],[117.574,-32.54],[117.634,-32.554],[117.638,-32.596],[117.706,-32.576],[117.846,-32.602],[118.016,-32.564],[118.04,-32.488],[118.094,-32.474],[118.086,-32.414],[118.204,-32.358],[118.196,-32.28],[118.208,-32.23],[118.078,-32.228],[118.082,-32.192],[117.924,-32.156],[117.676,-32.162],[117.412,-32.226],[117.462,-32.41]]]}},{"type":"Feature","id":"52170","properties":{"id":"52170","name":"Cottesloe","regionAbbrev":"AUWA","ste":"5"},"geometry":{"type":"Polygon","coordinates":[[[115.768,-31.992],[115.768,-31.982],[115.754,-31.982],[115.752,-32.016],[115.76,-32.004],[115.766,-31.992],[115.768,-31.992]]]}},{"type":"Feature","id":"52240","properties":{"id":"52240","name":"Cranbrook","regionAbbrev":"AUWA","ste":"5"},"geometry":{"type":"Polygon","coordinates":[[[116.694,-34.254],[116.67,-34.418],[116.798,-34.468],[116.812,-34.58],[116.894,-34.444],[117.19,-34.464],[117.266,-34.44],[117.268,-34.464],[117.422,-34.476],[117.474,-34.462],[117.508,-34.402],[117.988,-34.406],[117.99,-34.258],[117.666,-34.258],[117.672,-34.182],[117.508,-34.172],[117.428,-34.124],[117.374,-34.134],[117.34,-34.088],[117.15,-34.158],[117.07,-34.156],[117.07,-34.184],[116.842,-34.208],[116.842,-34.25],[116.694,-34.254]]]}},{"type":"Feature","id":"52310","properties":{"id":"52310","name":"Cuballing","regionAbbrev":"AUWA","ste":"5"},"geometry":{"type":"Polygon","coordinates":[[[116.944,-32.762],[116.952,-32.862],[117.206,-32.862],[117.222,-32.894],[117.222,-32.866],[117.382,-32.838],[117.39,-32.804],[117.362,-32.804],[117.358,-32.74],[117.402,-32.716],[117.364,-32.622],[117.306,-32.588],[117.07,-32.586],[116.908,-32.66],[116.944,-32.762]]]}},{"type":"Feature","id":"52380","properties":{"id":"52380","name":"Cue","regionAbbrev":"AUWA","ste":"5"},"geometry":{"type":"Polygon","coordinates":[[[117.256,-27.264],[117.256,-27.294],[117.178,-27.294],[117.168,-27.608],[117.342,-27.608],[117.342,-27.686],[117.386,-27.686],[117.386,-27.76],[117.434,-27.76],[117.434,-27.686],[117.568,-27.686],[117.568,-27.574],[117.676,-27.578],[117.676,-27.642],[117.62,-27.642],[117.62,-27.788],[117.684,-27.788],[117.684,-27.7],[117.85,-27.7],[117.85,-27.74],[117.966,-27.74],[117.966,-27.826],[118.006,-27.826],[118.006,-27.762],[118.136,-27.762],[118.202,-27.798],[118.558,-27.76],[118.632,-27.778],[118.74,-27.778],[118.74,-27.688],[118.682,-27.688],[118.682,-27.372],[118.844,-27.372],[118.844,-27.312],[118.802,-27.312],[118.802,-27.226],[118.576,-27.226],[118.59,-27.016],[118,-26.992],[117.974,-26.776],[117.622,-26.776],[117.622,-26.626],[117.542,-26.626],[117.542,-26.77],[117.412,-26.77],[117.412,-26.7],[117.348,-26.7],[117.328,-26.804],[117.294,-26.804],[117.334,-27.264],[117.256,-27.264]]]}},{"type":"Feature","id":"52450","properties":{"id":"52450","name":"Cunderdin","regionAbbrev":"AUWA","ste":"5"},"geometry":{"type":"Polygon","coordinates":[[[117.21,-31.368],[116.992,-31.426],[116.856,-31.49],[116.846,-31.526],[116.944,-31.648],[116.954,-31.702],[117.014,-31.784],[117.058,-31.77],[117.134,-31.816],[117.23,-31.794],[117.29,-31.856],[117.39,-31.804],[117.34,-31.618],[117.38,-31.586],[117.378,-31.434],[117.27,-31.402],[117.21,-31.368]]]}},{"type":"Feature","id":"52520","properties":{"id":"52520","name":"Dalwallinu","regionAbbrev":"AUWA","ste":"5"},"geometry":{"type":"Polygon","coordinates":[[[116.354,-30.186],[116.298,-30.206],[116.312,-30.26],[116.45,-30.294],[116.51,-30.268],[116.512,-30.51],[117.13,-30.488],[117.138,-30.45],[117.244,-30.466],[117.252,-30.226],[117.408,-30.218],[117.41,-30.22],[117.416,-30.218],[117.418,-30.218],[117.426,-30.208],[117.428,-30.208],[117.554,-30.206],[117.532,-30.124],[117.528,-29.97],[117.522,-29.928],[117.526,-29.928],[117.618,-29.952],[117.66,-29.93],[117.662,-29.916],[117.662,-29.914],[117.668,-29.874],[117.634,-29.846],[117.636,-29.85],[117.506,-29.884],[117.502,-29.8],[117.102,-29.8],[117.102,-29.772],[116.856,-29.772],[116.856,-29.742],[116.792,-29.742],[116.798,-29.806],[116.842,-29.84],[116.792,-29.868],[116.818,-29.89],[116.77,-29.87],[116.746,-29.906],[116.322,-29.926],[116.322,-29.962],[116.356,-29.962],[116.354,-30.186]]]}},{"type":"Feature","id":"52590","properties":{"id":"52590","name":"Dandaragan","regionAbbrev":"AUWA","ste":"5"},"geometry":{"type":"Polygon","coordinates":[[[115.004,-30.144],[114.998,-30.224],[114.996,-30.226],[115.014,-30.232],[115.016,-30.232],[115.04,-30.288],[115.022,-30.316],[115.042,-30.34],[115.044,-30.34],[115.056,-30.504],[115.092,-30.566],[115.134,-30.662],[115.19,-30.824],[115.264,-30.892],[115.472,-30.898],[115.52,-30.976],[115.7,-30.996],[115.878,-30.972],[115.902,-31.008],[115.952,-31.004],[115.934,-30.846],[115.922,-30.616],[115.924,-30.616],[115.888,-30.55],[115.934,-30.472],[115.896,-30.434],[115.876,-30.196],[115.796,-30.204],[115.796,-30.134],[115.532,-30.208],[115.482,-30.204],[115.482,-30.172],[115.236,-30.172],[115.214,-30.106],[115.08,-30.106],[115.08,-30.074],[115.038,-30.074],[115.044,-30.144],[115.004,-30.144]]]}},{"type":"Feature","id":"52660","properties":{"id":"52660","name":"Dardanup","regionAbbrev":"AUWA","ste":"5"},"geometry":{"type":"Polygon","coordinates":[[[115.704,-33.404],[115.726,-33.448],[115.778,-33.452],[115.778,-33.52],[115.816,-33.542],[115.948,-33.5],[116.024,-33.504],[116.024,-33.44],[116.044,-33.352],[116.016,-33.356],[116.01,-33.356],[116.006,-33.366],[116.008,-33.372],[116.01,-33.38],[116.016,-33.392],[116.02,-33.4],[116.01,-33.408],[116.012,-33.422],[116.016,-33.43],[116.006,-33.43],[115.984,-33.41],[115.982,-33.41],[115.98,-33.402],[115.92,-33.378],[115.902,-33.32],[115.75,-33.298],[115.698,-33.31],[115.704,-33.404]]]}},{"type":"Feature","id":"52730","properties":{"id":"52730","name":"Denmark","regionAbbrev":"AUWA","ste":"5"},"geometry":{"type":"Polygon","coordinates":[[[117.488,-34.83],[117.488,-34.764],[117.456,-34.768],[116.844,-34.752],[116.81,-34.81],[116.81,-34.824],[116.8,-34.834],[116.776,-34.84],[116.73,-34.878],[116.744,-34.904],[116.774,-34.9],[116.786,-34.922],[116.796,-34.936],[116.814,-34.964],[116.81,-35],[116.738,-35.03],[116.824,-35.04],[116.834,-35.04],[116.836,-35.04],[116.862,-35.056],[116.876,-35.05],[116.892,-35.054],[116.906,-35.054],[116.908,-35.058],[116.916,-35.06],[116.916,-35.062],[116.958,-35.02],[117.008,-35.028],[117.024,-35.032],[117.034,-35.024],[117.044,-35.028],[117.066,-35.036],[117.068,-35.036],[117.074,-35.036],[117.076,-35.036],[117.074,-35.034],[117.116,-35.042],[117.134,-35.054],[117.136,-35.054],[117.138,-35.054],[117.15,-35.06],[117.156,-35.058],[117.158,-35.044],[117.162,-35.042],[117.226,-35.022],[117.242,-35.026],[117.256,-35.026],[117.262,-35.024],[117.268,-35.022],[117.272,-35.02],[117.276,-35.022],[117.278,-35.022],[117.316,-35.04],[117.328,-35.042],[117.334,-35.04],[117.332,-35.04],[117.336,-35.036],[117.334,-35.032],[117.334,-35.03],[117.332,-35.03],[117.332,-35.024],[117.326,-35.014],[117.336,-34.994],[117.354,-34.99],[117.354,-34.992],[117.356,-34.992],[117.36,-34.988],[117.36,-34.986],[117.366,-34.976],[117.368,-34.974],[117.392,-34.97],[117.418,-34.982],[117.428,-34.984],[117.43,-34.984],[117.434,-34.982],[117.434,-34.98],[117.44,-34.976],[117.452,-34.968],[117.464,-34.97],[117.476,-34.936],[117.474,-34.934],[117.476,-34.924],[117.48,-34.91],[117.488,-34.83]]]}},{"type":"Feature","id":"52800","properties":{"id":"52800","name":"Derby-West Kimberley","regionAbbrev":"AUWA","ste":"5"},"geometry":{"type":"MultiPolygon","coordinates":[[[[123.566,-19.496],[126.002,-19.498],[126.002,-19.422],[126.506,-19.424],[126.506,-19.246],[126.582,-19.246],[126.582,-19.01],[126.122,-18.996],[126.122,-18.804],[126.082,-18.752],[126.046,-18.762],[125.904,-18.614],[126.034,-18.49],[126.048,-18.32],[126.096,-18.348],[126.184,-18.322],[126.256,-18.396],[126.316,-18.396],[126.326,-18.174],[126.284,-18.174],[126.284,-18.096],[126.624,-18.096],[126.624,-17.778],[126.392,-17.778],[126.392,-17.632],[126.308,-17.632],[126.308,-17.58],[126.132,-17.58],[126.144,-17.552],[126.192,-17.554],[126.296,-17.434],[126.298,-17.486],[126.428,-17.486],[126.428,-17.434],[126.54,-17.434],[126.54,-17.542],[126.65,-17.542],[126.65,-17.496],[126.884,-17.478],[126.892,-17.548],[127.046,-17.548],[127.046,-17.388],[127.248,-17.386],[127.248,-17.232],[127.414,-17.216],[127.414,-16.998],[127.564,-16.998],[127.564,-16.842],[127.414,-16.842],[127.414,-16.98],[127.34,-16.98],[127.34,-17.072],[127.22,-17.072],[127.22,-17.108],[126.954,-17.108],[126.954,-16.846],[126.64,-16.846],[126.64,-16.7],[126.288,-16.686],[126.326,-16.628],[126.03,-16.628],[126.03,-16.722],[125.962,-16.722],[126.002,-15.998],[125.228,-15.998],[125.212,-15.952],[125.07,-15.952],[125.108,-15.94],[125.108,-15.9],[124.904,-15.9],[124.904,-15.998],[124.638,-15.998],[124.634,-15.998],[124.582,-15.998],[124.59,-16.114],[124.648,-16.098],[124.6,-16.126],[124.562,-16.118],[124.51,-16.198],[124.51,-16.202],[124.502,-16.188],[124.512,-16.16],[124.458,-16.104],[124.478,-16.08],[124.444,-16.066],[124.436,-16.178],[124.4,-16.168],[124.38,-16.216],[124.408,-16.252],[124.396,-16.338],[124.508,-16.342],[124.536,-16.336],[124.76,-16.378],[124.814,-16.416],[124.902,-16.416],[124.956,-16.374],[124.918,-16.42],[124.84,-16.434],[124.752,-16.39],[124.45,-16.41],[124.39,-16.344],[124.338,-16.418],[124.39,-16.414],[124.404,-16.47],[124.468,-16.498],[124.43,-16.498],[124.41,-16.542],[124.39,-16.444],[124.33,-16.464],[124.326,-16.414],[124.222,-16.418],[124.208,-16.39],[124.18,-16.31],[124.04,-16.274],[123.91,-16.21],[124,-16.292],[123.934,-16.296],[123.988,-16.37],[123.884,-16.304],[123.918,-16.352],[123.886,-16.342],[123.91,-16.362],[123.884,-16.354],[123.9,-16.422],[123.868,-16.412],[123.872,-16.446],[123.836,-16.354],[123.876,-16.378],[123.866,-16.328],[123.796,-16.316],[123.744,-16.26],[123.798,-16.264],[123.772,-16.216],[123.816,-16.216],[123.792,-16.2],[123.706,-16.13],[123.728,-16.156],[123.702,-16.186],[123.694,-16.15],[123.584,-16.164],[123.556,-16.178],[123.584,-16.216],[123.618,-16.262],[123.576,-16.246],[123.6,-16.264],[123.55,-16.282],[123.6,-16.322],[123.628,-16.29],[123.718,-16.372],[123.63,-16.356],[123.698,-16.414],[123.666,-16.436],[123.56,-16.402],[123.51,-16.38],[123.582,-16.428],[123.498,-16.41],[123.664,-16.492],[123.584,-16.496],[123.644,-16.53],[123.54,-16.504],[123.474,-16.47],[123.498,-16.514],[123.424,-16.506],[123.468,-16.518],[123.512,-16.598],[123.542,-16.572],[123.526,-16.544],[123.606,-16.546],[123.62,-16.574],[123.59,-16.566],[123.568,-16.606],[123.504,-16.658],[123.618,-16.678],[123.712,-16.752],[123.788,-16.906],[123.942,-16.852],[123.952,-16.818],[123.96,-16.852],[123.796,-17.004],[123.83,-17.134],[123.916,-17.206],[123.894,-17.22],[123.79,-17.152],[123.742,-17.068],[123.68,-17.058],[123.65,-17],[123.584,-17.032],[123.646,-17.184],[123.564,-17.406],[123.6,-17.514],[123.58,-17.584],[123.534,-17.466],[123.458,-17.348],[123.392,-17.314],[123.38,-17.234],[123.03,-17.232],[123.03,-17.366],[123.114,-17.366],[123.114,-17.46],[123.166,-17.46],[123.166,-17.536],[122.996,-17.536],[122.996,-17.814],[123.148,-17.814],[123.15,-18.272],[123.35,-18.272],[123.346,-18.498],[123.512,-18.498],[123.526,-18.662],[123.404,-18.662],[123.404,-18.754],[123.55,-18.754],[123.566,-19.496]]],[[[123.364,-16.584],[123.388,-16.604],[123.352,-16.53],[123.364,-16.584]]],[[[123.31,-16.14],[123.32,-16.138],[123.312,-16.136],[123.31,-16.136],[123.31,-16.14]]],[[[123.476,-16.63],[123.514,-16.638],[123.534,-16.608],[123.458,-16.616],[123.476,-16.63]]],[[[123.46,-16.21],[123.498,-16.284],[123.498,-16.25],[123.532,-16.26],[123.47,-16.212],[123.46,-16.21]]],[[[123.908,-16.278],[123.94,-16.278],[123.862,-16.236],[123.908,-16.278]]],[[[124.242,-16.376],[124.222,-16.348],[124.248,-16.404],[124.242,-16.376]]],[[[123.81,-16.252],[123.82,-16.27],[123.832,-16.224],[123.81,-16.252]]],[[[124.106,-16.258],[124.146,-16.25],[124.114,-16.228],[124.106,-16.258]]],[[[123.75,-16.142],[123.786,-16.156],[123.79,-16.114],[123.684,-16.112],[123.75,-16.142]]],[[[124.066,-16.114],[124.102,-16.098],[124.07,-16.08],[124.066,-16.114]]],[[[123.536,-16.092],[123.564,-16.078],[123.53,-16.058],[123.536,-16.092]]],[[[124.096,-16.144],[124.064,-16.14],[124.096,-16.164],[124.096,-16.144]]],[[[123.598,-16.088],[123.586,-16.084],[123.584,-16.084],[123.636,-16.104],[123.638,-16.104],[123.636,-16.098],[123.64,-16.1],[123.62,-16.092],[123.616,-16.092],[123.598,-16.088]]],[[[123.528,-16.034],[123.508,-16.024],[123.552,-16.048],[123.528,-16.034]]]]}},{"type":"Feature","id":"52870","properties":{"id":"52870","name":"Donnybrook-Balingup","regionAbbrev":"AUWA","ste":"5"},"geometry":{"type":"Polygon","coordinates":[[[116.198,-33.512],[116.064,-33.484],[116.064,-33.44],[116.024,-33.44],[116.024,-33.504],[115.948,-33.5],[115.816,-33.542],[115.778,-33.52],[115.73,-33.532],[115.718,-33.662],[115.768,-33.7],[115.764,-33.796],[115.838,-33.79],[115.818,-33.854],[115.866,-33.854],[115.942,-33.892],[115.946,-33.964],[115.994,-33.944],[115.968,-33.916],[116.002,-33.894],[116,-33.8],[116.196,-33.78],[116.24,-33.708],[116.202,-33.67],[116.198,-33.512]]]}},{"type":"Feature","id":"52940","properties":{"id":"52940","name":"Dowerin","regionAbbrev":"AUWA","ste":"5"},"geometry":{"type":"Polygon","coordinates":[[[117.27,-31.402],[117.244,-31.112],[117.248,-31.002],[117.278,-31.002],[117.276,-30.806],[117.212,-30.802],[117.036,-30.8],[117.008,-30.924],[116.95,-30.96],[116.96,-31.108],[116.932,-31.118],[116.966,-31.184],[116.938,-31.184],[116.932,-31.252],[116.946,-31.322],[116.988,-31.334],[116.992,-31.426],[117.21,-31.368],[117.27,-31.402]]]}},{"type":"Feature","id":"53010","properties":{"id":"53010","name":"Dumbleyung","regionAbbrev":"AUWA","ste":"5"},"geometry":{"type":"Polygon","coordinates":[[[117.688,-33.042],[117.638,-33.21],[117.662,-33.288],[117.622,-33.302],[117.634,-33.402],[117.692,-33.434],[117.674,-33.464],[117.712,-33.486],[117.908,-33.464],[117.968,-33.37],[118.246,-33.368],[118.262,-33.318],[118.354,-33.316],[118.32,-33.244],[118.274,-33.25],[118.28,-32.952],[118.22,-32.95],[118.22,-32.988],[118.09,-32.97],[118.046,-33.038],[117.914,-33.044],[117.838,-33.102],[117.814,-33.046],[117.688,-33.042]]]}},{"type":"Feature","id":"53080","properties":{"id":"53080","name":"Dundas","regionAbbrev":"AUWA","ste":"5"},"geometry":{"type":"Polygon","coordinates":[[[129.002,-31.36],[128.06,-31.36],[128.06,-31.212],[127.758,-31.212],[127.44,-31.232],[127.44,-31.266],[127.168,-31.266],[127.168,-31.378],[125.61,-31.378],[125.61,-31.41],[125.092,-31.41],[125.092,-31.378],[122.4,-31.386],[122.398,-31.866],[120.01,-31.866],[120.01,-32.204],[120.01,-32.764],[120.554,-32.764],[120.554,-32.57],[123.488,-32.564],[123.452,-32.888],[124.214,-32.886],[124.214,-33.04],[124.364,-32.956],[124.814,-32.872],[125.026,-32.728],[125.532,-32.548],[125.962,-32.286],[126.204,-32.232],[126.692,-32.308],[127.326,-32.256],[128.282,-31.99],[129.002,-31.686],[129.002,-31.36]]]}},{"type":"Feature","id":"53150","properties":{"id":"53150","name":"East Fremantle","regionAbbrev":"AUWA","ste":"5"},"geometry":{"type":"Polygon","coordinates":[[[115.776,-32.03],[115.758,-32.04],[115.776,-32.046],[115.776,-32.03]]]}},{"type":"Feature","id":"53220","properties":{"id":"53220","name":"East Pilbara","regionAbbrev":"AUWA","ste":"5"},"geometry":{"type":"Polygon","coordinates":[[[118.426,-23.44],[118.884,-23.418],[118.928,-23.44],[120.792,-23.44],[120.772,-23.588],[120.672,-23.728],[121.006,-23.728],[121.006,-23.44],[122.67,-23.44],[124.668,-23.44],[127.816,-23.44],[129.002,-23.44],[129.002,-23.02],[129.002,-21.232],[126.002,-21.232],[126.002,-19.498],[123.566,-19.496],[123.566,-19.794],[121.698,-19.79],[121.698,-19.852],[121.504,-19.852],[121.502,-19.826],[121.424,-19.826],[121.424,-19.794],[121.114,-19.794],[121.114,-19.906],[120.788,-19.906],[120.788,-19.874],[120.686,-19.874],[120.668,-20.07],[120.064,-20.07],[120.064,-19.926],[119.866,-19.97],[119.768,-19.954],[119.73,-19.976],[119.754,-20.022],[119.692,-20.04],[119.702,-19.994],[119.57,-20.08],[119.512,-20.046],[119.512,-20.364],[119.392,-20.364],[119.392,-20.582],[118.988,-20.59],[118.994,-20.632],[118.916,-20.632],[118.916,-20.812],[118.82,-20.812],[118.828,-20.914],[118.698,-20.914],[118.698,-21.132],[118.832,-21.156],[118.894,-21.372],[119.064,-21.372],[119.058,-21.568],[119.122,-21.568],[119.122,-21.666],[119.182,-21.666],[119.182,-21.824],[119.062,-21.824],[119.062,-21.912],[119.002,-21.912],[119.01,-22],[118.748,-22],[118.748,-21.96],[118.698,-21.96],[118.698,-22.036],[118.728,-22.05],[119.232,-22.066],[119.232,-22.174],[119.18,-22.174],[119.18,-22.206],[119.38,-22.206],[119.428,-22.364],[118.862,-22.39],[118.862,-22.362],[118.758,-22.362],[118.758,-22.432],[119.014,-22.464],[119.014,-22.546],[119.124,-22.546],[119.124,-22.696],[118.836,-22.696],[118.426,-23.44]]]}},{"type":"Feature","id":"53290","properties":{"id":"53290","name":"Esperance","regionAbbrev":"AUWA","ste":"5"},"geometry":{"type":"MultiPolygon","coordinates":[[[[120.554,-32.764],[120.582,-32.764],[120.256,-32.994],[120.218,-33.074],[120.086,-33.078],[120.51,-33.244],[120.726,-33.222],[120.772,-33.254],[120.78,-33.406],[120.746,-33.422],[120.802,-33.542],[120.818,-33.564],[120.824,-33.608],[120.826,-33.612],[120.83,-33.614],[120.862,-33.688],[120.866,-33.702],[120.872,-33.71],[120.872,-33.712],[120.87,-33.716],[120.866,-33.728],[120.852,-33.754],[120.818,-33.806],[120.796,-33.812],[120.796,-33.832],[120.794,-33.836],[120.784,-33.856],[120.79,-33.858],[120.792,-33.86],[120.792,-33.882],[120.79,-33.886],[120.812,-33.892],[120.814,-33.892],[120.814,-33.886],[120.814,-33.884],[120.82,-33.882],[120.862,-33.86],[120.918,-33.87],[120.924,-33.87],[120.99,-33.868],[121.01,-33.872],[121.01,-33.87],[121.008,-33.866],[121.038,-33.86],[121.042,-33.858],[121.046,-33.858],[121.14,-33.856],[121.178,-33.872],[121.176,-33.876],[121.188,-33.86],[121.248,-33.846],[121.25,-33.846],[121.26,-33.848],[121.268,-33.85],[121.27,-33.85],[121.274,-33.848],[121.276,-33.848],[121.286,-33.842],[121.288,-33.842],[121.296,-33.84],[121.296,-33.836],[121.298,-33.834],[121.296,-33.834],[121.296,-33.832],[121.31,-33.822],[121.32,-33.82],[121.352,-33.826],[121.354,-33.826],[121.428,-33.828],[121.428,-33.83],[121.43,-33.83],[121.43,-33.828],[121.434,-33.822],[121.438,-33.82],[121.44,-33.82],[121.552,-33.828],[121.644,-33.898],[121.686,-33.86],[121.79,-33.908],[121.824,-33.894],[121.906,-33.868],[121.922,-33.836],[122.018,-33.836],[122.092,-33.916],[122.1,-33.998],[122.212,-34.008],[122.282,-33.99],[122.282,-33.952],[122.368,-33.912],[122.578,-33.96],[122.614,-33.894],[122.978,-33.902],[123.028,-33.856],[123.134,-33.904],[123.164,-34.016],[123.29,-33.978],[123.372,-33.896],[123.548,-33.934],[123.574,-33.888],[123.764,-33.796],[123.774,-33.698],[123.878,-33.632],[123.876,-33.598],[123.976,-33.558],[124.102,-33.176],[124.214,-33.04],[124.214,-32.886],[123.452,-32.888],[123.488,-32.564],[120.554,-32.57],[120.554,-32.764]]],[[[121.774,-33.918],[121.776,-33.918],[121.778,-33.916],[121.77,-33.918],[121.774,-33.918]]],[[[123.206,-34.116],[123.216,-34.08],[123.158,-34.11],[123.206,-34.116]]],[[[122.836,-33.988],[122.816,-34.004],[122.864,-33.982],[122.836,-33.988]]],[[[121.79,-33.922],[121.794,-33.928],[121.806,-33.926],[121.79,-33.922]]],[[[121.87,-33.924],[121.882,-33.926],[121.882,-33.922],[121.87,-33.924]]]]}},{"type":"Feature","id":"53360","properties":{"id":"53360","name":"Exmouth","regionAbbrev":"AUWA","ste":"5"},"geometry":{"type":"Polygon","coordinates":[[[114.432,-22.278],[114.462,-22.292],[114.462,-22.33],[114.434,-22.294],[114.41,-22.324],[114.44,-22.364],[114.402,-22.36],[114.424,-22.396],[114.394,-22.39],[114.386,-22.482],[114.346,-22.508],[114.316,-22.438],[114.282,-22.434],[114.19,-22.52],[114.144,-22.538],[114.134,-22.506],[114.122,-22.414],[114.178,-22.304],[114.116,-22.33],[114.134,-22.262],[114.08,-22.154],[114.14,-21.958],[114.142,-21.958],[114.142,-21.956],[114.14,-21.956],[114.142,-21.956],[114.142,-21.954],[114.14,-21.954],[114.192,-21.814],[114.166,-21.786],[113.996,-21.874],[113.822,-22.306],[113.714,-22.518],[113.66,-22.562],[113.67,-22.716],[113.756,-22.756],[113.82,-22.926],[113.894,-22.926],[113.894,-22.79],[114.2,-22.79],[114.2,-22.854],[114.456,-22.854],[114.598,-23.01],[114.598,-22.968],[114.71,-22.932],[114.71,-22.906],[114.672,-22.906],[114.754,-22.668],[114.638,-22.668],[114.638,-22.504],[114.56,-22.504],[114.56,-22.278],[114.432,-22.278]]]}},{"type":"Feature","id":"53430","properties":{"id":"53430","name":"Fremantle","regionAbbrev":"AUWA","ste":"5"},"geometry":{"type":"MultiPolygon","coordinates":[[[[115.804,-32.076],[115.776,-32.046],[115.758,-32.04],[115.756,-32.04],[115.756,-32.042],[115.738,-32.056],[115.738,-32.058],[115.742,-32.058],[115.744,-32.058],[115.746,-32.06],[115.748,-32.066],[115.75,-32.07],[115.748,-32.07],[115.75,-32.07],[115.752,-32.078],[115.804,-32.076]]],[[[115.742,-32.058],[115.742,-32.06],[115.74,-32.06],[115.738,-32.062],[115.74,-32.062],[115.74,-32.064],[115.742,-32.062],[115.744,-32.06],[115.742,-32.06],[115.742,-32.058]]],[[[115.752,-32.022],[115.728,-32.052],[115.728,-32.054],[115.754,-32.04],[115.76,-32.024],[115.756,-32.02],[115.752,-32.022]]],[[[115.728,-32.052],[115.726,-32.054],[115.728,-32.054],[115.728,-32.052]]]]}},{"type":"Feature","id":"53570","properties":{"id":"53570","name":"Gingin","regionAbbrev":"AUWA","ste":"5"},"geometry":{"type":"Polygon","coordinates":[[[116.048,-31.088],[116.046,-31.06],[115.952,-31.06],[115.952,-31.004],[115.902,-31.008],[115.878,-30.972],[115.7,-30.996],[115.52,-30.976],[115.472,-30.898],[115.264,-30.892],[115.316,-30.984],[115.398,-31.172],[115.542,-31.412],[115.562,-31.454],[115.856,-31.474],[116,-31.474],[115.968,-31.352],[116.03,-31.322],[116.048,-31.088]]]}},{"type":"Feature","id":"53640","properties":{"id":"53640","name":"Gnowangerup","regionAbbrev":"AUWA","ste":"5"},"geometry":{"type":"Polygon","coordinates":[[[118.654,-34.336],[118.608,-34.316],[118.656,-34.054],[118.654,-33.954],[118.612,-33.954],[118.612,-33.92],[118.742,-33.83],[118.718,-33.804],[118.694,-33.776],[118.524,-33.768],[118.234,-33.796],[117.946,-33.776],[117.908,-33.776],[117.912,-33.88],[117.854,-33.892],[117.858,-33.936],[117.902,-34.016],[117.99,-34.05],[117.99,-34.258],[117.988,-34.406],[118.41,-34.404],[118.374,-34.382],[118.412,-34.284],[118.58,-34.354],[118.654,-34.336]]]}},{"type":"Feature","id":"53710","properties":{"id":"53710","name":"Goomalling","regionAbbrev":"AUWA","ste":"5"},"geometry":{"type":"Polygon","coordinates":[[[116.992,-31.426],[116.988,-31.334],[116.946,-31.322],[116.932,-31.252],[116.938,-31.184],[116.966,-31.184],[116.932,-31.118],[116.96,-31.108],[116.95,-30.96],[116.6,-31.012],[116.626,-31.274],[116.6,-31.508],[116.856,-31.49],[116.992,-31.426]]]}},{"type":"Feature","id":"53780","properties":{"id":"53780","name":"Gosnells","regionAbbrev":"AUWA","ste":"5"},"geometry":{"type":"Polygon","coordinates":[[[116.09,-32.084],[115.978,-32.004],[115.916,-32.116],[115.964,-32.13],[116.012,-32.09],[116.014,-32.096],[116.09,-32.084]]]}},{"type":"Feature","id":"53800","properties":{"id":"53800","name":"Greater Geraldton","regionAbbrev":"AUWA","ste":"5"},"geometry":{"type":"MultiPolygon","coordinates":[[[[114.614,-28.666],[114.616,-28.758],[114.614,-28.764],[114.612,-28.764],[114.61,-28.768],[114.604,-28.774],[114.602,-28.776],[114.6,-28.77],[114.6,-28.768],[114.594,-28.772],[114.592,-28.772],[114.588,-28.77],[114.588,-28.772],[114.634,-28.868],[114.828,-29.062],[114.884,-29.018],[115.142,-29.016],[115.206,-28.978],[115.206,-29.01],[115.264,-29.01],[115.342,-29],[115.374,-28.916],[115.594,-28.916],[115.622,-28.966],[115.636,-28.86],[115.884,-28.838],[115.886,-28.802],[115.958,-28.784],[115.992,-28.726],[116.052,-28.726],[116.084,-28.798],[116.23,-28.796],[116.23,-28.716],[116.17,-28.716],[116.17,-28.602],[116.26,-28.596],[116.26,-28.492],[116.228,-28.492],[116.228,-28.332],[116.17,-28.332],[116.17,-28.252],[116.048,-28.252],[116.048,-28.288],[115.958,-28.288],[115.932,-28.334],[115.932,-28.36],[115.996,-28.36],[115.996,-28.434],[115.808,-28.428],[115.808,-28.022],[115.854,-28.022],[115.854,-28.066],[115.912,-28.066],[115.906,-27.934],[115.378,-27.938],[115.378,-27.818],[115.33,-27.818],[115.32,-27.818],[115.32,-27.896],[115.356,-27.896],[115.322,-28.002],[115.406,-28.002],[115.406,-28.196],[115.496,-28.206],[115.488,-28.226],[115.356,-28.41],[115.248,-28.45],[115.19,-28.45],[115.212,-28.494],[115.068,-28.65],[114.74,-28.652],[114.736,-28.726],[114.614,-28.666]]],[[[113.974,-28.928],[113.962,-28.984],[114.006,-28.9],[113.974,-28.928]]],[[[113.812,-28.746],[113.816,-28.744],[113.812,-28.744],[113.812,-28.746]]]]}},{"type":"Feature","id":"53920","properties":{"id":"53920","name":"Halls Creek","regionAbbrev":"AUWA","ste":"5"},"geometry":{"type":"Polygon","coordinates":[[[126.002,-19.498],[126.002,-21.232],[129.002,-21.232],[129,-18.682],[129,-16.978],[128.714,-16.98],[128.698,-16.922],[128.48,-16.922],[128.48,-16.996],[128.244,-16.996],[128.244,-16.922],[128.202,-16.922],[128.204,-17.048],[127.86,-17.054],[127.86,-17.17],[127.822,-17.17],[127.822,-17.232],[127.714,-17.232],[127.714,-17.284],[127.816,-17.284],[127.816,-17.336],[127.652,-17.336],[127.622,-17.076],[127.716,-17.076],[127.716,-16.768],[127.564,-16.768],[127.564,-16.842],[127.564,-16.998],[127.414,-16.998],[127.414,-17.216],[127.248,-17.232],[127.248,-17.386],[127.046,-17.388],[127.046,-17.548],[126.892,-17.548],[126.884,-17.478],[126.65,-17.496],[126.65,-17.542],[126.54,-17.542],[126.54,-17.434],[126.428,-17.434],[126.428,-17.486],[126.298,-17.486],[126.296,-17.434],[126.192,-17.554],[126.144,-17.552],[126.132,-17.58],[126.308,-17.58],[126.308,-17.632],[126.392,-17.632],[126.392,-17.778],[126.624,-17.778],[126.624,-18.096],[126.284,-18.096],[126.284,-18.174],[126.326,-18.174],[126.316,-18.396],[126.256,-18.396],[126.184,-18.322],[126.096,-18.348],[126.048,-18.32],[126.034,-18.49],[125.904,-18.614],[126.046,-18.762],[126.082,-18.752],[126.122,-18.804],[126.122,-18.996],[126.582,-19.01],[126.582,-19.246],[126.506,-19.246],[126.506,-19.424],[126.002,-19.422],[126.002,-19.498]]]}},{"type":"Feature","id":"53990","properties":{"id":"53990","name":"Harvey","regionAbbrev":"AUWA","ste":"5"},"geometry":{"type":"Polygon","coordinates":[[[116.18,-32.942],[116.172,-32.942],[116.174,-32.932],[116.174,-32.93],[116.172,-32.926],[116.142,-32.934],[115.99,-32.938],[115.688,-32.932],[115.658,-32.932],[115.684,-33.18],[115.682,-33.234],[115.682,-33.26],[115.672,-33.302],[115.696,-33.308],[115.698,-33.31],[115.75,-33.298],[115.902,-33.32],[115.92,-33.378],[115.946,-33.222],[116.018,-33.182],[116.01,-33.232],[116.146,-33.232],[116.148,-33.084],[116.21,-33.084],[116.21,-33.03],[116.194,-32.966],[116.18,-32.942]]]}},{"type":"Feature","id":"54060","properties":{"id":"54060","name":"Irwin","regionAbbrev":"AUWA","ste":"5"},"geometry":{"type":"Polygon","coordinates":[[[115.246,-29.688],[115.254,-29.364],[115.264,-29.01],[115.206,-29.01],[115.206,-28.978],[115.142,-29.016],[114.884,-29.018],[114.828,-29.062],[114.874,-29.122],[114.878,-29.136],[114.92,-29.27],[114.914,-29.276],[114.998,-29.494],[114.96,-29.688],[115.246,-29.688]]]}},{"type":"Feature","id":"54130","properties":{"id":"54130","name":"Jerramungup","regionAbbrev":"AUWA","ste":"5"},"geometry":{"type":"MultiPolygon","coordinates":[[[[118.902,-34.47],[118.904,-34.468],[119.032,-34.456],[119.056,-34.462],[119.058,-34.462],[119.148,-34.492],[119.174,-34.494],[119.232,-34.522],[119.23,-34.522],[119.224,-34.53],[119.228,-34.532],[119.23,-34.532],[119.232,-34.53],[119.232,-34.532],[119.24,-34.534],[119.244,-34.534],[119.252,-34.532],[119.258,-34.532],[119.256,-34.53],[119.254,-34.53],[119.258,-34.52],[119.274,-34.52],[119.274,-34.522],[119.28,-34.52],[119.282,-34.512],[119.284,-34.504],[119.284,-34.502],[119.286,-34.5],[119.284,-34.496],[119.286,-34.494],[119.286,-34.492],[119.282,-34.492],[119.28,-34.492],[119.278,-34.49],[119.278,-34.48],[119.278,-34.478],[119.28,-34.476],[119.32,-34.444],[119.362,-34.468],[119.366,-34.478],[119.366,-34.48],[119.368,-34.48],[119.37,-34.48],[119.372,-34.48],[119.372,-34.482],[119.38,-34.484],[119.382,-34.484],[119.386,-34.476],[119.384,-34.474],[119.384,-34.472],[119.39,-34.462],[119.39,-34.46],[119.406,-34.458],[119.414,-34.462],[119.42,-34.456],[119.402,-34.442],[119.4,-34.434],[119.402,-34.432],[119.402,-34.43],[119.404,-34.428],[119.402,-34.428],[119.396,-34.424],[119.408,-34.396],[119.45,-34.376],[119.454,-34.378],[119.456,-34.378],[119.458,-34.378],[119.48,-34.4],[119.488,-34.408],[119.49,-34.408],[119.494,-34.408],[119.496,-34.408],[119.498,-34.408],[119.502,-34.41],[119.518,-34.408],[119.518,-34.406],[119.52,-34.404],[119.524,-34.404],[119.526,-34.404],[119.532,-34.4],[119.536,-34.394],[119.538,-34.394],[119.542,-34.392],[119.546,-34.392],[119.548,-34.392],[119.548,-34.39],[119.55,-34.39],[119.552,-34.39],[119.556,-34.39],[119.558,-34.39],[119.572,-34.386],[119.576,-34.386],[119.578,-34.386],[119.578,-34.384],[119.576,-34.384],[119.576,-34.38],[119.574,-34.38],[119.572,-34.378],[119.56,-34.378],[119.52,-34.362],[119.512,-34.358],[119.512,-34.36],[119.48,-34.288],[119.47,-34.288],[119.468,-34.288],[119.466,-34.288],[119.464,-34.288],[119.474,-34.284],[119.498,-34.288],[119.498,-33.802],[119.45,-33.802],[119.432,-33.762],[119.54,-33.576],[119.444,-33.526],[119.434,-33.54],[119.376,-33.612],[119.25,-33.572],[119.268,-33.652],[119.202,-33.632],[119.202,-33.702],[118.916,-33.704],[118.924,-33.776],[118.718,-33.804],[118.742,-33.83],[118.612,-33.92],[118.612,-33.954],[118.654,-33.954],[118.656,-34.054],[118.608,-34.316],[118.654,-34.336],[118.836,-34.458],[118.844,-34.458],[118.87,-34.454],[118.87,-34.456],[118.89,-34.464],[118.902,-34.47]]],[[[119.602,-34.372],[119.61,-34.378],[119.612,-34.378],[119.616,-34.38],[119.618,-34.382],[119.62,-34.382],[119.614,-34.378],[119.614,-34.376],[119.61,-34.374],[119.606,-34.372],[119.604,-34.372],[119.6,-34.37],[119.602,-34.372]]],[[[119.58,-34.372],[119.578,-34.372],[119.574,-34.376],[119.582,-34.372],[119.58,-34.372]]]]}},{"type":"Feature","id":"54170","properties":{"id":"54170","name":"Joondalup","regionAbbrev":"AUWA","ste":"5"},"geometry":{"type":"MultiPolygon","coordinates":[[[[115.804,-31.786],[115.774,-31.716],[115.708,-31.712],[115.728,-31.76],[115.728,-31.762],[115.736,-31.822],[115.74,-31.824],[115.738,-31.826],[115.75,-31.84],[115.752,-31.846],[115.762,-31.846],[115.824,-31.842],[115.804,-31.786]]],[[[115.736,-31.826],[115.736,-31.824],[115.734,-31.824],[115.736,-31.826]]]]}},{"type":"Feature","id":"54200","properties":{"id":"54200","name":"Kalamunda","regionAbbrev":"AUWA","ste":"5"},"geometry":{"type":"Polygon","coordinates":[[[116.286,-32.082],[116.29,-32.062],[116.258,-32.03],[116.256,-32.026],[116.256,-32.024],[116.258,-32.024],[116.22,-31.998],[116.212,-31.994],[116.212,-31.992],[116.208,-31.986],[116.208,-31.984],[116.208,-31.982],[116.192,-31.978],[116.19,-31.972],[116.17,-31.968],[116.17,-31.964],[116.136,-31.946],[116.138,-31.942],[116.044,-31.932],[115.982,-31.944],[115.978,-31.988],[115.978,-32.004],[116.09,-32.084],[116.286,-32.082]]]}},{"type":"Feature","id":"54280","properties":{"id":"54280","name":"Kalgoorlie-Boulder","regionAbbrev":"AUWA","ste":"5"},"geometry":{"type":"Polygon","coordinates":[[[129.002,-30.304],[127.35,-30.304],[127.35,-30.142],[126.002,-30.152],[123.502,-30.142],[120.846,-30.16],[120.846,-30.448],[121.07,-30.448],[121.536,-31.016],[121.536,-31.09],[121.594,-31.078],[121.594,-31.18],[122.4,-31.18],[122.4,-31.386],[125.092,-31.378],[125.092,-31.41],[125.61,-31.41],[125.61,-31.378],[127.168,-31.378],[127.168,-31.266],[127.44,-31.266],[127.44,-31.232],[127.758,-31.212],[128.06,-31.212],[128.06,-31.36],[129.002,-31.36],[129.002,-30.764],[129.002,-30.304]]]}},{"type":"Feature","id":"54310","properties":{"id":"54310","name":"Karratha","regionAbbrev":"AUWA","ste":"5"},"geometry":{"type":"MultiPolygon","coordinates":[[[[115.596,-21.408],[115.584,-21.384],[115.556,-21.408],[115.596,-21.408]]],[[[118.07,-21.296],[118.07,-21.238],[118.016,-21.238],[118.016,-21.08],[118.204,-21.08],[118.212,-20.874],[118.16,-20.874],[118.186,-20.804],[118.092,-20.838],[118.01,-20.824],[118.01,-20.794],[117.93,-20.794],[117.93,-20.674],[117.812,-20.672],[117.746,-20.676],[117.704,-20.694],[117.68,-20.666],[117.676,-20.698],[117.668,-20.672],[117.656,-20.714],[117.628,-20.708],[117.642,-20.678],[117.616,-20.686],[117.63,-20.664],[117.542,-20.736],[117.546,-20.708],[117.442,-20.73],[117.458,-20.756],[117.394,-20.73],[117.382,-20.784],[117.37,-20.734],[117.35,-20.778],[117.32,-20.758],[117.354,-20.738],[117.242,-20.704],[117.212,-20.696],[117.216,-20.724],[117.196,-20.68],[117.2,-20.706],[117.172,-20.7],[117.2,-20.666],[117.168,-20.682],[117.166,-20.628],[117.194,-20.636],[117.2,-20.63],[117.19,-20.61],[117.188,-20.614],[117.184,-20.592],[117.174,-20.592],[117.172,-20.594],[117.148,-20.618],[117.138,-20.626],[117.138,-20.628],[117.14,-20.634],[117.106,-20.654],[117.094,-20.624],[117.04,-20.666],[117.032,-20.648],[116.982,-20.664],[116.98,-20.678],[116.92,-20.74],[116.924,-20.712],[116.814,-20.696],[116.788,-20.68],[116.792,-20.664],[116.802,-20.64],[116.818,-20.604],[116.866,-20.522],[116.852,-20.522],[116.85,-20.522],[116.806,-20.54],[116.812,-20.546],[116.812,-20.548],[116.804,-20.554],[116.794,-20.558],[116.796,-20.568],[116.798,-20.568],[116.8,-20.572],[116.786,-20.588],[116.782,-20.582],[116.768,-20.592],[116.766,-20.594],[116.754,-20.614],[116.75,-20.614],[116.75,-20.616],[116.752,-20.626],[116.75,-20.626],[116.752,-20.63],[116.756,-20.63],[116.764,-20.63],[116.73,-20.638],[116.708,-20.658],[116.696,-20.672],[116.692,-20.68],[116.658,-20.71],[116.66,-20.714],[116.686,-20.72],[116.672,-20.726],[116.642,-20.722],[116.666,-20.734],[116.638,-20.744],[116.632,-20.71],[116.606,-20.754],[116.532,-20.766],[116.534,-20.786],[116.518,-20.78],[116.498,-20.802],[116.488,-20.81],[116.442,-20.824],[116.466,-20.84],[116.4,-20.822],[116.3,-20.888],[116.206,-20.832],[116.21,-20.884],[116.188,-20.97],[116.146,-21.012],[116.11,-20.998],[116.1,-21.052],[116.098,-21],[115.914,-21.094],[115.86,-21.2],[115.834,-21.204],[115.842,-21.244],[115.794,-21.256],[115.78,-21.286],[115.756,-21.254],[115.75,-21.288],[115.704,-21.278],[115.638,-21.35],[115.588,-21.38],[115.598,-21.408],[115.888,-21.408],[115.888,-21.44],[115.962,-21.474],[115.962,-21.58],[116.008,-21.58],[116.008,-21.53],[116.114,-21.53],[116.114,-21.392],[116.176,-21.392],[116.176,-21.316],[116.798,-21.336],[116.798,-21.212],[117.018,-21.212],[117.018,-21.162],[117.114,-21.162],[117.088,-21.252],[117.148,-21.252],[117.148,-21.184],[117.294,-21.184],[117.294,-21.252],[117.222,-21.252],[117.222,-21.308],[117.548,-21.308],[117.548,-21.15],[117.702,-21.15],[117.702,-21.372],[117.924,-21.372],[117.924,-21.482],[117.984,-21.482],[117.984,-21.728],[118.11,-21.728],[118.11,-21.648],[118.07,-21.648],[118.07,-21.296]]],[[[117.712,-20.642],[117.742,-20.644],[117.724,-20.608],[117.712,-20.642]]],[[[116.55,-20.604],[116.586,-20.576],[116.464,-20.61],[116.55,-20.604]]],[[[115.52,-20.37],[115.52,-20.374],[115.522,-20.372],[115.52,-20.37]]],[[[115.528,-20.384],[115.53,-20.384],[115.532,-20.38],[115.53,-20.38],[115.528,-20.382],[115.528,-20.384]]],[[[115.524,-20.378],[115.524,-20.376],[115.522,-20.376],[115.52,-20.38],[115.522,-20.378],[115.524,-20.378]]],[[[116.61,-20.454],[116.566,-20.486],[116.606,-20.49],[116.61,-20.454]]],[[[116.922,-20.41],[116.954,-20.42],[116.832,-20.352],[116.922,-20.41]]],[[[116.612,-20.592],[116.602,-20.612],[116.634,-20.608],[116.676,-20.546],[116.612,-20.592]]],[[[116.668,-20.62],[116.682,-20.582],[116.636,-20.632],[116.668,-20.62]]],[[[117.068,-20.626],[117.09,-20.616],[117.038,-20.634],[117.068,-20.626]]],[[[116.59,-20.688],[116.578,-20.732],[116.648,-20.682],[116.59,-20.688]]],[[[116.838,-20.474],[116.816,-20.516],[116.866,-20.518],[116.886,-20.422],[116.838,-20.474]]],[[[116.824,-20.452],[116.836,-20.422],[116.798,-20.472],[116.824,-20.452]]]]}},{"type":"Feature","id":"54340","properties":{"id":"54340","name":"Katanning","regionAbbrev":"AUWA","ste":"5"},"geometry":{"type":"Polygon","coordinates":[[[117.908,-33.776],[117.946,-33.776],[117.944,-33.5],[117.908,-33.464],[117.712,-33.486],[117.674,-33.464],[117.64,-33.522],[117.508,-33.562],[117.424,-33.648],[117.334,-33.648],[117.332,-33.782],[117.908,-33.776]]]}},{"type":"Feature","id":"54410","properties":{"id":"54410","name":"Kellerberrin","regionAbbrev":"AUWA","ste":"5"},"geometry":{"type":"Polygon","coordinates":[[[117.982,-31.7],[117.966,-31.582],[118.04,-31.562],[118.036,-31.466],[118.002,-31.452],[118.034,-31.406],[118.016,-31.334],[117.934,-31.334],[117.792,-31.34],[117.746,-31.392],[117.654,-31.378],[117.622,-31.378],[117.628,-31.672],[117.57,-31.83],[117.678,-31.822],[117.992,-31.828],[117.982,-31.7]]]}},{"type":"Feature","id":"54480","properties":{"id":"54480","name":"Kent","regionAbbrev":"AUWA","ste":"5"},"geometry":{"type":"Polygon","coordinates":[[[117.908,-33.464],[117.944,-33.5],[117.946,-33.776],[118.234,-33.796],[118.524,-33.768],[118.694,-33.776],[118.718,-33.804],[118.924,-33.776],[118.916,-33.704],[119.202,-33.702],[119.202,-33.632],[119.268,-33.652],[119.25,-33.572],[119.376,-33.612],[119.434,-33.54],[119.136,-33.54],[119.12,-33.308],[119.018,-33.328],[118.89,-33.286],[118.808,-33.332],[118.748,-33.274],[118.68,-33.332],[118.632,-33.286],[118.554,-33.344],[118.354,-33.316],[118.262,-33.318],[118.246,-33.368],[117.968,-33.37],[117.908,-33.464]]]}},{"type":"Feature","id":"54550","properties":{"id":"54550","name":"Kojonup","regionAbbrev":"AUWA","ste":"5"},"geometry":{"type":"Polygon","coordinates":[[[116.842,-34.208],[117.07,-34.184],[117.07,-34.156],[117.15,-34.158],[117.34,-34.088],[117.332,-33.782],[117.334,-33.648],[117.254,-33.65],[116.988,-33.632],[116.988,-33.668],[116.732,-33.684],[116.766,-33.712],[116.776,-33.922],[116.72,-33.96],[116.804,-34.112],[116.802,-34.118],[116.842,-34.14],[116.842,-34.208]]]}},{"type":"Feature","id":"54620","properties":{"id":"54620","name":"Kondinin","regionAbbrev":"AUWA","ste":"5"},"geometry":{"type":"Polygon","coordinates":[[[118.04,-32.488],[118.052,-32.534],[118.148,-32.526],[118.22,-32.552],[118.226,-32.588],[118.38,-32.56],[119.236,-32.594],[119.348,-32.548],[119.382,-32.584],[119.454,-32.588],[119.548,-32.558],[119.7,-32.718],[119.738,-32.764],[120.01,-32.764],[120.01,-32.204],[119.18,-32.204],[118.616,-32.252],[118.624,-32.278],[118.196,-32.28],[118.204,-32.358],[118.086,-32.414],[118.094,-32.474],[118.04,-32.488]]]}},{"type":"Feature","id":"54690","properties":{"id":"54690","name":"Koorda","regionAbbrev":"AUWA","ste":"5"},"geometry":{"type":"Polygon","coordinates":[[[117.244,-30.466],[117.258,-30.702],[117.212,-30.802],[117.276,-30.806],[117.278,-31.002],[117.358,-30.988],[117.366,-30.984],[117.366,-30.976],[117.374,-30.976],[117.378,-30.964],[117.382,-30.964],[117.384,-30.966],[117.498,-30.968],[117.542,-30.958],[117.596,-30.958],[117.604,-30.206],[117.554,-30.206],[117.428,-30.208],[117.426,-30.208],[117.418,-30.218],[117.416,-30.218],[117.41,-30.22],[117.408,-30.218],[117.252,-30.226],[117.244,-30.466]]]}},{"type":"Feature","id":"54760","properties":{"id":"54760","name":"Kulin","regionAbbrev":"AUWA","ste":"5"},"geometry":{"type":"Polygon","coordinates":[[[117.846,-32.602],[117.914,-33.044],[118.046,-33.038],[118.09,-32.97],[118.22,-32.988],[118.22,-32.95],[118.28,-32.952],[118.358,-32.942],[118.38,-32.846],[118.442,-32.834],[118.442,-32.802],[118.55,-32.792],[118.562,-32.818],[118.588,-32.756],[119.58,-32.764],[119.7,-32.718],[119.548,-32.558],[119.454,-32.588],[119.382,-32.584],[119.348,-32.548],[119.236,-32.594],[118.38,-32.56],[118.226,-32.588],[118.22,-32.552],[118.148,-32.526],[118.052,-32.534],[118.04,-32.488],[118.016,-32.564],[117.846,-32.602]]]}},{"type":"Feature","id":"54830","properties":{"id":"54830","name":"Kwinana","regionAbbrev":"AUWA","ste":"5"},"geometry":{"type":"Polygon","coordinates":[[[115.776,-32.18],[115.76,-32.234],[115.758,-32.248],[115.756,-32.25],[115.798,-32.286],[115.872,-32.278],[115.88,-32.27],[115.9,-32.18],[115.862,-32.18],[115.776,-32.18]]]}},{"type":"Feature","id":"54900","properties":{"id":"54900","name":"Lake Grace","regionAbbrev":"AUWA","ste":"5"},"geometry":{"type":"Polygon","coordinates":[[[118.354,-33.316],[118.554,-33.344],[118.632,-33.286],[118.68,-33.332],[118.748,-33.274],[118.808,-33.332],[118.89,-33.286],[119.018,-33.328],[119.12,-33.308],[119.136,-33.54],[119.434,-33.54],[119.444,-33.526],[119.678,-33.328],[119.77,-33.388],[120.004,-33.254],[119.972,-33.168],[120.062,-33.118],[120.028,-33.08],[120.086,-33.078],[120.218,-33.074],[120.256,-32.994],[120.582,-32.764],[120.554,-32.764],[120.01,-32.764],[119.738,-32.764],[119.7,-32.718],[119.58,-32.764],[118.588,-32.756],[118.562,-32.818],[118.55,-32.792],[118.442,-32.802],[118.442,-32.834],[118.38,-32.846],[118.358,-32.942],[118.28,-32.952],[118.274,-33.25],[118.32,-33.244],[118.354,-33.316]]]}},{"type":"Feature","id":"54970","properties":{"id":"54970","name":"Laverton","regionAbbrev":"AUWA","ste":"5"},"geometry":{"type":"Polygon","coordinates":[[[129.002,-26.744],[127.15,-26.744],[124.668,-26.744],[123.048,-26.744],[123.048,-26.682],[122.964,-26.682],[122.964,-26.654],[122.69,-26.654],[122.69,-26.712],[122.462,-26.712],[122.462,-26.828],[121.78,-26.806],[121.78,-27.29],[121.65,-27.29],[121.588,-27.356],[121.588,-27.64],[121.664,-27.64],[121.664,-27.68],[121.774,-27.68],[121.774,-27.604],[121.986,-27.578],[121.986,-27.788],[121.888,-27.788],[121.888,-28.064],[121.96,-28.064],[121.962,-28.478],[121.546,-28.454],[121.546,-28.584],[121.594,-28.584],[121.594,-28.612],[121.658,-28.592],[121.788,-28.612],[121.788,-28.728],[121.84,-28.728],[121.85,-28.862],[121.91,-28.862],[121.91,-28.922],[121.944,-28.922],[121.946,-29.032],[122.388,-29.032],[122.474,-29.22],[122.474,-29.192],[122.748,-29.192],[122.768,-29.03],[125.734,-29.034],[129.002,-29.032],[129.002,-28.116],[129.002,-26.744]]]}},{"type":"Feature","id":"55040","properties":{"id":"55040","name":"Leonora","regionAbbrev":"AUWA","ste":"5"},"geometry":{"type":"Polygon","coordinates":[[[121.65,-27.29],[120.058,-27.29],[120.076,-27.612],[120.158,-27.612],[120.154,-28.048],[120.196,-28.046],[120.196,-28.29],[120.046,-28.29],[120.046,-28.464],[120.45,-28.464],[120.45,-28.516],[120.624,-28.516],[120.624,-28.61],[120.762,-28.61],[120.762,-28.772],[120.688,-28.772],[120.688,-28.936],[120.838,-28.936],[120.838,-29.056],[121.186,-29.054],[121.186,-29.112],[121.386,-29.112],[121.386,-29.184],[121.698,-29.178],[121.698,-29.124],[121.78,-29.124],[121.78,-29.184],[121.882,-29.186],[121.882,-29.312],[122.064,-29.312],[122.064,-29.452],[122.164,-29.452],[122.164,-29.498],[122.288,-29.498],[122.288,-29.444],[122.37,-29.444],[122.37,-29.354],[122.474,-29.354],[122.474,-29.22],[122.388,-29.032],[121.946,-29.032],[121.944,-28.922],[121.91,-28.922],[121.91,-28.862],[121.85,-28.862],[121.84,-28.728],[121.788,-28.728],[121.788,-28.612],[121.658,-28.592],[121.594,-28.612],[121.594,-28.584],[121.546,-28.584],[121.546,-28.454],[121.962,-28.478],[121.96,-28.064],[121.888,-28.064],[121.888,-27.788],[121.986,-27.788],[121.986,-27.578],[121.774,-27.604],[121.774,-27.68],[121.664,-27.68],[121.664,-27.64],[121.588,-27.64],[121.588,-27.356],[121.65,-27.29]]]}},{"type":"Feature","id":"55110","properties":{"id":"55110","name":"Mandurah","regionAbbrev":"AUWA","ste":"5"},"geometry":{"type":"MultiPolygon","coordinates":[[[[115.696,-32.524],[115.664,-32.57],[115.652,-32.578],[115.65,-32.578],[115.632,-32.596],[115.632,-32.598],[115.63,-32.6],[115.63,-32.602],[115.63,-32.792],[115.67,-32.794],[115.704,-32.782],[115.702,-32.78],[115.694,-32.768],[115.674,-32.72],[115.642,-32.616],[115.646,-32.612],[115.696,-32.566],[115.698,-32.564],[115.7,-32.564],[115.704,-32.564],[115.706,-32.564],[115.716,-32.554],[115.716,-32.552],[115.716,-32.548],[115.716,-32.546],[115.71,-32.526],[115.696,-32.524]]],[[[115.72,-32.542],[115.72,-32.566],[115.75,-32.564],[115.762,-32.572],[115.762,-32.574],[115.762,-32.576],[115.762,-32.574],[115.766,-32.566],[115.76,-32.564],[115.76,-32.562],[115.77,-32.542],[115.784,-32.456],[115.748,-32.456],[115.738,-32.502],[115.712,-32.524],[115.72,-32.528],[115.72,-32.538],[115.72,-32.542]]]]}},{"type":"Feature","id":"55180","properties":{"id":"55180","name":"Manjimup","regionAbbrev":"AUWA","ste":"5"},"geometry":{"type":"MultiPolygon","coordinates":[[[[116.486,-34.158],[116.42,-34.16],[116.42,-34.202],[116.322,-34.202],[116.254,-34.174],[116.246,-34.132],[116.012,-34.136],[115.942,-34.13],[115.878,-34.212],[115.878,-34.296],[115.836,-34.314],[115.834,-34.32],[115.828,-34.328],[115.824,-34.328],[115.806,-34.332],[115.782,-34.358],[115.824,-34.406],[115.814,-34.414],[115.676,-34.484],[115.818,-34.602],[115.954,-34.728],[116.002,-34.842],[116.142,-34.844],[116.29,-34.898],[116.3,-34.902],[116.34,-34.92],[116.38,-34.944],[116.384,-34.946],[116.502,-35.012],[116.514,-35.006],[116.516,-35.006],[116.518,-35.004],[116.524,-35.004],[116.576,-35.028],[116.572,-35.032],[116.574,-35.032],[116.58,-35.028],[116.586,-35.028],[116.586,-35.03],[116.592,-35.032],[116.604,-35.032],[116.628,-35.05],[116.626,-35.05],[116.626,-35.052],[116.628,-35.054],[116.638,-35.054],[116.642,-35.054],[116.646,-35.048],[116.648,-35.048],[116.65,-35.05],[116.652,-35.05],[116.656,-35.05],[116.66,-35.05],[116.658,-35.05],[116.658,-35.048],[116.676,-35.044],[116.68,-35.04],[116.69,-35.034],[116.692,-35.034],[116.698,-35.034],[116.744,-35.036],[116.746,-35.036],[116.746,-35.034],[116.744,-35.032],[116.738,-35.03],[116.81,-35],[116.814,-34.964],[116.796,-34.936],[116.786,-34.922],[116.774,-34.9],[116.744,-34.904],[116.73,-34.878],[116.776,-34.84],[116.8,-34.834],[116.81,-34.824],[116.81,-34.81],[116.844,-34.752],[116.844,-34.736],[116.836,-34.722],[116.842,-34.722],[116.844,-34.722],[116.842,-34.72],[116.842,-34.718],[116.842,-34.694],[116.852,-34.686],[116.828,-34.67],[116.802,-34.668],[116.786,-34.654],[116.796,-34.594],[116.8,-34.592],[116.806,-34.59],[116.812,-34.58],[116.798,-34.468],[116.67,-34.418],[116.694,-34.254],[116.656,-34.22],[116.514,-34.226],[116.524,-34.154],[116.486,-34.158]]],[[[116.738,-35.052],[116.734,-35.048],[116.732,-35.048],[116.73,-35.048],[116.732,-35.05],[116.736,-35.054],[116.738,-35.052]]],[[[115.996,-34.848],[115.996,-34.85],[115.998,-34.85],[115.998,-34.848],[115.996,-34.848]]],[[[116.504,-35.026],[116.494,-35.034],[116.496,-35.034],[116.502,-35.034],[116.504,-35.03],[116.504,-35.028],[116.504,-35.026]]]]}},{"type":"Feature","id":"55250","properties":{"id":"55250","name":"Meekatharra","regionAbbrev":"AUWA","ste":"5"},"geometry":{"type":"Polygon","coordinates":[[[117.626,-23.792],[117.626,-23.89],[117.808,-23.89],[117.83,-23.972],[117.82,-24.374],[117.666,-24.374],[117.678,-24.534],[117.62,-24.534],[117.62,-24.694],[117.872,-24.706],[117.872,-24.782],[117.722,-24.782],[117.722,-24.854],[117.794,-24.854],[117.794,-25.214],[117.736,-25.214],[117.758,-25.392],[117.372,-25.366],[117.374,-25.584],[117.294,-25.584],[117.248,-25.636],[117.208,-25.948],[117.372,-25.948],[117.372,-26.022],[117.208,-26.022],[117.208,-26.1],[117.35,-26.092],[117.35,-26.268],[117.478,-26.268],[117.478,-26.36],[117.622,-26.36],[117.622,-26.626],[117.622,-26.776],[117.974,-26.776],[118,-26.992],[118.59,-27.016],[118.576,-27.226],[118.802,-27.226],[118.802,-27.312],[118.844,-27.312],[119.094,-27.296],[119.094,-27.274],[119.186,-27.274],[119.202,-27.23],[119.238,-27.062],[119.34,-26.864],[119.584,-26.578],[119.806,-26.44],[119.808,-26.37],[120.008,-26.026],[120.12,-25.754],[120.086,-25.338],[120.138,-25.232],[120.202,-25.182],[120.056,-24.844],[120.044,-24.706],[120.092,-24.54],[120.068,-24.492],[120.494,-23.866],[120.61,-23.812],[120.672,-23.728],[120.772,-23.588],[120.792,-23.44],[118.928,-23.44],[118.884,-23.418],[118.426,-23.44],[118.426,-23.314],[118.08,-23.292],[118.08,-23.374],[117.716,-23.378],[117.716,-23.438],[117.638,-23.438],[117.638,-23.484],[117.658,-23.532],[117.744,-23.532],[117.744,-23.618],[117.714,-23.74],[117.626,-23.74],[117.626,-23.792]]]}},{"type":"Feature","id":"55320","properties":{"id":"55320","name":"Melville","regionAbbrev":"AUWA","ste":"5"},"geometry":{"type":"Polygon","coordinates":[[[115.862,-32.046],[115.848,-32.002],[115.776,-32.03],[115.776,-32.046],[115.804,-32.076],[115.892,-32.082],[115.884,-32.07],[115.886,-32.066],[115.862,-32.046]]]}},{"type":"Feature","id":"55390","properties":{"id":"55390","name":"Menzies","regionAbbrev":"AUWA","ste":"5"},"geometry":{"type":"Polygon","coordinates":[[[129.002,-29.032],[125.734,-29.034],[122.768,-29.03],[122.748,-29.192],[122.474,-29.192],[122.474,-29.22],[122.474,-29.354],[122.37,-29.354],[122.37,-29.444],[122.288,-29.444],[122.288,-29.498],[122.164,-29.498],[122.164,-29.452],[122.064,-29.452],[122.064,-29.312],[121.882,-29.312],[121.882,-29.186],[121.78,-29.184],[121.78,-29.124],[121.698,-29.124],[121.698,-29.178],[121.386,-29.184],[121.386,-29.112],[121.186,-29.112],[121.186,-29.054],[120.838,-29.056],[120.838,-28.936],[120.688,-28.936],[120.688,-28.772],[120.762,-28.772],[120.762,-28.61],[120.624,-28.61],[120.624,-28.516],[120.45,-28.516],[120.45,-28.464],[120.046,-28.464],[119.804,-28.464],[119.804,-28.848],[119.776,-28.848],[119.776,-28.914],[119.664,-29.112],[119.344,-29.11],[119.202,-29.29],[118.72,-29.292],[118.72,-29.106],[118.436,-29.104],[118.504,-29.612],[120.014,-30.16],[120.846,-30.16],[123.502,-30.142],[126.002,-30.152],[127.35,-30.142],[127.35,-30.304],[129.002,-30.304],[129.002,-29.032]]]}},{"type":"Feature","id":"55460","properties":{"id":"55460","name":"Merredin","regionAbbrev":"AUWA","ste":"5"},"geometry":{"type":"Polygon","coordinates":[[[118.378,-31.78],[118.79,-31.758],[118.74,-31.696],[118.804,-31.696],[118.804,-31.618],[118.756,-31.618],[118.742,-31.554],[118.602,-31.536],[118.502,-31.404],[118.506,-31.138],[118.352,-31.15],[118.284,-31.262],[118.112,-31.276],[118.12,-31.318],[118.016,-31.334],[118.034,-31.406],[118.002,-31.452],[118.036,-31.466],[118.04,-31.562],[117.966,-31.582],[117.982,-31.7],[118.378,-31.696],[118.378,-31.78]]]}},{"type":"Feature","id":"55530","properties":{"id":"55530","name":"Mingenew","regionAbbrev":"AUWA","ste":"5"},"geometry":{"type":"Polygon","coordinates":[[[115.264,-29.01],[115.254,-29.364],[115.572,-29.346],[115.652,-29.372],[115.75,-29.356],[115.752,-29.288],[115.752,-29.216],[115.674,-29.216],[115.674,-29.07],[115.736,-29.068],[115.736,-29.034],[115.648,-29.028],[115.622,-28.966],[115.594,-28.916],[115.374,-28.916],[115.342,-29],[115.264,-29.01]]]}},{"type":"Feature","id":"55600","properties":{"id":"55600","name":"Moora","regionAbbrev":"AUWA","ste":"5"},"geometry":{"type":"Polygon","coordinates":[[[115.876,-30.196],[115.896,-30.434],[115.934,-30.472],[115.888,-30.55],[115.924,-30.616],[115.922,-30.616],[115.934,-30.846],[116.198,-30.86],[116.208,-30.744],[116.454,-30.72],[116.544,-30.72],[116.512,-30.51],[116.51,-30.268],[116.45,-30.294],[116.312,-30.26],[116.298,-30.206],[116.354,-30.186],[116.264,-30.162],[116.264,-30.19],[116.176,-30.202],[116.12,-30.178],[115.876,-30.196]]]}},{"type":"Feature","id":"55670","properties":{"id":"55670","name":"Morawa","regionAbbrev":"AUWA","ste":"5"},"geometry":{"type":"Polygon","coordinates":[[[115.622,-28.966],[115.648,-29.028],[115.736,-29.034],[115.736,-29.068],[115.674,-29.07],[115.674,-29.216],[115.752,-29.216],[115.752,-29.288],[115.854,-29.288],[115.854,-29.344],[115.918,-29.344],[116.386,-29.258],[116.386,-29.194],[116.492,-29.194],[116.48,-29.094],[116.382,-29.094],[116.346,-28.952],[116.236,-28.952],[116.158,-28.846],[116.088,-28.846],[116.084,-28.798],[116.052,-28.726],[115.992,-28.726],[115.958,-28.784],[115.886,-28.802],[115.884,-28.838],[115.636,-28.86],[115.622,-28.966]]]}},{"type":"Feature","id":"55740","properties":{"id":"55740","name":"Mosman Park","regionAbbrev":"AUWA","ste":"5"},"geometry":{"type":"Polygon","coordinates":[[[115.752,-32.016],[115.752,-32.022],[115.756,-32.02],[115.76,-32.024],[115.772,-32.002],[115.76,-32.004],[115.752,-32.016]]]}},{"type":"Feature","id":"55810","properties":{"id":"55810","name":"Mount Magnet","regionAbbrev":"AUWA","ste":"5"},"geometry":{"type":"Polygon","coordinates":[[[117.342,-27.686],[117.284,-27.686],[117.284,-27.76],[117.37,-27.76],[117.37,-27.81],[117.222,-27.81],[117.25,-27.834],[117.242,-28.15],[117.266,-28.15],[117.266,-28.248],[117.342,-28.248],[117.342,-28.316],[117.424,-28.316],[117.424,-28.406],[117.47,-28.406],[117.47,-28.464],[117.556,-28.464],[117.556,-28.692],[117.76,-28.692],[117.76,-28.784],[117.792,-28.784],[117.792,-28.756],[117.96,-28.756],[117.96,-28.692],[118.004,-28.692],[118.004,-28.656],[118.086,-28.656],[118.086,-28.748],[118.046,-28.748],[118.042,-28.806],[118.078,-28.96],[118.284,-28.952],[118.284,-29.006],[118.45,-28.98],[118.45,-28.73],[118.544,-28.544],[118.574,-28.544],[118.574,-28.472],[118.448,-28.462],[118.448,-28.312],[118.574,-28.302],[118.572,-28.162],[118.52,-28.162],[118.52,-28.134],[118.712,-28.134],[118.712,-28.006],[118.65,-28.006],[118.632,-27.778],[118.558,-27.76],[118.202,-27.798],[118.136,-27.762],[118.006,-27.762],[118.006,-27.826],[117.966,-27.826],[117.966,-27.74],[117.85,-27.74],[117.85,-27.7],[117.684,-27.7],[117.684,-27.788],[117.62,-27.788],[117.62,-27.642],[117.676,-27.642],[117.676,-27.578],[117.568,-27.574],[117.568,-27.686],[117.434,-27.686],[117.434,-27.76],[117.386,-27.76],[117.386,-27.686],[117.342,-27.686]]]}},{"type":"Feature","id":"55880","properties":{"id":"55880","name":"Mount Marshall","regionAbbrev":"AUWA","ste":"5"},"geometry":{"type":"Polygon","coordinates":[[[117.554,-30.206],[117.604,-30.206],[117.596,-30.958],[117.622,-30.954],[118.06,-30.96],[118.082,-30.928],[118.054,-30.858],[118.142,-30.762],[118.076,-30.594],[118.16,-30.566],[118.15,-30.202],[118.508,-30.202],[118.504,-29.612],[117.932,-29.612],[117.696,-29.612],[117.704,-29.674],[117.576,-29.618],[117.57,-29.756],[117.502,-29.8],[117.506,-29.884],[117.636,-29.85],[117.634,-29.846],[117.668,-29.874],[117.662,-29.914],[117.662,-29.916],[117.66,-29.93],[117.618,-29.952],[117.526,-29.928],[117.522,-29.928],[117.528,-29.97],[117.532,-30.124],[117.554,-30.206]]]}},{"type":"Feature","id":"55950","properties":{"id":"55950","name":"Mukinbudin","regionAbbrev":"AUWA","ste":"5"},"geometry":{"type":"Polygon","coordinates":[[[118.06,-30.96],[118.08,-31.048],[118.226,-31.002],[118.25,-31.056],[118.348,-31.07],[118.436,-31.026],[118.436,-30.936],[118.506,-30.936],[118.508,-30.202],[118.15,-30.202],[118.16,-30.566],[118.076,-30.594],[118.142,-30.762],[118.054,-30.858],[118.082,-30.928],[118.06,-30.96]]]}},{"type":"Feature","id":"56090","properties":{"id":"56090","name":"Mundaring","regionAbbrev":"AUWA","ste":"5"},"geometry":{"type":"Polygon","coordinates":[[[116.29,-32.062],[116.324,-32.064],[116.304,-32.006],[116.41,-32.012],[116.416,-31.908],[116.346,-31.906],[116.348,-31.708],[116.298,-31.706],[116.264,-31.752],[116.282,-31.82],[116.078,-31.838],[116.024,-31.886],[116.048,-31.91],[116.016,-31.904],[116.044,-31.932],[116.138,-31.942],[116.136,-31.946],[116.17,-31.964],[116.17,-31.968],[116.19,-31.972],[116.192,-31.978],[116.208,-31.982],[116.208,-31.984],[116.208,-31.986],[116.212,-31.992],[116.212,-31.994],[116.22,-31.998],[116.258,-32.024],[116.256,-32.024],[116.256,-32.026],[116.258,-32.03],[116.29,-32.062]]]}},{"type":"Feature","id":"56160","properties":{"id":"56160","name":"Murchison","regionAbbrev":"AUWA","ste":"5"},"geometry":{"type":"Polygon","coordinates":[[[117.622,-26.626],[117.622,-26.36],[117.478,-26.36],[117.478,-26.268],[117.35,-26.268],[117.35,-26.092],[117.208,-26.1],[117.208,-26.022],[117.372,-26.022],[117.372,-25.948],[117.208,-25.948],[117.248,-25.636],[116.916,-25.636],[116.916,-25.584],[116.502,-25.584],[116.466,-25.684],[115.706,-25.684],[115.706,-25.732],[115.616,-25.732],[115.616,-25.828],[115.472,-25.866],[115.472,-25.928],[115.516,-26.276],[115.408,-26.276],[115.408,-26.786],[115.312,-26.786],[115.32,-27.216],[115.214,-27.216],[115.214,-27.302],[115.23,-27.538],[115.404,-27.564],[115.4,-27.692],[115.33,-27.692],[115.33,-27.818],[115.378,-27.818],[115.378,-27.938],[115.906,-27.934],[115.912,-28.066],[115.854,-28.066],[115.854,-28.022],[115.808,-28.022],[115.808,-28.428],[115.996,-28.434],[115.996,-28.36],[115.932,-28.36],[115.932,-28.334],[115.958,-28.288],[116.048,-28.288],[116.048,-28.252],[116.034,-28.198],[116.24,-28.184],[116.24,-28.12],[116.054,-28.12],[116.054,-28.012],[116.168,-28.048],[116.168,-27.774],[116.406,-27.75],[116.406,-27.646],[116.454,-27.646],[116.454,-27.604],[116.57,-27.604],[116.586,-27.67],[116.74,-27.67],[116.718,-27.268],[116.83,-27.268],[116.83,-27.404],[116.87,-27.404],[116.87,-27.304],[117.034,-27.304],[117.034,-27.174],[117.256,-27.174],[117.256,-27.264],[117.334,-27.264],[117.294,-26.804],[117.328,-26.804],[117.348,-26.7],[117.412,-26.7],[117.412,-26.77],[117.542,-26.77],[117.542,-26.626],[117.622,-26.626]]]}},{"type":"Feature","id":"56230","properties":{"id":"56230","name":"Murray","regionAbbrev":"AUWA","ste":"5"},"geometry":{"type":"Polygon","coordinates":[[[116.26,-32.498],[116.26,-32.46],[115.91,-32.468],[115.858,-32.444],[115.784,-32.456],[115.77,-32.542],[115.76,-32.562],[115.76,-32.564],[115.766,-32.566],[115.762,-32.574],[115.762,-32.576],[115.76,-32.576],[115.774,-32.602],[115.774,-32.624],[115.772,-32.626],[115.772,-32.624],[115.77,-32.624],[115.704,-32.644],[115.67,-32.614],[115.682,-32.648],[115.694,-32.686],[115.714,-32.726],[115.714,-32.728],[115.712,-32.742],[115.722,-32.746],[115.724,-32.746],[115.724,-32.748],[115.714,-32.774],[115.73,-32.792],[115.968,-32.768],[115.972,-32.762],[116.002,-32.778],[116.074,-32.756],[116.178,-32.802],[116.226,-32.792],[116.206,-32.674],[116.266,-32.674],[116.26,-32.498]]]}},{"type":"Feature","id":"56300","properties":{"id":"56300","name":"Nannup","regionAbbrev":"AUWA","ste":"5"},"geometry":{"type":"Polygon","coordinates":[[[115.338,-34.314],[115.546,-34.424],[115.548,-34.422],[115.552,-34.42],[115.676,-34.484],[115.814,-34.414],[115.824,-34.406],[115.782,-34.358],[115.806,-34.332],[115.824,-34.328],[115.828,-34.328],[115.834,-34.32],[115.836,-34.314],[115.878,-34.296],[115.878,-34.212],[115.942,-34.13],[116.012,-34.136],[115.946,-33.964],[115.942,-33.892],[115.866,-33.854],[115.818,-33.854],[115.838,-33.79],[115.764,-33.796],[115.67,-33.812],[115.536,-33.914],[115.42,-33.92],[115.402,-34.156],[115.338,-34.16],[115.338,-34.314]]]}},{"type":"Feature","id":"56370","properties":{"id":"56370","name":"Narembeen","regionAbbrev":"AUWA","ste":"5"},"geometry":{"type":"Polygon","coordinates":[[[118.208,-32.23],[118.196,-32.28],[118.624,-32.278],[118.616,-32.252],[119.18,-32.204],[119.088,-32.1],[119.186,-32.1],[119.176,-32.014],[119.136,-32.014],[119.136,-31.972],[118.98,-31.968],[118.79,-31.758],[118.378,-31.78],[118.37,-31.854],[118.318,-31.874],[118.318,-31.984],[118.208,-32.098],[118.208,-32.23]]]}},{"type":"Feature","id":"56460","properties":{"id":"56460","name":"Narrogin","regionAbbrev":"AUWA","ste":"5"},"geometry":{"type":"Polygon","coordinates":[[[116.952,-32.862],[116.976,-33.01],[117.008,-33.002],[117.014,-33.19],[117.084,-33.18],[117.364,-33.102],[117.506,-33.102],[117.568,-33.034],[117.564,-32.874],[117.486,-32.872],[117.478,-32.838],[117.39,-32.804],[117.382,-32.838],[117.222,-32.866],[117.222,-32.894],[117.206,-32.862],[116.952,-32.862]]]}},{"type":"Feature","id":"56580","properties":{"id":"56580","name":"Nedlands","regionAbbrev":"AUWA","ste":"5"},"geometry":{"type":"Polygon","coordinates":[[[115.754,-31.952],[115.754,-31.982],[115.768,-31.982],[115.79,-31.986],[115.788,-31.992],[115.818,-31.99],[115.816,-31.988],[115.814,-31.964],[115.804,-31.948],[115.754,-31.952]]]}},{"type":"Feature","id":"56620","properties":{"id":"56620","name":"Ngaanyatjarraku","regionAbbrev":"AUWA","ste":"5"},"geometry":{"type":"Polygon","coordinates":[[[129.002,-25.998],[129.002,-23.44],[127.816,-23.44],[124.668,-23.44],[124.668,-25.414],[124.668,-26.744],[127.15,-26.744],[129.002,-26.744],[129.002,-25.998]]]}},{"type":"Feature","id":"56730","properties":{"id":"56730","name":"Northam","regionAbbrev":"AUWA","ste":"5"},"geometry":{"type":"Polygon","coordinates":[[[116.856,-31.49],[116.6,-31.508],[116.588,-31.572],[116.492,-31.614],[116.518,-31.686],[116.428,-31.672],[116.424,-31.702],[116.348,-31.708],[116.346,-31.906],[116.416,-31.908],[116.522,-31.912],[116.55,-31.884],[116.524,-31.81],[116.748,-31.728],[116.86,-31.754],[116.924,-31.716],[116.904,-31.698],[116.954,-31.702],[116.944,-31.648],[116.846,-31.526],[116.856,-31.49]]]}},{"type":"Feature","id":"56790","properties":{"id":"56790","name":"Northampton","regionAbbrev":"AUWA","ste":"5"},"geometry":{"type":"Polygon","coordinates":[[[115.32,-27.818],[115.33,-27.818],[115.33,-27.692],[115.4,-27.692],[115.404,-27.564],[115.23,-27.538],[115.214,-27.302],[114.458,-27.282],[114.458,-27.228],[114.232,-27.2],[114.232,-27.112],[114.068,-27.112],[114.068,-27.23],[113.966,-27.23],[114.008,-27.306],[114.012,-27.312],[114.03,-27.35],[114.032,-27.35],[114.036,-27.362],[114.036,-27.364],[114.038,-27.364],[114.046,-27.378],[114.05,-27.386],[114.06,-27.406],[114.094,-27.482],[114.096,-27.482],[114.098,-27.488],[114.1,-27.492],[114.112,-27.528],[114.114,-27.528],[114.114,-27.536],[114.116,-27.546],[114.126,-27.57],[114.124,-27.57],[114.126,-27.572],[114.144,-27.62],[114.146,-27.63],[114.158,-27.69],[114.16,-27.69],[114.16,-27.696],[114.174,-27.658],[114.168,-27.7],[114.144,-27.744],[114.142,-27.744],[114.138,-27.748],[114.136,-27.76],[114.134,-27.76],[114.132,-27.766],[114.13,-27.766],[114.122,-27.78],[114.112,-27.828],[114.11,-27.828],[114.112,-27.83],[114.11,-27.83],[114.108,-27.834],[114.108,-27.836],[114.11,-27.86],[114.128,-27.91],[114.13,-27.916],[114.132,-27.926],[114.134,-27.926],[114.134,-27.93],[114.134,-27.934],[114.136,-27.934],[114.14,-27.954],[114.142,-27.964],[114.146,-27.972],[114.148,-27.99],[114.176,-28.112],[114.328,-28.24],[114.456,-28.408],[114.56,-28.544],[114.632,-28.536],[114.68,-28.436],[114.724,-28.436],[114.782,-28.372],[114.77,-28.216],[114.984,-28.216],[115.06,-27.952],[115.252,-27.936],[115.26,-27.818],[115.32,-27.818]]]}},{"type":"Feature","id":"56860","properties":{"id":"56860","name":"Nungarin","regionAbbrev":"AUWA","ste":"5"},"geometry":{"type":"Polygon","coordinates":[[[118.016,-31.334],[118.12,-31.318],[118.112,-31.276],[118.284,-31.262],[118.352,-31.15],[118.506,-31.138],[118.506,-30.936],[118.436,-30.936],[118.436,-31.026],[118.348,-31.07],[118.25,-31.056],[118.226,-31.002],[118.08,-31.048],[118.008,-31.098],[117.934,-31.334],[118.016,-31.334]]]}},{"type":"Feature","id":"56930","properties":{"id":"56930","name":"Peppermint Grove","regionAbbrev":"AUWA","ste":"5"},"geometry":{"type":"Polygon","coordinates":[[[115.768,-31.992],[115.766,-31.992],[115.76,-32.004],[115.772,-32.002],[115.774,-32.002],[115.774,-31.992],[115.772,-31.992],[115.768,-31.992]]]}},{"type":"Feature","id":"57000","properties":{"id":"57000","name":"Perenjori","regionAbbrev":"AUWA","ste":"5"},"geometry":{"type":"Polygon","coordinates":[[[116.164,-29.748],[116.298,-29.8],[116.322,-29.926],[116.746,-29.906],[116.77,-29.87],[116.818,-29.89],[116.792,-29.868],[116.842,-29.84],[116.798,-29.806],[116.792,-29.742],[116.856,-29.742],[116.856,-29.772],[117.102,-29.772],[117.102,-29.442],[117.03,-29.442],[117.03,-29.262],[117.154,-29.262],[117.154,-29.186],[117.032,-29.186],[117.052,-29.062],[116.934,-29.07],[116.934,-28.96],[116.84,-28.96],[116.838,-28.866],[116.626,-28.866],[116.628,-28.908],[116.546,-28.908],[116.546,-29.082],[116.48,-29.094],[116.492,-29.194],[116.386,-29.194],[116.386,-29.258],[115.918,-29.344],[115.918,-29.406],[115.968,-29.406],[115.968,-29.464],[116.018,-29.464],[116.018,-29.516],[116.102,-29.55],[116.106,-29.65],[116.134,-29.65],[116.164,-29.748]]]}},{"type":"Feature","id":"57080","properties":{"id":"57080","name":"Perth","regionAbbrev":"AUWA","ste":"5"},"geometry":{"type":"Polygon","coordinates":[[[115.842,-31.942],[115.814,-31.964],[115.816,-31.988],[115.818,-31.99],[115.828,-31.986],[115.824,-31.984],[115.846,-31.968],[115.858,-31.96],[115.876,-31.968],[115.888,-31.964],[115.886,-31.962],[115.884,-31.962],[115.882,-31.948],[115.844,-31.94],[115.842,-31.942]]]}},{"type":"Feature","id":"57140","properties":{"id":"57140","name":"Pingelly","regionAbbrev":"AUWA","ste":"5"},"geometry":{"type":"Polygon","coordinates":[[[116.824,-32.488],[116.918,-32.582],[116.908,-32.66],[117.07,-32.586],[117.306,-32.588],[117.364,-32.622],[117.552,-32.618],[117.574,-32.54],[117.52,-32.428],[117.462,-32.41],[117.202,-32.402],[117.048,-32.462],[116.842,-32.454],[116.824,-32.488]]]}},{"type":"Feature","id":"57210","properties":{"id":"57210","name":"Plantagenet","regionAbbrev":"AUWA","ste":"5"},"geometry":{"type":"Polygon","coordinates":[[[118.41,-34.404],[117.988,-34.406],[117.508,-34.402],[117.474,-34.462],[117.422,-34.476],[117.268,-34.464],[117.266,-34.44],[117.19,-34.464],[116.894,-34.444],[116.812,-34.58],[116.806,-34.59],[116.8,-34.592],[116.796,-34.594],[116.786,-34.654],[116.802,-34.668],[116.828,-34.67],[116.852,-34.686],[116.842,-34.694],[116.842,-34.718],[116.842,-34.72],[116.844,-34.722],[116.842,-34.722],[116.836,-34.722],[116.844,-34.736],[116.844,-34.752],[117.456,-34.768],[117.488,-34.764],[117.488,-34.83],[117.87,-34.85],[117.856,-34.818],[117.91,-34.818],[117.91,-34.766],[117.966,-34.762],[117.964,-34.694],[118.032,-34.646],[118.21,-34.664],[118.21,-34.548],[118.322,-34.53],[118.354,-34.434],[118.41,-34.404]]]}},{"type":"Feature","id":"57280","properties":{"id":"57280","name":"Port Hedland","regionAbbrev":"AUWA","ste":"5"},"geometry":{"type":"Polygon","coordinates":[[[118.698,-21.96],[118.748,-21.96],[118.748,-22],[119.01,-22],[119.002,-21.912],[119.062,-21.912],[119.062,-21.824],[119.182,-21.824],[119.182,-21.666],[119.122,-21.666],[119.122,-21.568],[119.058,-21.568],[119.064,-21.372],[118.894,-21.372],[118.832,-21.156],[118.698,-21.132],[118.698,-20.914],[118.828,-20.914],[118.82,-20.812],[118.916,-20.812],[118.916,-20.632],[118.994,-20.632],[118.988,-20.59],[119.392,-20.582],[119.392,-20.364],[119.512,-20.364],[119.512,-20.046],[119.472,-20.006],[119.372,-20.008],[119.202,-19.95],[119.168,-19.992],[119.208,-20.024],[119.1,-19.958],[119.026,-20.028],[118.868,-20.208],[118.884,-20.26],[118.842,-20.23],[118.828,-20.272],[118.856,-20.29],[118.768,-20.282],[118.666,-20.342],[118.64,-20.298],[118.596,-20.294],[118.596,-20.29],[118.578,-20.308],[118.576,-20.318],[118.582,-20.32],[118.63,-20.334],[118.626,-20.334],[118.602,-20.348],[118.552,-20.346],[118.57,-20.294],[118.526,-20.304],[118.546,-20.32],[118.536,-20.33],[118.37,-20.35],[118.364,-20.374],[118.346,-20.33],[118.29,-20.348],[118.32,-20.364],[118.216,-20.37],[118.196,-20.404],[118.206,-20.376],[118.166,-20.382],[118.186,-20.364],[118.194,-20.336],[118.104,-20.4],[117.94,-20.482],[117.932,-20.526],[117.962,-20.506],[117.944,-20.538],[117.972,-20.524],[117.97,-20.546],[117.96,-20.554],[117.942,-20.564],[117.928,-20.542],[117.93,-20.57],[117.884,-20.55],[117.898,-20.584],[117.774,-20.664],[117.812,-20.672],[117.93,-20.674],[117.93,-20.794],[118.01,-20.794],[118.01,-20.824],[118.092,-20.838],[118.186,-20.804],[118.16,-20.874],[118.212,-20.874],[118.204,-21.08],[118.016,-21.08],[118.016,-21.238],[118.07,-21.238],[118.07,-21.296],[118.146,-21.296],[118.086,-21.478],[118.156,-21.478],[118.156,-21.386],[118.206,-21.386],[118.232,-21.53],[118.2,-21.53],[118.2,-21.608],[118.254,-21.608],[118.254,-21.684],[118.502,-21.658],[118.502,-21.696],[118.552,-21.696],[118.532,-21.81],[118.588,-21.81],[118.588,-21.96],[118.698,-21.96]]]}},{"type":"Feature","id":"57350","properties":{"id":"57350","name":"Quairading","regionAbbrev":"AUWA","ste":"5"},"geometry":{"type":"Polygon","coordinates":[[[117.24,-32.228],[117.412,-32.226],[117.676,-32.162],[117.67,-32.106],[117.71,-32.076],[117.678,-31.822],[117.57,-31.83],[117.39,-31.804],[117.29,-31.856],[117.23,-31.794],[117.134,-31.816],[117.158,-31.856],[117.112,-31.884],[117.142,-31.91],[117.096,-31.93],[117.1,-31.982],[117.228,-32.03],[117.24,-32.228]]]}},{"type":"Feature","id":"57420","properties":{"id":"57420","name":"Ravensthorpe","regionAbbrev":"AUWA","ste":"5"},"geometry":{"type":"Polygon","coordinates":[[[120.086,-33.078],[120.028,-33.08],[120.062,-33.118],[119.972,-33.168],[120.004,-33.254],[119.77,-33.388],[119.678,-33.328],[119.444,-33.526],[119.54,-33.576],[119.432,-33.762],[119.45,-33.802],[119.498,-33.802],[119.498,-34.288],[119.57,-34.186],[119.58,-34.168],[119.624,-34.118],[119.64,-34.112],[119.636,-34.11],[119.688,-34.078],[119.69,-34.074],[119.692,-34.072],[119.696,-34.07],[119.698,-34.07],[119.7,-34.07],[119.702,-34.068],[119.714,-34.06],[119.716,-34.06],[119.728,-34.06],[119.73,-34.06],[119.732,-34.06],[119.734,-34.06],[119.738,-34.056],[119.74,-34.054],[119.742,-34.054],[119.744,-34.048],[119.748,-34.046],[119.75,-34.046],[119.75,-34.044],[119.75,-34.042],[119.76,-34.04],[119.766,-34.036],[119.766,-34.038],[119.778,-34.026],[119.782,-34.026],[119.784,-34.022],[119.784,-34.018],[119.786,-34.016],[119.788,-34.016],[119.788,-34.008],[119.79,-34.004],[119.794,-34.002],[119.796,-34],[119.798,-34],[119.8,-34],[119.802,-33.996],[119.804,-33.99],[119.814,-33.988],[119.816,-33.988],[119.816,-33.986],[119.818,-33.982],[119.818,-33.984],[119.822,-33.984],[119.822,-33.982],[119.824,-33.98],[119.826,-33.98],[119.828,-33.98],[119.83,-33.98],[119.832,-33.98],[119.834,-33.978],[119.848,-33.974],[119.856,-33.97],[119.88,-33.97],[119.936,-33.974],[119.938,-33.974],[119.944,-33.974],[119.944,-33.976],[119.946,-33.976],[119.954,-33.97],[119.964,-33.964],[119.968,-33.96],[119.97,-33.958],[119.968,-33.956],[119.974,-33.954],[119.976,-33.954],[119.982,-33.952],[119.982,-33.954],[119.99,-33.94],[119.99,-33.938],[120.016,-33.934],[120.016,-33.936],[120.03,-33.928],[120.126,-33.952],[120.128,-33.952],[120.242,-33.932],[120.444,-33.964],[120.47,-33.96],[120.56,-33.924],[120.556,-33.908],[120.79,-33.886],[120.792,-33.882],[120.792,-33.86],[120.79,-33.858],[120.784,-33.856],[120.794,-33.836],[120.796,-33.832],[120.796,-33.812],[120.818,-33.806],[120.852,-33.754],[120.866,-33.728],[120.87,-33.716],[120.872,-33.712],[120.872,-33.71],[120.866,-33.702],[120.862,-33.688],[120.83,-33.614],[120.826,-33.612],[120.824,-33.608],[120.818,-33.564],[120.802,-33.542],[120.746,-33.422],[120.78,-33.406],[120.772,-33.254],[120.726,-33.222],[120.51,-33.244],[120.086,-33.078]]]}},{"type":"Feature","id":"57490","properties":{"id":"57490","name":"Rockingham","regionAbbrev":"AUWA","ste":"5"},"geometry":{"type":"MultiPolygon","coordinates":[[[[115.756,-32.25],[115.686,-32.264],[115.69,-32.272],[115.744,-32.328],[115.714,-32.372],[115.748,-32.456],[115.784,-32.456],[115.858,-32.444],[115.83,-32.404],[115.872,-32.278],[115.798,-32.286],[115.756,-32.25]]],[[[115.69,-32.278],[115.692,-32.276],[115.69,-32.276],[115.69,-32.278]]],[[[115.662,-32.174],[115.682,-32.244],[115.698,-32.244],[115.688,-32.23],[115.664,-32.156],[115.662,-32.172],[115.66,-32.172],[115.662,-32.174]]]]}},{"type":"Feature","id":"57630","properties":{"id":"57630","name":"Sandstone","regionAbbrev":"AUWA","ste":"5"},"geometry":{"type":"Polygon","coordinates":[[[118.632,-27.778],[118.65,-28.006],[118.712,-28.006],[118.712,-28.134],[118.52,-28.134],[118.52,-28.162],[118.572,-28.162],[118.574,-28.302],[118.448,-28.312],[118.448,-28.462],[118.574,-28.472],[118.574,-28.544],[118.544,-28.544],[118.45,-28.73],[118.45,-28.98],[118.284,-29.006],[118.284,-29.086],[118.156,-29.086],[118.156,-29.148],[117.946,-29.1],[117.774,-29.11],[117.774,-29.278],[117.878,-29.278],[117.928,-29.328],[117.932,-29.612],[118.504,-29.612],[118.436,-29.104],[118.72,-29.106],[118.72,-29.292],[119.202,-29.29],[119.344,-29.11],[119.664,-29.112],[119.776,-28.914],[119.776,-28.848],[119.804,-28.848],[119.804,-28.464],[120.046,-28.464],[120.046,-28.29],[120.196,-28.29],[120.196,-28.046],[120.154,-28.048],[120.158,-27.612],[120.076,-27.612],[120.058,-27.29],[119.586,-27.29],[119.586,-27.242],[119.202,-27.23],[119.186,-27.274],[119.094,-27.274],[119.094,-27.296],[118.844,-27.312],[118.844,-27.372],[118.682,-27.372],[118.682,-27.688],[118.74,-27.688],[118.74,-27.778],[118.632,-27.778]]]}},{"type":"Feature","id":"57700","properties":{"id":"57700","name":"Serpentine-Jarrahdale","regionAbbrev":"AUWA","ste":"5"},"geometry":{"type":"Polygon","coordinates":[[[115.9,-32.18],[115.88,-32.27],[115.872,-32.278],[115.83,-32.404],[115.858,-32.444],[115.91,-32.468],[116.26,-32.46],[116.26,-32.39],[116.19,-32.286],[116.114,-32.288],[116.11,-32.212],[116.002,-32.186],[115.9,-32.18]]]}},{"type":"Feature","id":"57770","properties":{"id":"57770","name":"Shark Bay","regionAbbrev":"AUWA","ste":"5"},"geometry":{"type":"MultiPolygon","coordinates":[[[[114.254,-26.142],[114.226,-26.164],[114.224,-26.118],[114.188,-26.18],[114.24,-26.288],[114.218,-26.364],[114.092,-26.46],[114.094,-26.46],[114.092,-26.462],[114.094,-26.462],[114.078,-26.468],[114.074,-26.458],[114.08,-26.452],[113.97,-26.334],[113.948,-26.142],[113.912,-26.122],[113.894,-26.034],[113.906,-25.958],[113.866,-25.952],[113.884,-26.06],[113.79,-26.206],[113.704,-26.2],[113.728,-26.18],[113.7,-26.048],[113.762,-25.88],[113.722,-25.866],[113.716,-25.792],[113.716,-25.794],[113.612,-25.72],[113.58,-25.618],[113.538,-25.626],[113.504,-25.506],[113.414,-25.724],[113.47,-25.784],[113.446,-25.708],[113.474,-25.71],[113.48,-25.782],[113.462,-25.808],[113.56,-25.946],[113.58,-26.096],[113.638,-26.12],[113.688,-26.218],[113.798,-26.252],[113.882,-26.334],[113.884,-26.508],[113.808,-26.61],[113.77,-26.586],[113.738,-26.618],[113.688,-26.602],[113.706,-26.662],[113.664,-26.674],[113.632,-26.462],[113.622,-26.538],[113.614,-26.488],[113.594,-26.512],[113.608,-26.606],[113.584,-26.6],[113.544,-26.29],[113.512,-26.276],[113.494,-26.31],[113.528,-26.362],[113.486,-26.484],[113.508,-26.364],[113.362,-26.016],[113.388,-26.212],[113.336,-26.3],[113.356,-26.3],[113.4,-26.408],[113.368,-26.398],[113.356,-26.33],[113.328,-26.336],[113.3,-26.016],[113.27,-26.242],[113.262,-26.19],[113.156,-26.152],[113.278,-26.294],[113.296,-26.398],[113.554,-26.636],[113.72,-26.842],[113.966,-27.23],[114.068,-27.23],[114.068,-27.112],[114.232,-27.112],[114.232,-27.2],[114.458,-27.228],[114.458,-27.282],[115.214,-27.302],[115.214,-27.216],[115.32,-27.216],[115.312,-26.786],[115.408,-26.786],[115.408,-26.276],[115.516,-26.276],[115.472,-25.928],[115.286,-25.928],[115.268,-25.784],[114.992,-25.784],[114.992,-25.874],[114.85,-25.874],[114.85,-25.94],[114.758,-25.94],[114.758,-25.998],[114.354,-25.998],[114.354,-26.144],[114.254,-26.142]]],[[[113.012,-25.516],[112.972,-25.48],[112.928,-25.528],[112.966,-25.78],[113.216,-26.162],[113.22,-26.036],[113.168,-25.942],[113.138,-25.976],[113.156,-25.888],[113.11,-25.87],[113.012,-25.516]]],[[[113.918,-25.858],[113.91,-25.816],[113.86,-25.808],[113.858,-25.868],[113.92,-25.898],[113.918,-25.858]]]]}},{"type":"Feature","id":"57840","properties":{"id":"57840","name":"South Perth","regionAbbrev":"AUWA","ste":"5"},"geometry":{"type":"Polygon","coordinates":[[[115.898,-32.012],[115.88,-31.97],[115.846,-31.968],[115.862,-32.032],[115.898,-32.018],[115.898,-32.012]]]}},{"type":"Feature","id":"57910","properties":{"id":"57910","name":"Stirling","regionAbbrev":"AUWA","ste":"5"},"geometry":{"type":"Polygon","coordinates":[[[115.878,-31.868],[115.878,-31.85],[115.824,-31.842],[115.762,-31.846],[115.752,-31.846],[115.756,-31.896],[115.756,-31.908],[115.826,-31.922],[115.848,-31.912],[115.88,-31.938],[115.88,-31.936],[115.89,-31.924],[115.892,-31.922],[115.88,-31.874],[115.878,-31.868]]]}},{"type":"Feature","id":"57980","properties":{"id":"57980","name":"Subiaco","regionAbbrev":"AUWA","ste":"5"},"geometry":{"type":"Polygon","coordinates":[[[115.804,-31.948],[115.814,-31.964],[115.842,-31.942],[115.804,-31.948]]]}},{"type":"Feature","id":"58050","properties":{"id":"58050","name":"Swan","regionAbbrev":"AUWA","ste":"5"},"geometry":{"type":"Polygon","coordinates":[[[115.954,-31.92],[115.958,-31.92],[115.982,-31.944],[116.044,-31.932],[116.016,-31.904],[116.048,-31.91],[116.024,-31.886],[116.078,-31.838],[116.282,-31.82],[116.264,-31.752],[116.298,-31.706],[116.288,-31.67],[116.238,-31.67],[116.238,-31.6],[116.152,-31.6],[115.884,-31.628],[115.878,-31.85],[115.878,-31.868],[115.934,-31.882],[115.934,-31.886],[115.96,-31.894],[115.958,-31.896],[115.96,-31.898],[115.962,-31.9],[115.964,-31.902],[115.964,-31.904],[115.962,-31.906],[115.962,-31.908],[115.964,-31.91],[115.962,-31.91],[115.962,-31.912],[115.958,-31.914],[115.956,-31.916],[115.954,-31.918],[115.954,-31.92]]]}},{"type":"Feature","id":"58190","properties":{"id":"58190","name":"Tammin","regionAbbrev":"AUWA","ste":"5"},"geometry":{"type":"Polygon","coordinates":[[[117.39,-31.804],[117.57,-31.83],[117.628,-31.672],[117.622,-31.378],[117.468,-31.372],[117.436,-31.438],[117.378,-31.434],[117.38,-31.586],[117.34,-31.618],[117.39,-31.804]]]}},{"type":"Feature","id":"58260","properties":{"id":"58260","name":"Three Springs","regionAbbrev":"AUWA","ste":"5"},"geometry":{"type":"Polygon","coordinates":[[[116.018,-29.516],[116.018,-29.464],[115.968,-29.464],[115.968,-29.406],[115.918,-29.406],[115.918,-29.344],[115.854,-29.344],[115.854,-29.288],[115.752,-29.288],[115.75,-29.356],[115.652,-29.372],[115.572,-29.346],[115.254,-29.364],[115.246,-29.688],[115.246,-29.738],[115.772,-29.734],[115.756,-29.572],[115.846,-29.594],[115.878,-29.55],[116.018,-29.516]]]}},{"type":"Feature","id":"58330","properties":{"id":"58330","name":"Toodyay","regionAbbrev":"AUWA","ste":"5"},"geometry":{"type":"Polygon","coordinates":[[[116.152,-31.6],[116.238,-31.6],[116.238,-31.67],[116.288,-31.67],[116.298,-31.706],[116.348,-31.708],[116.424,-31.702],[116.428,-31.672],[116.518,-31.686],[116.492,-31.614],[116.588,-31.572],[116.6,-31.508],[116.626,-31.274],[116.57,-31.312],[116.548,-31.276],[116.404,-31.308],[116.362,-31.236],[116.246,-31.23],[116.246,-31.354],[116.166,-31.354],[116.152,-31.6]]]}},{"type":"Feature","id":"58400","properties":{"id":"58400","name":"Trayning","regionAbbrev":"AUWA","ste":"5"},"geometry":{"type":"Polygon","coordinates":[[[117.934,-31.334],[118.008,-31.098],[118.08,-31.048],[118.06,-30.96],[117.622,-30.954],[117.6,-31.3],[117.642,-31.318],[117.654,-31.378],[117.746,-31.392],[117.792,-31.34],[117.934,-31.334]]]}},{"type":"Feature","id":"58470","properties":{"id":"58470","name":"Upper Gascoyne","regionAbbrev":"AUWA","ste":"5"},"geometry":{"type":"Polygon","coordinates":[[[115.606,-23.674],[115.57,-23.674],[115.57,-23.778],[115.418,-23.804],[115.406,-24.006],[115.478,-24.006],[115.482,-24.168],[115.446,-24.274],[115.386,-24.274],[115.386,-24.224],[115.212,-24.224],[115.212,-24.118],[115.112,-24.122],[115.114,-24.238],[114.996,-24.238],[114.988,-24.58],[115.15,-24.578],[115.15,-24.648],[115.184,-24.648],[115.184,-24.794],[115.128,-24.912],[114.822,-24.91],[114.808,-24.966],[114.808,-25.206],[114.898,-25.206],[114.898,-25.288],[114.806,-25.288],[114.806,-25.348],[114.946,-25.348],[114.946,-25.574],[114.992,-25.574],[114.992,-25.784],[115.268,-25.784],[115.286,-25.928],[115.472,-25.928],[115.472,-25.866],[115.616,-25.828],[115.616,-25.732],[115.706,-25.732],[115.706,-25.684],[116.466,-25.684],[116.502,-25.584],[116.916,-25.584],[116.916,-25.636],[117.248,-25.636],[117.294,-25.584],[117.374,-25.584],[117.372,-25.366],[117.758,-25.392],[117.736,-25.214],[117.794,-25.214],[117.794,-24.854],[117.722,-24.854],[117.722,-24.782],[117.872,-24.782],[117.872,-24.706],[117.62,-24.694],[117.62,-24.534],[117.678,-24.534],[117.666,-24.374],[117.82,-24.374],[117.83,-23.972],[117.808,-23.89],[117.626,-23.89],[117.626,-23.792],[116.858,-23.804],[116.858,-23.572],[116.598,-23.574],[116.598,-23.51],[116.496,-23.51],[116.494,-23.598],[116.298,-23.6],[116.298,-23.654],[116.192,-23.654],[116.076,-23.578],[115.98,-23.578],[115.98,-23.888],[115.726,-23.842],[115.704,-23.674],[115.606,-23.674]]]}},{"type":"Feature","id":"58510","properties":{"id":"58510","name":"Victoria Park","regionAbbrev":"AUWA","ste":"5"},"geometry":{"type":"Polygon","coordinates":[[[115.91,-31.952],[115.898,-31.942],[115.886,-31.938],[115.882,-31.948],[115.884,-31.962],[115.886,-31.962],[115.888,-31.964],[115.876,-31.968],[115.858,-31.96],[115.846,-31.968],[115.88,-31.97],[115.898,-32.012],[115.922,-31.994],[115.934,-31.984],[115.9,-31.954],[115.91,-31.952]]]}},{"type":"Feature","id":"58540","properties":{"id":"58540","name":"Victoria Plains","regionAbbrev":"AUWA","ste":"5"},"geometry":{"type":"Polygon","coordinates":[[[116.246,-31.23],[116.362,-31.236],[116.404,-31.308],[116.548,-31.276],[116.57,-31.312],[116.626,-31.274],[116.6,-31.012],[116.542,-30.96],[116.542,-30.886],[116.468,-30.886],[116.44,-30.848],[116.454,-30.72],[116.208,-30.744],[116.198,-30.86],[115.934,-30.846],[115.952,-31.004],[115.952,-31.06],[116.046,-31.06],[116.048,-31.088],[116.222,-31.088],[116.246,-31.23]]]}},{"type":"Feature","id":"58570","properties":{"id":"58570","name":"Vincent","regionAbbrev":"AUWA","ste":"5"},"geometry":{"type":"Polygon","coordinates":[[[115.88,-31.936],[115.88,-31.938],[115.848,-31.912],[115.826,-31.922],[115.844,-31.94],[115.882,-31.948],[115.886,-31.938],[115.88,-31.936]]]}},{"type":"Feature","id":"58610","properties":{"id":"58610","name":"Wagin","regionAbbrev":"AUWA","ste":"5"},"geometry":{"type":"Polygon","coordinates":[[[117.688,-33.042],[117.568,-33.034],[117.506,-33.102],[117.364,-33.102],[117.084,-33.18],[117.092,-33.496],[117.256,-33.506],[117.318,-33.44],[117.428,-33.434],[117.47,-33.386],[117.634,-33.402],[117.622,-33.302],[117.662,-33.288],[117.638,-33.21],[117.688,-33.042]]]}},{"type":"Feature","id":"58680","properties":{"id":"58680","name":"Wandering","regionAbbrev":"AUWA","ste":"5"},"geometry":{"type":"Polygon","coordinates":[[[116.19,-32.286],[116.26,-32.39],[116.26,-32.46],[116.26,-32.498],[116.368,-32.502],[116.66,-32.816],[116.944,-32.762],[116.908,-32.66],[116.918,-32.582],[116.824,-32.488],[116.536,-32.488],[116.534,-32.358],[116.384,-32.356],[116.384,-32.236],[116.358,-32.236],[116.226,-32.236],[116.19,-32.286]]]}},{"type":"Feature","id":"58760","properties":{"id":"58760","name":"Wanneroo","regionAbbrev":"AUWA","ste":"5"},"geometry":{"type":"Polygon","coordinates":[[[115.856,-31.474],[115.562,-31.454],[115.61,-31.532],[115.7,-31.688],[115.698,-31.688],[115.708,-31.712],[115.774,-31.716],[115.804,-31.786],[115.824,-31.842],[115.878,-31.85],[115.884,-31.628],[115.856,-31.474]]]}},{"type":"Feature","id":"58820","properties":{"id":"58820","name":"Waroona","regionAbbrev":"AUWA","ste":"5"},"geometry":{"type":"Polygon","coordinates":[[[116.178,-32.802],[116.074,-32.756],[116.002,-32.778],[115.972,-32.762],[115.968,-32.768],[115.73,-32.792],[115.714,-32.774],[115.712,-32.774],[115.712,-32.78],[115.714,-32.784],[115.714,-32.786],[115.712,-32.786],[115.704,-32.782],[115.67,-32.794],[115.63,-32.792],[115.658,-32.932],[115.688,-32.932],[115.99,-32.938],[116.142,-32.934],[116.172,-32.926],[116.174,-32.93],[116.174,-32.932],[116.172,-32.942],[116.18,-32.942],[116.178,-32.802]]]}},{"type":"Feature","id":"58890","properties":{"id":"58890","name":"West Arthur","regionAbbrev":"AUWA","ste":"5"},"geometry":{"type":"Polygon","coordinates":[[[116.732,-33.684],[116.988,-33.668],[116.988,-33.632],[116.984,-33.5],[116.99,-33.5],[117,-33.502],[117.038,-33.492],[117.052,-33.498],[117.092,-33.496],[117.084,-33.18],[117.014,-33.19],[116.39,-33.342],[116.382,-33.456],[116.326,-33.502],[116.266,-33.498],[116.3,-33.552],[116.474,-33.624],[116.486,-33.666],[116.602,-33.678],[116.604,-33.676],[116.612,-33.674],[116.612,-33.676],[116.612,-33.678],[116.61,-33.678],[116.622,-33.68],[116.638,-33.696],[116.652,-33.698],[116.656,-33.698],[116.672,-33.7],[116.684,-33.7],[116.686,-33.7],[116.696,-33.686],[116.73,-33.684],[116.732,-33.684]]]}},{"type":"Feature","id":"59030","properties":{"id":"59030","name":"Westonia","regionAbbrev":"AUWA","ste":"5"},"geometry":{"type":"Polygon","coordinates":[[[118.742,-31.554],[118.74,-31.258],[118.81,-31.218],[118.812,-31.148],[118.87,-31.074],[118.864,-30.962],[118.918,-30.968],[118.958,-30.926],[118.918,-30.846],[118.786,-30.812],[118.752,-30.632],[118.508,-30.202],[118.506,-30.936],[118.506,-31.138],[118.502,-31.404],[118.602,-31.536],[118.742,-31.554]]]}},{"type":"Feature","id":"59100","properties":{"id":"59100","name":"Wickepin","regionAbbrev":"AUWA","ste":"5"},"geometry":{"type":"Polygon","coordinates":[[[117.574,-32.54],[117.552,-32.618],[117.364,-32.622],[117.402,-32.716],[117.358,-32.74],[117.362,-32.804],[117.39,-32.804],[117.478,-32.838],[117.486,-32.872],[117.564,-32.874],[117.568,-33.034],[117.688,-33.042],[117.814,-33.046],[117.838,-33.102],[117.914,-33.044],[117.846,-32.602],[117.706,-32.576],[117.638,-32.596],[117.634,-32.554],[117.574,-32.54]]]}},{"type":"Feature","id":"59170","properties":{"id":"59170","name":"Williams","regionAbbrev":"AUWA","ste":"5"},"geometry":{"type":"Polygon","coordinates":[[[116.412,-33.086],[116.39,-33.342],[117.014,-33.19],[117.008,-33.002],[116.976,-33.01],[116.952,-32.862],[116.944,-32.762],[116.66,-32.816],[116.568,-33.06],[116.412,-33.086]]]}},{"type":"Feature","id":"59250","properties":{"id":"59250","name":"Wiluna","regionAbbrev":"AUWA","ste":"5"},"geometry":{"type":"Polygon","coordinates":[[[120.672,-23.728],[120.61,-23.812],[120.494,-23.866],[120.068,-24.492],[120.092,-24.54],[120.044,-24.706],[120.056,-24.844],[120.202,-25.182],[120.138,-25.232],[120.086,-25.338],[120.12,-25.754],[120.008,-26.026],[119.808,-26.37],[119.806,-26.44],[119.584,-26.578],[119.34,-26.864],[119.238,-27.062],[119.202,-27.23],[119.586,-27.242],[119.586,-27.29],[120.058,-27.29],[121.65,-27.29],[121.78,-27.29],[121.78,-26.806],[122.462,-26.828],[122.462,-26.712],[122.69,-26.712],[122.69,-26.654],[122.964,-26.654],[122.964,-26.682],[123.048,-26.682],[123.048,-26.744],[124.668,-26.744],[124.668,-25.414],[124.668,-23.44],[122.67,-23.44],[121.006,-23.44],[121.006,-23.728],[120.672,-23.728]]]}},{"type":"Feature","id":"59310","properties":{"id":"59310","name":"Wongan-Ballidu","regionAbbrev":"AUWA","ste":"5"},"geometry":{"type":"Polygon","coordinates":[[[116.512,-30.51],[116.544,-30.72],[116.454,-30.72],[116.44,-30.848],[116.468,-30.886],[116.542,-30.886],[116.542,-30.96],[116.6,-31.012],[116.95,-30.96],[117.008,-30.924],[117.036,-30.8],[117.212,-30.802],[117.258,-30.702],[117.244,-30.466],[117.138,-30.45],[117.13,-30.488],[116.512,-30.51]]]}},{"type":"Feature","id":"59320","properties":{"id":"59320","name":"Woodanilling","regionAbbrev":"AUWA","ste":"5"},"geometry":{"type":"Polygon","coordinates":[[[117.634,-33.402],[117.47,-33.386],[117.428,-33.434],[117.318,-33.44],[117.256,-33.506],[117.092,-33.496],[117.052,-33.498],[117.038,-33.492],[117,-33.502],[116.99,-33.5],[116.984,-33.5],[116.988,-33.632],[117.254,-33.65],[117.334,-33.648],[117.424,-33.648],[117.508,-33.562],[117.64,-33.522],[117.674,-33.464],[117.692,-33.434],[117.634,-33.402]]]}},{"type":"Feature","id":"59330","properties":{"id":"59330","name":"Wyalkatchem","regionAbbrev":"AUWA","ste":"5"},"geometry":{"type":"Polygon","coordinates":[[[117.378,-31.434],[117.436,-31.438],[117.468,-31.372],[117.622,-31.378],[117.654,-31.378],[117.642,-31.318],[117.6,-31.3],[117.622,-30.954],[117.596,-30.958],[117.542,-30.958],[117.498,-30.968],[117.384,-30.966],[117.382,-30.964],[117.378,-30.964],[117.374,-30.976],[117.366,-30.976],[117.366,-30.984],[117.358,-30.988],[117.278,-31.002],[117.248,-31.002],[117.244,-31.112],[117.27,-31.402],[117.378,-31.434]]]}},{"type":"Feature","id":"59340","properties":{"id":"59340","name":"Wyndham-East Kimberley","regionAbbrev":"AUWA","ste":"5"},"geometry":{"type":"MultiPolygon","coordinates":[[[[124.634,-15.998],[124.596,-15.976],[124.59,-15.996],[124.584,-15.996],[124.584,-15.994],[124.582,-15.998],[124.634,-15.998]]],[[[127.564,-16.842],[127.564,-16.768],[127.716,-16.768],[127.716,-17.076],[127.622,-17.076],[127.652,-17.336],[127.816,-17.336],[127.816,-17.284],[127.714,-17.284],[127.714,-17.232],[127.822,-17.232],[127.822,-17.17],[127.86,-17.17],[127.86,-17.054],[128.204,-17.048],[128.202,-16.922],[128.244,-16.922],[128.244,-16.996],[128.48,-16.996],[128.48,-16.922],[128.698,-16.922],[128.714,-16.98],[129,-16.978],[129.002,-14.88],[128.998,-14.878],[128.982,-14.878],[128.98,-14.88],[128.97,-14.876],[128.968,-14.874],[128.94,-14.872],[128.916,-14.86],[128.832,-14.858],[128.83,-14.858],[128.826,-14.854],[128.788,-14.844],[128.762,-14.838],[128.726,-14.824],[128.718,-14.816],[128.702,-14.806],[128.7,-14.808],[128.7,-14.806],[128.698,-14.804],[128.676,-14.796],[128.614,-14.79],[128.586,-14.808],[128.55,-14.768],[128.438,-14.81],[128.38,-14.822],[128.468,-14.888],[128.52,-15.014],[128.422,-14.882],[128.45,-15.002],[128.358,-14.884],[128.348,-14.968],[128.41,-15.032],[128.358,-14.99],[128.362,-15.066],[128.312,-14.926],[128.292,-14.966],[128.33,-15.034],[128.288,-14.974],[128.264,-14.982],[128.194,-15.094],[128.24,-15.248],[128.3,-15.32],[128.3,-15.46],[128.342,-15.5],[128.292,-15.46],[128.258,-15.304],[128.126,-15.184],[128.1,-15.25],[128.128,-15.298],[128.116,-15.422],[128.086,-15.476],[128,-15.518],[128.09,-15.392],[128.04,-15.292],[128.092,-15.28],[128.074,-15.1],[128.12,-14.86],[128.192,-14.838],[128.184,-14.744],[128.226,-14.744],[128.214,-14.71],[128.068,-14.65],[127.994,-14.556],[127.964,-14.59],[127.928,-14.558],[127.94,-14.54],[127.932,-14.504],[127.848,-14.478],[127.8,-14.388],[127.786,-14.382],[127.764,-14.302],[127.69,-14.244],[127.622,-14.152],[127.546,-14.098],[127.524,-14.12],[127.518,-14.068],[127.458,-14.062],[127.466,-13.996],[127.356,-13.906],[127.322,-13.914],[127.336,-13.962],[127.248,-13.9],[127.208,-13.974],[127.192,-13.904],[127.148,-13.98],[127.128,-13.966],[127.094,-13.924],[127.104,-13.884],[127.062,-13.908],[127.082,-13.84],[127.044,-13.848],[127.048,-13.806],[127.006,-13.824],[127.032,-13.806],[126.984,-13.754],[126.852,-13.758],[126.874,-13.798],[126.844,-13.816],[126.828,-13.782],[126.826,-13.782],[126.824,-13.78],[126.792,-13.778],[126.792,-13.786],[126.788,-13.79],[126.788,-13.788],[126.774,-13.784],[126.768,-13.788],[126.762,-13.786],[126.76,-13.786],[126.76,-13.784],[126.762,-13.784],[126.764,-13.784],[126.766,-13.78],[126.762,-13.782],[126.758,-13.784],[126.806,-13.93],[126.84,-13.926],[126.906,-13.984],[126.882,-13.998],[126.88,-13.982],[126.876,-13.976],[126.872,-13.98],[126.872,-13.982],[126.792,-13.978],[126.788,-13.972],[126.772,-13.982],[126.72,-13.992],[126.706,-13.974],[126.698,-14.006],[126.7,-14.008],[126.702,-14.008],[126.696,-14.01],[126.698,-14.012],[126.7,-14.016],[126.71,-14.024],[126.712,-14.024],[126.752,-14.012],[126.756,-14.014],[126.75,-14.012],[126.742,-14.016],[126.762,-14.05],[126.694,-14.134],[126.69,-14.09],[126.646,-14.076],[126.652,-14.174],[126.608,-14.18],[126.602,-14.236],[126.566,-14.216],[126.57,-14.14],[126.524,-14.156],[126.498,-14.114],[126.522,-14.078],[126.48,-14.11],[126.45,-14.084],[126.498,-14.046],[126.49,-14.01],[126.578,-13.954],[126.554,-13.95],[126.496,-13.956],[126.466,-14.006],[126.438,-13.982],[126.394,-14.052],[126.334,-14.05],[126.344,-14.096],[126.298,-14.138],[126.362,-14.19],[126.302,-14.234],[126.27,-14.236],[126.272,-14.206],[126.216,-14.236],[126.236,-14.188],[126.196,-14.182],[126.21,-14.136],[126.186,-14.14],[126.222,-14.11],[126.214,-14.074],[126.168,-14.114],[126.192,-14.066],[126.152,-14.078],[126.226,-14.026],[126.202,-14],[126.144,-14.014],[126.224,-13.984],[126.188,-13.968],[126.11,-14.028],[126.148,-13.948],[126.156,-13.912],[126.086,-13.946],[126.096,-13.894],[126.064,-13.942],[126.024,-13.938],[126.108,-13.976],[126.102,-14.046],[126.038,-13.982],[126.056,-14.026],[126.026,-14.016],[126.012,-14.066],[125.984,-13.99],[125.994,-14.068],[126.03,-14.094],[126.104,-14.076],[126.17,-14.146],[126.142,-14.158],[126.134,-14.23],[126.058,-14.248],[126.07,-14.284],[126.082,-14.358],[125.978,-14.392],[125.986,-14.42],[126.02,-14.41],[126.052,-14.53],[126.016,-14.518],[125.994,-14.554],[125.96,-14.518],[125.908,-14.578],[125.926,-14.646],[125.852,-14.61],[125.818,-14.496],[125.86,-14.474],[125.806,-14.48],[125.798,-14.444],[125.774,-14.48],[125.71,-14.486],[125.646,-14.646],[125.69,-14.498],[125.656,-14.394],[125.67,-14.372],[125.676,-14.368],[125.67,-14.368],[125.668,-14.366],[125.672,-14.33],[125.726,-14.342],[125.698,-14.324],[125.73,-14.28],[125.67,-14.286],[125.616,-14.236],[125.574,-14.26],[125.6,-14.274],[125.59,-14.37],[125.624,-14.386],[125.598,-14.458],[125.588,-14.506],[125.614,-14.51],[125.572,-14.548],[125.594,-14.56],[125.536,-14.564],[125.562,-14.514],[125.52,-14.5],[125.484,-14.542],[125.478,-14.564],[125.436,-14.632],[125.436,-14.634],[125.41,-14.544],[125.356,-14.584],[125.368,-14.504],[125.326,-14.562],[125.278,-14.588],[125.274,-14.59],[125.256,-14.606],[125.308,-14.65],[125.262,-14.656],[125.262,-14.692],[125.224,-14.672],[125.212,-14.722],[125.184,-14.708],[125.184,-14.72],[125.19,-14.746],[125.142,-14.748],[125.156,-14.77],[125.19,-14.778],[125.19,-14.804],[125.192,-14.808],[125.184,-14.828],[125.22,-14.868],[125.244,-14.834],[125.234,-14.866],[125.274,-14.866],[125.318,-14.888],[125.296,-14.932],[125.29,-14.93],[125.268,-14.928],[125.256,-14.91],[125.214,-14.942],[125.214,-14.95],[125.212,-14.95],[125.214,-14.962],[125.228,-14.966],[125.234,-14.962],[125.234,-14.964],[125.236,-14.962],[125.24,-14.942],[125.256,-14.978],[125.302,-14.962],[125.286,-14.998],[125.366,-14.99],[125.386,-15.032],[125.41,-14.998],[125.448,-15.006],[125.482,-14.998],[125.368,-15.062],[125.4,-15.066],[125.358,-15.108],[125.48,-15.156],[125.336,-15.162],[125.282,-15.144],[125.282,-15.098],[125.164,-15.15],[125.13,-15.048],[125.106,-15.032],[125.078,-15.066],[125.06,-15.034],[125.094,-14.986],[125.056,-14.998],[125.012,-14.982],[125.032,-15.11],[124.95,-15.12],[124.91,-15.106],[124.834,-15.156],[124.838,-15.182],[124.898,-15.174],[124.864,-15.194],[124.87,-15.244],[124.892,-15.23],[124.876,-15.262],[124.944,-15.212],[124.936,-15.186],[124.972,-15.208],[124.97,-15.164],[124.996,-15.162],[124.988,-15.198],[125.014,-15.154],[125.06,-15.18],[125.006,-15.242],[124.966,-15.212],[124.92,-15.246],[124.906,-15.272],[124.876,-15.304],[124.922,-15.356],[125.03,-15.274],[125.086,-15.312],[125.078,-15.248],[125.09,-15.252],[125.1,-15.286],[125.12,-15.256],[125.09,-15.338],[125.13,-15.324],[125.146,-15.322],[125.15,-15.322],[125.16,-15.322],[125.148,-15.332],[125.138,-15.338],[125.092,-15.354],[125.078,-15.422],[125.224,-15.552],[125.226,-15.546],[125.224,-15.55],[125.224,-15.552],[125.416,-15.692],[125.128,-15.494],[125.064,-15.46],[125.044,-15.508],[125.018,-15.524],[125.014,-15.532],[125.018,-15.47],[125.006,-15.502],[124.964,-15.48],[125.004,-15.44],[124.884,-15.35],[124.848,-15.352],[124.848,-15.298],[124.838,-15.326],[124.802,-15.304],[124.754,-15.354],[124.772,-15.302],[124.722,-15.266],[124.676,-15.254],[124.668,-15.3],[124.708,-15.318],[124.656,-15.332],[124.668,-15.362],[124.746,-15.36],[124.676,-15.4],[124.68,-15.49],[124.646,-15.424],[124.63,-15.526],[124.48,-15.476],[124.446,-15.506],[124.494,-15.486],[124.512,-15.524],[124.488,-15.496],[124.426,-15.54],[124.406,-15.616],[124.454,-15.592],[124.502,-15.636],[124.452,-15.602],[124.458,-15.656],[124.428,-15.67],[124.414,-15.636],[124.414,-15.68],[124.37,-15.672],[124.394,-15.676],[124.398,-15.726],[124.41,-15.71],[124.438,-15.71],[124.424,-15.732],[124.408,-15.72],[124.394,-15.73],[124.386,-15.716],[124.414,-15.878],[124.458,-15.782],[124.476,-15.82],[124.46,-15.85],[124.5,-15.89],[124.476,-15.884],[124.478,-15.942],[124.498,-15.928],[124.496,-15.946],[124.498,-15.978],[124.634,-15.782],[124.706,-15.74],[124.676,-15.784],[124.696,-15.766],[124.7,-15.762],[124.742,-15.822],[124.706,-15.814],[124.674,-15.88],[124.66,-15.856],[124.608,-15.89],[124.626,-15.92],[124.596,-15.948],[124.642,-15.994],[124.638,-15.998],[124.904,-15.998],[124.904,-15.9],[125.108,-15.9],[125.108,-15.94],[125.07,-15.952],[125.212,-15.952],[125.228,-15.998],[126.002,-15.998],[125.962,-16.722],[126.03,-16.722],[126.03,-16.628],[126.326,-16.628],[126.288,-16.686],[126.64,-16.7],[126.64,-16.846],[126.954,-16.846],[126.954,-17.108],[127.22,-17.108],[127.22,-17.072],[127.34,-17.072],[127.34,-16.98],[127.414,-16.98],[127.414,-16.842],[127.564,-16.842]]],[[[124.194,-15.92],[124.202,-15.964],[124.234,-15.97],[124.194,-15.92]]],[[[124.586,-15.95],[124.594,-15.904],[124.532,-15.966],[124.586,-15.95]]],[[[124.462,-15.898],[124.45,-15.984],[124.464,-15.94],[124.462,-15.898]]],[[[124.588,-15.51],[124.59,-15.512],[124.59,-15.51],[124.588,-15.51]]],[[[124.478,-15.344],[124.466,-15.404],[124.54,-15.374],[124.54,-15.372],[124.546,-15.36],[124.548,-15.388],[124.55,-15.388],[124.552,-15.388],[124.554,-15.388],[124.556,-15.388],[124.564,-15.382],[124.566,-15.382],[124.566,-15.384],[124.578,-15.382],[124.522,-15.448],[124.656,-15.4],[124.58,-15.342],[124.59,-15.312],[124.558,-15.318],[124.572,-15.244],[124.506,-15.28],[124.496,-15.3],[124.536,-15.304],[124.478,-15.344]]],[[[124.372,-15.328],[124.404,-15.312],[124.416,-15.292],[124.44,-15.32],[124.45,-15.288],[124.442,-15.25],[124.364,-15.3],[124.344,-15.31],[124.372,-15.328]]],[[[124.37,-15.376],[124.338,-15.376],[124.372,-15.398],[124.37,-15.376]]],[[[124.312,-15.344],[124.318,-15.358],[124.336,-15.346],[124.344,-15.312],[124.312,-15.344]]],[[[126.542,-13.904],[126.544,-13.896],[126.546,-13.892],[126.552,-13.892],[126.562,-13.9],[126.584,-13.898],[126.594,-13.898],[126.596,-13.898],[126.602,-13.908],[126.604,-13.91],[126.606,-13.89],[126.602,-13.892],[126.602,-13.894],[126.6,-13.894],[126.506,-13.868],[126.514,-13.906],[126.542,-13.904]]],[[[126.01,-14.282],[125.986,-14.312],[126.02,-14.354],[126.048,-14.328],[126.01,-14.282]]],[[[125.75,-14.424],[125.724,-14.414],[125.718,-14.476],[125.754,-14.446],[125.75,-14.424]]],[[[125.53,-14.428],[125.524,-14.484],[125.56,-14.494],[125.53,-14.428]]],[[[125.95,-14.336],[125.942,-14.388],[125.972,-14.346],[125.95,-14.336]]],[[[126.374,-13.998],[126.404,-13.988],[126.372,-13.976],[126.374,-13.998]]],[[[126.32,-13.942],[126.3,-13.952],[126.3,-13.968],[126.314,-13.96],[126.312,-13.96],[126.32,-13.942]]],[[[126.302,-13.92],[126.304,-13.924],[126.306,-13.926],[126.312,-13.922],[126.302,-13.918],[126.302,-13.92]]],[[[126.304,-13.87],[126.316,-13.894],[126.306,-13.866],[126.304,-13.87]]],[[[126.7,-13.942],[126.684,-13.938],[126.684,-13.942],[126.688,-13.954],[126.692,-13.944],[126.694,-13.944],[126.7,-13.942]]],[[[125.93,-14.324],[125.92,-14.328],[125.926,-14.328],[125.93,-14.326],[125.93,-14.324]]],[[[126.864,-13.972],[126.882,-13.976],[126.884,-13.992],[126.902,-13.984],[126.866,-13.956],[126.82,-13.952],[126.862,-13.97],[126.864,-13.972]]],[[[125.132,-14.642],[125.166,-14.624],[125.214,-14.608],[125.18,-14.56],[125.206,-14.532],[125.204,-14.528],[125.216,-14.494],[125.178,-14.452],[125.154,-14.468],[125.132,-14.482],[125.142,-14.518],[125.152,-14.566],[125.1,-14.544],[125.094,-14.566],[125.094,-14.626],[125.132,-14.642]]],[[[125.178,-15.05],[125.168,-15.02],[125.144,-15.042],[125.194,-15.122],[125.232,-15.07],[125.178,-15.05]]],[[[124.942,-14.982],[124.918,-14.922],[124.922,-14.966],[124.89,-14.958],[124.878,-15.004],[124.922,-14.98],[124.898,-15.004],[124.942,-15.048],[124.946,-15.004],[124.942,-14.982]]],[[[124.832,-15.242],[124.806,-15.236],[124.81,-15.306],[124.856,-15.262],[124.832,-15.242]]],[[[125.256,-14.632],[125.226,-14.634],[125.214,-14.66],[125.24,-14.638],[125.26,-14.648],[125.256,-14.632]]],[[[125.252,-14.984],[125.228,-14.998],[125.25,-14.986],[125.252,-14.984]]],[[[125.134,-14.752],[125.144,-14.768],[125.142,-14.756],[125.134,-14.752]]],[[[125.132,-14.75],[125.134,-14.752],[125.134,-14.75],[125.132,-14.75]]],[[[125.162,-14.65],[125.166,-14.646],[125.164,-14.644],[125.162,-14.644],[125.162,-14.65]]],[[[125.146,-14.77],[125.144,-14.768],[125.146,-14.772],[125.146,-14.77]]],[[[125.422,-14.572],[125.424,-14.57],[125.422,-14.57],[125.422,-14.572]]],[[[125.274,-14.988],[125.276,-14.99],[125.276,-14.988],[125.274,-14.988]]],[[[128.128,-15.156],[128.2,-15.192],[128.202,-15.13],[128.126,-15.04],[128.128,-15.156]]],[[[128.774,-14.77],[128.776,-14.772],[128.778,-14.768],[128.776,-14.768],[128.776,-14.766],[128.772,-14.768],[128.774,-14.77]]],[[[128.286,-15.314],[128.286,-15.316],[128.288,-15.316],[128.27,-15.294],[128.286,-15.314]]]]}},{"type":"Feature","id":"59350","properties":{"id":"59350","name":"Yalgoo","regionAbbrev":"AUWA","ste":"5"},"geometry":{"type":"Polygon","coordinates":[[[117.256,-27.264],[117.256,-27.174],[117.034,-27.174],[117.034,-27.304],[116.87,-27.304],[116.87,-27.404],[116.83,-27.404],[116.83,-27.268],[116.718,-27.268],[116.74,-27.67],[116.586,-27.67],[116.57,-27.604],[116.454,-27.604],[116.454,-27.646],[116.406,-27.646],[116.406,-27.75],[116.168,-27.774],[116.168,-28.048],[116.054,-28.012],[116.054,-28.12],[116.24,-28.12],[116.24,-28.184],[116.034,-28.198],[116.048,-28.252],[116.17,-28.252],[116.17,-28.332],[116.228,-28.332],[116.228,-28.492],[116.26,-28.492],[116.26,-28.596],[116.17,-28.602],[116.17,-28.716],[116.23,-28.716],[116.23,-28.796],[116.084,-28.798],[116.088,-28.846],[116.158,-28.846],[116.236,-28.952],[116.346,-28.952],[116.382,-29.094],[116.48,-29.094],[116.546,-29.082],[116.546,-28.908],[116.628,-28.908],[116.626,-28.866],[116.838,-28.866],[116.84,-28.96],[116.934,-28.96],[116.934,-29.07],[117.052,-29.062],[117.032,-29.186],[117.154,-29.186],[117.154,-29.262],[117.03,-29.262],[117.03,-29.442],[117.102,-29.442],[117.102,-29.772],[117.102,-29.8],[117.502,-29.8],[117.57,-29.756],[117.576,-29.618],[117.704,-29.674],[117.696,-29.612],[117.932,-29.612],[117.928,-29.328],[117.878,-29.278],[117.774,-29.278],[117.774,-29.11],[117.946,-29.1],[118.156,-29.148],[118.156,-29.086],[118.284,-29.086],[118.284,-29.006],[118.284,-28.952],[118.078,-28.96],[118.042,-28.806],[118.046,-28.748],[118.086,-28.748],[118.086,-28.656],[118.004,-28.656],[118.004,-28.692],[117.96,-28.692],[117.96,-28.756],[117.792,-28.756],[117.792,-28.784],[117.76,-28.784],[117.76,-28.692],[117.556,-28.692],[117.556,-28.464],[117.47,-28.464],[117.47,-28.406],[117.424,-28.406],[117.424,-28.316],[117.342,-28.316],[117.342,-28.248],[117.266,-28.248],[117.266,-28.15],[117.242,-28.15],[117.25,-27.834],[117.222,-27.81],[117.37,-27.81],[117.37,-27.76],[117.284,-27.76],[117.284,-27.686],[117.342,-27.686],[117.342,-27.608],[117.168,-27.608],[117.178,-27.294],[117.256,-27.294],[117.256,-27.264]]]}},{"type":"Feature","id":"59360","properties":{"id":"59360","name":"Yilgarn","regionAbbrev":"AUWA","ste":"5"},"geometry":{"type":"Polygon","coordinates":[[[120.014,-30.16],[118.504,-29.612],[118.508,-30.202],[118.752,-30.632],[118.786,-30.812],[118.918,-30.846],[118.958,-30.926],[118.918,-30.968],[118.864,-30.962],[118.87,-31.074],[118.812,-31.148],[118.81,-31.218],[118.74,-31.258],[118.742,-31.554],[118.756,-31.618],[118.804,-31.618],[118.804,-31.696],[118.74,-31.696],[118.79,-31.758],[118.98,-31.968],[119.136,-31.972],[119.136,-32.014],[119.176,-32.014],[119.186,-32.1],[119.088,-32.1],[119.18,-32.204],[120.01,-32.204],[120.01,-31.866],[120.014,-30.16]]]}},{"type":"Feature","id":"59370","properties":{"id":"59370","name":"York","regionAbbrev":"AUWA","ste":"5"},"geometry":{"type":"Polygon","coordinates":[[[116.286,-32.112],[116.446,-32.082],[116.51,-32.14],[116.614,-32.14],[116.614,-32.112],[116.71,-32.116],[116.728,-32.058],[116.756,-32.082],[116.932,-31.994],[117.044,-31.962],[117.1,-31.982],[117.096,-31.93],[117.142,-31.91],[117.112,-31.884],[117.158,-31.856],[117.134,-31.816],[117.058,-31.77],[117.014,-31.784],[116.954,-31.702],[116.904,-31.698],[116.924,-31.716],[116.86,-31.754],[116.748,-31.728],[116.524,-31.81],[116.55,-31.884],[116.522,-31.912],[116.416,-31.908],[116.41,-32.012],[116.304,-32.006],[116.324,-32.064],[116.29,-32.062],[116.286,-32.082],[116.286,-32.112]]]}},{"type":"Feature","id":"60210","properties":{"id":"60210","name":"Break O'Day","regionAbbrev":"AUTAS","ste":"6"},"geometry":{"type":"Polygon","coordinates":[[[148.078,-41.052],[148.082,-41.132],[147.89,-41.164],[147.834,-41.372],[147.592,-41.38],[147.648,-41.478],[147.79,-41.608],[147.762,-41.65],[147.76,-41.652],[147.76,-41.654],[147.76,-41.662],[147.762,-41.664],[147.764,-41.668],[147.78,-41.674],[147.78,-41.678],[147.784,-41.76],[147.92,-41.802],[147.922,-41.76],[148.026,-41.77],[148.05,-41.738],[148.136,-41.77],[148.138,-41.782],[148.146,-41.824],[148.146,-41.86],[148.15,-41.86],[148.182,-41.882],[148.266,-41.814],[148.27,-41.786],[148.3,-41.752],[148.3,-41.75],[148.302,-41.75],[148.304,-41.744],[148.304,-41.742],[148.302,-41.74],[148.294,-41.696],[148.316,-41.634],[148.32,-41.606],[148.292,-41.556],[148.276,-41.512],[148.278,-41.512],[148.276,-41.504],[148.276,-41.502],[148.272,-41.502],[148.268,-41.462],[148.268,-41.46],[148.268,-41.458],[148.294,-41.37],[148.304,-41.362],[148.308,-41.356],[148.354,-41.286],[148.36,-41.28],[148.358,-41.274],[148.352,-41.274],[148.352,-41.276],[148.35,-41.276],[148.332,-41.278],[148.318,-41.3],[148.312,-41.308],[148.248,-41.328],[148.258,-41.322],[148.258,-41.324],[148.262,-41.322],[148.262,-41.32],[148.266,-41.322],[148.266,-41.32],[148.27,-41.32],[148.272,-41.32],[148.276,-41.316],[148.276,-41.314],[148.278,-41.314],[148.276,-41.312],[148.276,-41.29],[148.282,-41.276],[148.292,-41.304],[148.312,-41.298],[148.316,-41.284],[148.324,-41.28],[148.326,-41.28],[148.33,-41.274],[148.332,-41.268],[148.334,-41.268],[148.336,-41.264],[148.334,-41.262],[148.336,-41.252],[148.334,-41.252],[148.332,-41.25],[148.33,-41.248],[148.33,-41.25],[148.328,-41.25],[148.316,-41.254],[148.314,-41.248],[148.312,-41.248],[148.314,-41.248],[148.312,-41.246],[148.31,-41.248],[148.31,-41.25],[148.308,-41.25],[148.304,-41.252],[148.304,-41.25],[148.302,-41.25],[148.3,-41.25],[148.298,-41.248],[148.294,-41.242],[148.294,-41.24],[148.292,-41.24],[148.292,-41.238],[148.292,-41.236],[148.284,-41.228],[148.284,-41.222],[148.284,-41.21],[148.286,-41.21],[148.276,-41.208],[148.272,-41.18],[148.282,-41.174],[148.282,-41.172],[148.284,-41.168],[148.272,-41.15],[148.27,-41.14],[148.298,-41.062],[148.27,-41.052],[148.25,-41.05],[148.292,-41.032],[148.298,-41.062],[148.316,-41.014],[148.35,-40.994],[148.346,-40.99],[148.324,-40.984],[148.322,-40.984],[148.314,-40.968],[148.312,-40.968],[148.304,-40.958],[148.302,-40.958],[148.302,-40.956],[148.302,-40.942],[148.264,-40.898],[148.26,-40.9],[148.258,-40.904],[148.214,-40.936],[148.088,-40.936],[148.084,-40.952],[148.082,-40.964],[148.08,-40.986],[148.076,-40.996],[148.08,-41.008],[148.076,-41.014],[148.072,-41.032],[148.072,-41.038],[148.078,-41.052]]]}},{"type":"Feature","id":"60410","properties":{"id":"60410","name":"Brighton","regionAbbrev":"AUTAS","ste":"6"},"geometry":{"type":"MultiPolygon","coordinates":[[[[147.188,-42.694],[147.098,-42.718],[147.132,-42.77],[147.142,-42.766],[147.142,-42.764],[147.148,-42.754],[147.15,-42.752],[147.152,-42.752],[147.178,-42.742],[147.184,-42.74],[147.186,-42.74],[147.184,-42.74],[147.184,-42.738],[147.186,-42.736],[147.184,-42.732],[147.194,-42.726],[147.196,-42.726],[147.202,-42.724],[147.202,-42.726],[147.224,-42.738],[147.254,-42.756],[147.256,-42.756],[147.254,-42.75],[147.258,-42.746],[147.266,-42.756],[147.282,-42.78],[147.284,-42.778],[147.294,-42.79],[147.386,-42.684],[147.304,-42.654],[147.202,-42.69],[147.188,-42.694]]],[[[147.196,-42.732],[147.198,-42.734],[147.2,-42.734],[147.198,-42.732],[147.196,-42.732]]],[[[147.19,-42.734],[147.192,-42.734],[147.192,-42.732],[147.19,-42.732],[147.19,-42.734]]]]}},{"type":"Feature","id":"60610","properties":{"id":"60610","name":"Burnie","regionAbbrev":"AUTAS","ste":"6"},"geometry":{"type":"Polygon","coordinates":[[[145.834,-41.062],[145.818,-41.078],[145.82,-41.09],[145.766,-41.142],[145.748,-41.152],[145.738,-41.162],[145.722,-41.174],[145.696,-41.194],[145.644,-41.212],[145.638,-41.356],[145.846,-41.356],[145.846,-41.33],[145.848,-41.326],[145.852,-41.322],[145.87,-41.3],[145.878,-41.288],[145.876,-41.284],[145.878,-41.284],[145.886,-41.278],[145.888,-41.278],[145.892,-41.278],[145.906,-41.26],[145.908,-41.26],[145.918,-41.254],[145.932,-41.252],[145.934,-41.244],[145.962,-41.164],[145.954,-41.122],[145.97,-41.098],[145.976,-41.088],[145.974,-41.086],[145.974,-41.084],[145.974,-41.082],[145.976,-41.08],[145.978,-41.078],[145.98,-41.078],[145.984,-41.076],[145.984,-41.074],[145.972,-41.066],[145.966,-41.066],[145.96,-41.064],[145.956,-41.064],[145.926,-41.066],[145.918,-41.062],[145.914,-41.056],[145.914,-41.052],[145.912,-41.052],[145.91,-41.05],[145.916,-41.05],[145.888,-41.044],[145.884,-41.042],[145.882,-41.042],[145.88,-41.042],[145.84,-41.042],[145.838,-41.044],[145.836,-41.044],[145.836,-41.046],[145.838,-41.046],[145.838,-41.048],[145.832,-41.05],[145.836,-41.052],[145.838,-41.052],[145.836,-41.056],[145.834,-41.062]]]}},{"type":"Feature","id":"60810","properties":{"id":"60810","name":"Central Coast (Tas.)","regionAbbrev":"AUTAS","ste":"6"},"geometry":{"type":"MultiPolygon","coordinates":[[[[145.984,-41.076],[145.98,-41.078],[145.978,-41.078],[145.976,-41.08],[145.974,-41.082],[145.974,-41.084],[145.974,-41.086],[145.976,-41.088],[145.97,-41.098],[145.954,-41.122],[145.962,-41.164],[145.934,-41.244],[145.932,-41.252],[145.918,-41.254],[145.908,-41.26],[145.906,-41.26],[145.892,-41.278],[145.888,-41.278],[145.886,-41.278],[145.878,-41.284],[145.876,-41.284],[145.878,-41.288],[145.87,-41.3],[145.852,-41.322],[145.848,-41.326],[145.846,-41.33],[145.846,-41.356],[145.854,-41.466],[146.088,-41.458],[146.094,-41.41],[146.176,-41.338],[146.186,-41.316],[146.198,-41.29],[146.25,-41.274],[146.256,-41.268],[146.254,-41.254],[146.252,-41.248],[146.242,-41.202],[146.252,-41.194],[146.254,-41.194],[146.272,-41.192],[146.268,-41.154],[146.254,-41.172],[146.252,-41.172],[146.25,-41.172],[146.25,-41.174],[146.25,-41.176],[146.246,-41.176],[146.248,-41.168],[146.25,-41.166],[146.248,-41.166],[146.25,-41.162],[146.204,-41.152],[146.202,-41.152],[146.17,-41.15],[146.162,-41.158],[146.158,-41.16],[146.156,-41.162],[146.146,-41.164],[146.144,-41.166],[146.144,-41.164],[146.144,-41.162],[146.136,-41.162],[146.134,-41.16],[146.128,-41.162],[146.126,-41.162],[146.124,-41.16],[146.122,-41.16],[146.124,-41.16],[146.124,-41.158],[146.122,-41.156],[146.124,-41.156],[146.126,-41.158],[146.128,-41.158],[146.13,-41.158],[146.132,-41.158],[146.132,-41.156],[146.13,-41.156],[146.13,-41.154],[146.132,-41.154],[146.134,-41.156],[146.136,-41.156],[146.144,-41.158],[146.146,-41.158],[146.152,-41.162],[146.154,-41.158],[146.154,-41.154],[146.166,-41.148],[146.166,-41.146],[146.128,-41.126],[146.128,-41.124],[146.126,-41.124],[146.124,-41.124],[146.124,-41.122],[146.118,-41.12],[146.116,-41.12],[146.094,-41.118],[146.028,-41.092],[146.022,-41.092],[146.02,-41.092],[146.004,-41.08],[146.004,-41.078],[146.002,-41.078],[145.992,-41.076],[145.99,-41.076],[145.986,-41.074],[145.984,-41.076]]],[[[146.25,-41.172],[146.252,-41.172],[146.25,-41.17],[146.25,-41.172]]]]}},{"type":"Feature","id":"61010","properties":{"id":"61010","name":"Central Highlands (Tas.)","regionAbbrev":"AUTAS","ste":"6"},"geometry":{"type":"MultiPolygon","coordinates":[[[[146.35,-41.908],[146.05,-41.974],[146,-42.066],[146.098,-42.294],[146.098,-42.338],[146.096,-42.338],[146.098,-42.342],[146.098,-42.354],[146.098,-42.356],[146.1,-42.37],[146.106,-42.394],[146.13,-42.408],[146.134,-42.416],[146.134,-42.424],[146.132,-42.424],[146.114,-42.442],[146.11,-42.45],[146.09,-42.488],[146.516,-42.656],[146.736,-42.682],[146.744,-42.682],[146.808,-42.672],[146.916,-42.692],[147.028,-42.66],[147.012,-42.606],[147.054,-42.574],[147.016,-42.498],[147.07,-42.506],[147.168,-42.452],[147.148,-42.396],[147.184,-42.354],[147.18,-42.352],[147.192,-42.344],[147.194,-42.342],[147.196,-42.342],[147.226,-42.332],[147.224,-42.332],[147.228,-42.33],[147.234,-42.332],[147.238,-42.332],[147.238,-42.326],[147.224,-42.318],[147.216,-42.312],[147.216,-42.31],[147.214,-42.308],[147.214,-42.306],[147.212,-42.304],[147.212,-42.302],[147.21,-42.3],[147.21,-42.292],[147.212,-42.282],[147.186,-42.266],[147.236,-42.244],[147.19,-42.214],[147.272,-42.218],[147.26,-42.164],[147.272,-42.122],[147.164,-41.916],[147.082,-41.94],[146.976,-41.852],[146.906,-41.832],[146.892,-41.822],[146.888,-41.82],[146.872,-41.814],[146.87,-41.816],[146.854,-41.808],[146.82,-41.76],[146.83,-41.76],[146.834,-41.756],[146.848,-41.726],[146.848,-41.724],[146.824,-41.702],[146.818,-41.7],[146.814,-41.706],[146.814,-41.708],[146.806,-41.714],[146.804,-41.718],[146.806,-41.72],[146.804,-41.72],[146.782,-41.726],[146.772,-41.726],[146.77,-41.726],[146.714,-41.73],[146.692,-41.722],[146.65,-41.732],[146.648,-41.738],[146.648,-41.746],[146.63,-41.738],[146.622,-41.746],[146.622,-41.756],[146.616,-41.752],[146.558,-41.738],[146.546,-41.74],[146.544,-41.74],[146.526,-41.742],[146.512,-41.738],[146.506,-41.734],[146.506,-41.732],[146.392,-41.744],[146.354,-41.782],[146.354,-41.784],[146.358,-41.788],[146.356,-41.788],[146.358,-41.79],[146.36,-41.792],[146.364,-41.796],[146.366,-41.798],[146.37,-41.804],[146.374,-41.806],[146.376,-41.808],[146.376,-41.81],[146.376,-41.808],[146.378,-41.808],[146.378,-41.806],[146.382,-41.806],[146.384,-41.808],[146.382,-41.808],[146.382,-41.81],[146.382,-41.812],[146.38,-41.812],[146.38,-41.814],[146.382,-41.814],[146.38,-41.814],[146.378,-41.814],[146.378,-41.816],[146.38,-41.816],[146.38,-41.82],[146.362,-41.878],[146.362,-41.882],[146.362,-41.884],[146.35,-41.906],[146.352,-41.906],[146.35,-41.908]]],[[[146.38,-41.808],[146.378,-41.808],[146.376,-41.81],[146.378,-41.81],[146.378,-41.812],[146.378,-41.81],[146.38,-41.81],[146.38,-41.808]]]]}},{"type":"Feature","id":"61210","properties":{"id":"61210","name":"Circular Head","regionAbbrev":"AUTAS","ste":"6"},"geometry":{"type":"MultiPolygon","coordinates":[[[[144.676,-41.05],[144.666,-41.054],[144.664,-41.054],[144.674,-41.08],[144.678,-41.102],[144.678,-41.104],[144.674,-41.116],[144.67,-41.118],[144.666,-41.12],[144.668,-41.122],[144.67,-41.126],[144.672,-41.132],[144.68,-41.138],[144.68,-41.146],[144.68,-41.148],[144.678,-41.154],[144.678,-41.156],[144.674,-41.158],[144.674,-41.16],[144.674,-41.162],[144.676,-41.164],[144.676,-41.17],[144.678,-41.17],[144.68,-41.172],[144.682,-41.172],[144.68,-41.178],[144.68,-41.176],[144.68,-41.178],[144.68,-41.18],[144.692,-41.188],[144.694,-41.206],[144.686,-41.228],[144.688,-41.244],[144.698,-41.252],[144.706,-41.254],[144.71,-41.27],[144.71,-41.272],[144.716,-41.278],[144.712,-41.282],[144.714,-41.282],[144.716,-41.284],[144.718,-41.284],[144.718,-41.286],[144.722,-41.286],[144.72,-41.288],[144.72,-41.29],[144.72,-41.292],[144.72,-41.294],[144.718,-41.294],[144.718,-41.296],[144.72,-41.298],[144.72,-41.3],[144.722,-41.302],[144.724,-41.302],[144.726,-41.302],[144.724,-41.302],[144.726,-41.304],[144.73,-41.306],[144.734,-41.306],[144.734,-41.308],[144.736,-41.308],[144.738,-41.308],[144.736,-41.318],[144.734,-41.318],[144.736,-41.318],[144.74,-41.324],[144.74,-41.326],[144.742,-41.326],[144.742,-41.328],[144.744,-41.33],[144.746,-41.33],[144.748,-41.332],[144.75,-41.334],[144.75,-41.332],[144.756,-41.336],[144.76,-41.34],[144.766,-41.346],[144.768,-41.348],[144.768,-41.35],[144.78,-41.368],[144.782,-41.396],[144.784,-41.396],[144.782,-41.396],[144.754,-41.412],[144.752,-41.414],[144.746,-41.42],[144.746,-41.422],[144.748,-41.422],[144.75,-41.422],[144.752,-41.424],[144.754,-41.424],[144.756,-41.426],[144.756,-41.424],[144.758,-41.426],[144.76,-41.426],[144.76,-41.428],[144.764,-41.432],[144.762,-41.432],[144.764,-41.432],[144.764,-41.434],[144.782,-41.442],[144.784,-41.444],[144.79,-41.45],[144.79,-41.452],[144.792,-41.456],[144.794,-41.456],[144.794,-41.46],[144.794,-41.462],[144.796,-41.464],[144.798,-41.466],[144.798,-41.468],[144.8,-41.47],[144.802,-41.47],[144.806,-41.474],[144.806,-41.476],[144.812,-41.478],[144.812,-41.482],[144.812,-41.484],[144.814,-41.488],[144.812,-41.488],[144.814,-41.49],[144.816,-41.49],[144.818,-41.492],[144.82,-41.496],[144.822,-41.496],[144.822,-41.498],[144.822,-41.5],[144.824,-41.5],[144.824,-41.502],[144.828,-41.502],[144.828,-41.504],[144.83,-41.504],[144.832,-41.508],[144.852,-41.534],[144.872,-41.564],[144.886,-41.584],[144.886,-41.586],[144.886,-41.588],[144.89,-41.59],[144.89,-41.592],[144.89,-41.594],[144.892,-41.596],[144.89,-41.598],[144.892,-41.598],[144.892,-41.6],[144.892,-41.602],[144.894,-41.604],[144.896,-41.606],[144.898,-41.608],[144.898,-41.612],[144.9,-41.612],[144.9,-41.614],[144.902,-41.616],[144.9,-41.618],[144.902,-41.618],[144.902,-41.62],[144.904,-41.622],[144.904,-41.624],[144.904,-41.626],[144.904,-41.63],[144.906,-41.63],[144.904,-41.632],[144.902,-41.632],[144.902,-41.634],[144.9,-41.636],[144.9,-41.638],[144.9,-41.64],[144.902,-41.64],[144.904,-41.64],[144.906,-41.644],[144.906,-41.646],[144.906,-41.648],[144.906,-41.65],[144.91,-41.652],[144.908,-41.654],[144.91,-41.656],[144.914,-41.66],[144.916,-41.662],[144.918,-41.664],[144.918,-41.666],[144.92,-41.666],[144.922,-41.666],[144.924,-41.664],[144.974,-41.628],[145.014,-41.616],[145.036,-41.616],[145.048,-41.624],[145.058,-41.626],[145.068,-41.636],[145.068,-41.634],[145.116,-41.406],[145.456,-41.094],[145.546,-40.906],[145.536,-40.892],[145.526,-40.89],[145.522,-40.886],[145.522,-40.88],[145.522,-40.876],[145.52,-40.874],[145.52,-40.872],[145.516,-40.87],[145.512,-40.866],[145.514,-40.86],[145.516,-40.858],[145.514,-40.856],[145.512,-40.854],[145.508,-40.852],[145.506,-40.852],[145.502,-40.854],[145.494,-40.862],[145.492,-40.864],[145.488,-40.866],[145.452,-40.872],[145.446,-40.878],[145.446,-40.876],[145.444,-40.876],[145.444,-40.874],[145.446,-40.874],[145.446,-40.87],[145.408,-40.856],[145.406,-40.856],[145.404,-40.856],[145.404,-40.854],[145.4,-40.858],[145.398,-40.858],[145.39,-40.85],[145.374,-40.85],[145.372,-40.85],[145.318,-40.848],[145.308,-40.846],[145.28,-40.794],[145.294,-40.824],[145.284,-40.82],[145.268,-40.8],[145.268,-40.798],[145.272,-40.796],[145.272,-40.792],[145.298,-40.766],[145.302,-40.768],[145.304,-40.768],[145.306,-40.766],[145.308,-40.764],[145.296,-40.75],[145.3,-40.744],[145.298,-40.742],[145.254,-40.726],[145.268,-40.79],[145.22,-40.81],[145.256,-40.79],[145.11,-40.794],[145.138,-40.804],[145.14,-40.804],[145.14,-40.81],[145.166,-40.818],[145.166,-40.82],[145.164,-40.822],[145.162,-40.822],[145.156,-40.82],[145.138,-40.818],[145.138,-40.82],[145.134,-40.818],[145.132,-40.82],[145.126,-40.832],[145.122,-40.838],[145.12,-40.836],[145.12,-40.832],[145.112,-40.832],[145.112,-40.83],[145.114,-40.828],[145.112,-40.828],[145.112,-40.826],[145.114,-40.822],[145.112,-40.822],[145.114,-40.822],[145.104,-40.812],[145.102,-40.812],[145.102,-40.82],[145.1,-40.826],[145.096,-40.822],[145.094,-40.822],[145.092,-40.824],[145.088,-40.824],[145.09,-40.816],[145.09,-40.814],[145.076,-40.808],[145.076,-40.812],[145.072,-40.816],[145.064,-40.806],[145.062,-40.8],[145.062,-40.798],[145.052,-40.79],[145.028,-40.79],[145.018,-40.778],[145.008,-40.778],[145.008,-40.776],[145.016,-40.766],[145.01,-40.77],[145.008,-40.77],[144.986,-40.75],[144.972,-40.746],[144.946,-40.756],[144.934,-40.758],[144.924,-40.766],[144.92,-40.76],[144.862,-40.744],[144.842,-40.746],[144.838,-40.744],[144.812,-40.726],[144.81,-40.726],[144.78,-40.728],[144.768,-40.74],[144.768,-40.738],[144.77,-40.738],[144.728,-40.652],[144.726,-40.642],[144.686,-40.674],[144.688,-40.682],[144.696,-40.692],[144.69,-40.698],[144.69,-40.696],[144.69,-40.7],[144.688,-40.7],[144.684,-40.704],[144.68,-40.71],[144.68,-40.716],[144.682,-40.72],[144.686,-40.734],[144.686,-40.74],[144.692,-40.754],[144.708,-40.776],[144.7,-40.78],[144.698,-40.782],[144.698,-40.784],[144.7,-40.784],[144.704,-40.788],[144.704,-40.79],[144.704,-40.792],[144.706,-40.794],[144.706,-40.792],[144.706,-40.794],[144.704,-40.798],[144.704,-40.796],[144.702,-40.798],[144.702,-40.8],[144.7,-40.8],[144.702,-40.8],[144.702,-40.802],[144.7,-40.802],[144.702,-40.802],[144.698,-40.806],[144.7,-40.806],[144.698,-40.808],[144.698,-40.81],[144.704,-40.828],[144.708,-40.83],[144.708,-40.832],[144.69,-40.902],[144.652,-40.9],[144.65,-40.9],[144.652,-40.902],[144.652,-40.904],[144.654,-40.904],[144.654,-40.906],[144.652,-40.914],[144.652,-40.916],[144.65,-40.916],[144.65,-40.918],[144.648,-40.92],[144.64,-40.918],[144.638,-40.92],[144.634,-40.92],[144.634,-40.922],[144.632,-40.922],[144.632,-40.924],[144.63,-40.924],[144.628,-40.928],[144.63,-40.93],[144.628,-40.932],[144.626,-40.932],[144.622,-40.932],[144.614,-40.936],[144.614,-40.938],[144.614,-40.942],[144.622,-40.95],[144.624,-40.95],[144.628,-40.95],[144.628,-40.952],[144.63,-40.954],[144.632,-40.958],[144.634,-40.966],[144.632,-40.976],[144.632,-40.984],[144.632,-41],[144.626,-41.002],[144.626,-41.004],[144.62,-41.006],[144.614,-41.008],[144.61,-41.008],[144.61,-41.01],[144.612,-41.012],[144.614,-41.014],[144.618,-41.018],[144.616,-41.018],[144.618,-41.02],[144.62,-41.022],[144.622,-41.022],[144.626,-41.024],[144.626,-41.026],[144.63,-41.03],[144.634,-41.036],[144.632,-41.036],[144.636,-41.04],[144.638,-41.04],[144.64,-41.042],[144.64,-41.044],[144.638,-41.044],[144.64,-41.044],[144.646,-41.046],[144.65,-41.046],[144.666,-41.05],[144.676,-41.05]]],[[[144.74,-41.324],[144.738,-41.324],[144.738,-41.326],[144.74,-41.326],[144.74,-41.324]]],[[[144.688,-41.244],[144.686,-41.244],[144.688,-41.246],[144.688,-41.244]]],[[[144.686,-40.566],[144.688,-40.566],[144.686,-40.56],[144.68,-40.562],[144.68,-40.564],[144.686,-40.566]]],[[[144.652,-40.38],[144.654,-40.382],[144.654,-40.38],[144.652,-40.38]]],[[[144.654,-40.378],[144.654,-40.38],[144.656,-40.376],[144.658,-40.376],[144.658,-40.374],[144.658,-40.372],[144.656,-40.372],[144.654,-40.372],[144.654,-40.374],[144.656,-40.376],[144.654,-40.376],[144.654,-40.378]]],[[[144.884,-40.396],[144.884,-40.398],[144.88,-40.4],[144.876,-40.4],[144.876,-40.402],[144.886,-40.408],[144.884,-40.41],[144.884,-40.412],[144.842,-40.43],[144.838,-40.438],[144.836,-40.444],[144.888,-40.48],[144.904,-40.482],[144.918,-40.476],[144.92,-40.474],[144.918,-40.474],[144.924,-40.474],[144.924,-40.472],[144.926,-40.472],[144.928,-40.47],[144.94,-40.464],[144.952,-40.46],[144.952,-40.456],[144.954,-40.436],[144.956,-40.436],[144.96,-40.43],[144.966,-40.43],[144.966,-40.428],[144.968,-40.426],[144.97,-40.424],[144.966,-40.42],[144.964,-40.42],[144.962,-40.418],[144.962,-40.416],[144.96,-40.416],[144.958,-40.408],[144.962,-40.404],[144.96,-40.404],[144.96,-40.402],[144.962,-40.402],[144.962,-40.4],[144.96,-40.398],[144.958,-40.398],[144.956,-40.392],[144.952,-40.392],[144.936,-40.394],[144.934,-40.394],[144.932,-40.394],[144.926,-40.392],[144.924,-40.392],[144.922,-40.394],[144.904,-40.392],[144.898,-40.392],[144.892,-40.388],[144.884,-40.39],[144.884,-40.392],[144.88,-40.392],[144.882,-40.394],[144.882,-40.396],[144.884,-40.398],[144.884,-40.396]]],[[[144.686,-40.626],[144.686,-40.634],[144.69,-40.628],[144.686,-40.626]]],[[[144.94,-40.56],[144.942,-40.56],[144.942,-40.558],[144.94,-40.56]]],[[[144.712,-40.49],[144.712,-40.492],[144.716,-40.496],[144.718,-40.498],[144.71,-40.506],[144.71,-40.508],[144.716,-40.512],[144.722,-40.522],[144.722,-40.524],[144.72,-40.524],[144.724,-40.526],[144.726,-40.53],[144.724,-40.532],[144.73,-40.542],[144.73,-40.546],[144.732,-40.552],[144.726,-40.572],[144.726,-40.574],[144.73,-40.576],[144.732,-40.58],[144.732,-40.582],[144.734,-40.584],[144.736,-40.592],[144.76,-40.604],[144.78,-40.528],[144.786,-40.52],[144.788,-40.514],[144.79,-40.508],[144.79,-40.506],[144.79,-40.494],[144.794,-40.492],[144.792,-40.492],[144.792,-40.478],[144.792,-40.462],[144.79,-40.462],[144.792,-40.458],[144.79,-40.454],[144.79,-40.452],[144.79,-40.436],[144.788,-40.426],[144.79,-40.426],[144.79,-40.424],[144.792,-40.424],[144.792,-40.418],[144.794,-40.418],[144.792,-40.418],[144.794,-40.418],[144.792,-40.412],[144.79,-40.408],[144.79,-40.404],[144.788,-40.4],[144.786,-40.4],[144.784,-40.4],[144.784,-40.402],[144.784,-40.404],[144.784,-40.406],[144.786,-40.412],[144.784,-40.418],[144.782,-40.422],[144.78,-40.422],[144.778,-40.422],[144.778,-40.424],[144.776,-40.424],[144.776,-40.426],[144.774,-40.43],[144.774,-40.432],[144.772,-40.432],[144.772,-40.436],[144.77,-40.438],[144.768,-40.442],[144.766,-40.444],[144.768,-40.444],[144.768,-40.446],[144.766,-40.446],[144.766,-40.452],[144.768,-40.456],[144.77,-40.458],[144.772,-40.458],[144.768,-40.468],[144.766,-40.472],[144.764,-40.474],[144.764,-40.476],[144.762,-40.476],[144.76,-40.478],[144.742,-40.488],[144.74,-40.488],[144.73,-40.488],[144.728,-40.486],[144.724,-40.48],[144.726,-40.48],[144.724,-40.478],[144.724,-40.48],[144.712,-40.486],[144.712,-40.488],[144.712,-40.49]]],[[[144.738,-40.618],[144.74,-40.62],[144.74,-40.618],[144.738,-40.618]]],[[[144.87,-40.724],[144.876,-40.728],[144.906,-40.74],[144.908,-40.738],[144.964,-40.714],[144.966,-40.714],[144.966,-40.712],[144.974,-40.708],[144.976,-40.708],[145.03,-40.706],[145.032,-40.706],[145.034,-40.708],[145.038,-40.708],[145.05,-40.712],[145.044,-40.716],[145.066,-40.714],[145.068,-40.714],[145.068,-40.712],[145.046,-40.686],[144.954,-40.628],[144.966,-40.658],[144.964,-40.658],[144.962,-40.658],[144.948,-40.65],[144.93,-40.626],[144.93,-40.622],[144.924,-40.624],[144.92,-40.624],[144.914,-40.644],[144.874,-40.684],[144.874,-40.69],[144.876,-40.712],[144.87,-40.724]]],[[[144.866,-40.724],[144.864,-40.726],[144.866,-40.726],[144.868,-40.726],[144.866,-40.726],[144.866,-40.724]]],[[[144.926,-40.578],[144.924,-40.6],[144.924,-40.602],[144.922,-40.602],[144.94,-40.628],[144.936,-40.592],[144.938,-40.592],[144.938,-40.59],[144.934,-40.584],[144.93,-40.58],[144.928,-40.578],[144.926,-40.578]]],[[[144.718,-40.604],[144.724,-40.602],[144.722,-40.602],[144.722,-40.6],[144.72,-40.6],[144.72,-40.598],[144.718,-40.602],[144.718,-40.604]]],[[[144.774,-40.61],[144.776,-40.61],[144.78,-40.606],[144.78,-40.604],[144.78,-40.602],[144.774,-40.61]]]]}},{"type":"Feature","id":"61410","properties":{"id":"61410","name":"Clarence","regionAbbrev":"AUTAS","ste":"6"},"geometry":{"type":"MultiPolygon","coordinates":[[[[147.294,-42.79],[147.312,-42.816],[147.324,-42.826],[147.326,-42.83],[147.334,-42.834],[147.346,-42.836],[147.354,-42.85],[147.358,-42.848],[147.352,-42.86],[147.35,-42.86],[147.352,-42.862],[147.354,-42.868],[147.358,-42.874],[147.37,-42.872],[147.368,-42.872],[147.404,-42.89],[147.406,-42.89],[147.412,-42.916],[147.41,-42.918],[147.412,-42.938],[147.484,-42.912],[147.486,-42.912],[147.486,-42.914],[147.486,-42.924],[147.476,-42.918],[147.474,-42.918],[147.446,-42.976],[147.474,-42.99],[147.472,-43.006],[147.452,-43.032],[147.426,-43.016],[147.428,-43.016],[147.41,-42.966],[147.396,-42.978],[147.416,-43.046],[147.416,-43.048],[147.42,-43.048],[147.422,-43.046],[147.482,-43.03],[147.484,-43.03],[147.484,-43.028],[147.516,-43.02],[147.522,-43.016],[147.524,-43.014],[147.526,-43.012],[147.528,-43],[147.524,-42.998],[147.524,-42.996],[147.524,-42.994],[147.55,-42.988],[147.552,-42.988],[147.554,-42.984],[147.55,-42.982],[147.55,-42.98],[147.55,-42.978],[147.552,-42.974],[147.55,-42.974],[147.54,-42.96],[147.526,-42.986],[147.514,-42.954],[147.516,-42.952],[147.536,-42.96],[147.536,-42.95],[147.504,-42.864],[147.562,-42.838],[147.614,-42.844],[147.518,-42.826],[147.518,-42.824],[147.514,-42.814],[147.514,-42.812],[147.514,-42.81],[147.508,-42.814],[147.508,-42.812],[147.502,-42.818],[147.476,-42.818],[147.474,-42.818],[147.476,-42.818],[147.476,-42.816],[147.49,-42.814],[147.484,-42.81],[147.482,-42.81],[147.482,-42.812],[147.48,-42.812],[147.456,-42.802],[147.454,-42.802],[147.454,-42.8],[147.446,-42.796],[147.446,-42.794],[147.438,-42.78],[147.438,-42.778],[147.456,-42.774],[147.456,-42.776],[147.458,-42.776],[147.458,-42.774],[147.45,-42.77],[147.446,-42.758],[147.448,-42.756],[147.452,-42.764],[147.458,-42.766],[147.466,-42.768],[147.468,-42.768],[147.468,-42.77],[147.47,-42.772],[147.48,-42.706],[147.524,-42.7],[147.386,-42.684],[147.294,-42.79]]],[[[147.49,-43.058],[147.476,-43.05],[147.48,-43.056],[147.488,-43.064],[147.492,-43.062],[147.49,-43.058]]]]}},{"type":"Feature","id":"61510","properties":{"id":"61510","name":"Derwent Valley","regionAbbrev":"AUTAS","ste":"6"},"geometry":{"type":"Polygon","coordinates":[[[147.098,-42.718],[147.092,-42.712],[147.028,-42.66],[146.916,-42.692],[146.808,-42.672],[146.744,-42.682],[146.736,-42.682],[146.516,-42.656],[146.09,-42.488],[145.902,-42.692],[145.834,-42.718],[145.95,-42.906],[145.96,-42.948],[145.962,-42.948],[145.962,-42.95],[145.964,-42.95],[145.966,-42.952],[145.978,-43.038],[146.222,-43.118],[146.46,-43.086],[146.648,-42.922],[146.654,-42.878],[146.66,-42.846],[146.726,-42.858],[146.846,-42.906],[146.874,-42.954],[146.942,-42.926],[146.938,-42.886],[147.002,-42.888],[147.15,-42.912],[147.136,-42.844],[147.208,-42.772],[147.228,-42.75],[147.216,-42.746],[147.19,-42.742],[147.154,-42.752],[147.14,-42.77],[147.112,-42.776],[147.132,-42.77],[147.098,-42.718]]]}},{"type":"Feature","id":"61610","properties":{"id":"61610","name":"Devonport","regionAbbrev":"AUTAS","ste":"6"},"geometry":{"type":"MultiPolygon","coordinates":[[[[146.256,-41.268],[146.322,-41.27],[146.32,-41.26],[146.348,-41.242],[146.352,-41.236],[146.354,-41.224],[146.366,-41.222],[146.366,-41.22],[146.366,-41.214],[146.366,-41.212],[146.368,-41.212],[146.366,-41.212],[146.364,-41.208],[146.352,-41.214],[146.35,-41.214],[146.35,-41.212],[146.35,-41.21],[146.356,-41.206],[146.356,-41.2],[146.358,-41.2],[146.362,-41.198],[146.368,-41.192],[146.368,-41.19],[146.366,-41.19],[146.366,-41.166],[146.356,-41.158],[146.354,-41.16],[146.352,-41.16],[146.35,-41.162],[146.35,-41.16],[146.332,-41.162],[146.332,-41.16],[146.334,-41.16],[146.332,-41.158],[146.332,-41.156],[146.322,-41.154],[146.32,-41.154],[146.32,-41.156],[146.312,-41.156],[146.31,-41.158],[146.27,-41.154],[146.268,-41.154],[146.272,-41.192],[146.254,-41.194],[146.252,-41.194],[146.242,-41.202],[146.252,-41.248],[146.254,-41.254],[146.256,-41.268]]],[[[146.36,-41.206],[146.362,-41.208],[146.362,-41.206],[146.36,-41.206]]],[[[146.37,-41.172],[146.368,-41.182],[146.37,-41.192],[146.376,-41.21],[146.408,-41.17],[146.404,-41.17],[146.404,-41.172],[146.404,-41.17],[146.402,-41.172],[146.376,-41.17],[146.374,-41.17],[146.37,-41.172]]]]}},{"type":"Feature","id":"61810","properties":{"id":"61810","name":"Dorset","regionAbbrev":"AUTAS","ste":"6"},"geometry":{"type":"MultiPolygon","coordinates":[[[[148.264,-40.898],[148.256,-40.89],[148.18,-40.82],[148.174,-40.838],[148.154,-40.838],[148.134,-40.83],[148.144,-40.832],[148.038,-40.762],[148.038,-40.76],[148.034,-40.754],[148.03,-40.75],[148.012,-40.746],[147.976,-40.738],[147.968,-40.742],[147.954,-40.746],[147.95,-40.744],[147.944,-40.742],[147.94,-40.742],[147.958,-40.762],[147.944,-40.782],[147.946,-40.782],[147.888,-40.866],[147.89,-40.878],[147.878,-40.878],[147.88,-40.872],[147.882,-40.872],[147.88,-40.87],[147.882,-40.87],[147.884,-40.868],[147.838,-40.886],[147.784,-40.88],[147.78,-40.878],[147.778,-40.878],[147.772,-40.872],[147.77,-40.872],[147.768,-40.87],[147.756,-40.866],[147.756,-40.864],[147.758,-40.864],[147.758,-40.862],[147.758,-40.858],[147.74,-40.858],[147.686,-40.836],[147.672,-40.822],[147.596,-40.85],[147.596,-40.86],[147.592,-40.864],[147.584,-40.864],[147.586,-40.864],[147.578,-40.892],[147.576,-40.892],[147.576,-40.894],[147.574,-40.894],[147.49,-40.98],[147.406,-41.006],[147.4,-41.004],[147.398,-41.002],[147.39,-40.994],[147.39,-40.99],[147.392,-40.986],[147.39,-40.984],[147.384,-40.98],[147.36,-40.976],[147.36,-40.974],[147.358,-40.97],[147.352,-40.948],[147.258,-40.952],[147.256,-40.952],[147.234,-40.98],[147.228,-40.986],[147.224,-40.988],[147.204,-40.998],[147.206,-41],[147.204,-41],[147.204,-41.002],[147.202,-41.004],[147.2,-41.006],[147.202,-41.008],[147.204,-41.008],[147.232,-41.034],[147.232,-41.04],[147.232,-41.042],[147.248,-41.09],[147.29,-41.278],[147.388,-41.254],[147.592,-41.38],[147.834,-41.372],[147.89,-41.164],[148.082,-41.132],[148.078,-41.052],[148.072,-41.038],[148.072,-41.032],[148.076,-41.014],[148.08,-41.008],[148.076,-40.996],[148.08,-40.986],[148.082,-40.964],[148.084,-40.952],[148.088,-40.936],[148.214,-40.936],[148.258,-40.904],[148.26,-40.9],[148.264,-40.898]]],[[[147.202,-40.998],[147.2,-41],[147.202,-41],[147.202,-40.998]]],[[[147.64,-40.784],[147.63,-40.796],[147.628,-40.798],[147.626,-40.802],[147.624,-40.804],[147.62,-40.814],[147.638,-40.802],[147.644,-40.79],[147.64,-40.782],[147.64,-40.784]]],[[[148.092,-40.74],[148.11,-40.742],[148.11,-40.74],[148.112,-40.74],[148.118,-40.738],[148.126,-40.734],[148.128,-40.734],[148.128,-40.73],[148.126,-40.728],[148.092,-40.74]]],[[[147.972,-40.722],[147.972,-40.724],[147.976,-40.722],[147.974,-40.722],[147.972,-40.722]]],[[[147.954,-40.742],[147.954,-40.744],[147.956,-40.744],[147.954,-40.742]]]]}},{"type":"Feature","id":"62010","properties":{"id":"62010","name":"Flinders (Tas.)","regionAbbrev":"AUTAS","ste":"6"},"geometry":{"type":"MultiPolygon","coordinates":[[[[147.77,-39.866],[147.766,-39.866],[147.762,-39.868],[147.754,-39.872],[147.752,-39.872],[147.75,-39.874],[147.754,-39.878],[147.754,-39.882],[147.756,-39.884],[147.758,-39.884],[147.758,-39.888],[147.758,-39.89],[147.77,-39.892],[147.772,-39.892],[147.772,-39.894],[147.778,-39.896],[147.788,-39.9],[147.802,-39.91],[147.806,-39.916],[147.81,-39.916],[147.816,-39.91],[147.824,-39.908],[147.832,-39.904],[147.834,-39.902],[147.842,-39.902],[147.842,-39.9],[147.844,-39.9],[147.858,-39.898],[147.86,-39.898],[147.876,-39.908],[147.902,-39.994],[147.898,-39.994],[147.892,-40],[147.888,-40],[147.886,-40],[147.886,-40.002],[147.886,-40.004],[147.886,-40.006],[147.876,-40.012],[147.874,-40.012],[147.872,-40.008],[147.87,-40.008],[147.87,-40.01],[147.868,-40.012],[147.866,-40.012],[147.866,-40.014],[147.864,-40.018],[147.86,-40.018],[147.858,-40.02],[147.86,-40.02],[147.86,-40.022],[147.862,-40.022],[147.896,-40.036],[147.9,-40.036],[147.904,-40.034],[147.964,-40.084],[147.972,-40.086],[148,-40.104],[148.014,-40.122],[148.018,-40.136],[148.038,-40.214],[148.026,-40.212],[148.024,-40.212],[148.026,-40.212],[148.024,-40.212],[148.024,-40.22],[148.026,-40.224],[148.026,-40.226],[148.028,-40.23],[148.03,-40.23],[148.032,-40.23],[148.044,-40.238],[148.042,-40.238],[148.042,-40.24],[148.044,-40.246],[148.056,-40.248],[148.06,-40.248],[148.064,-40.252],[148.068,-40.258],[148.078,-40.26],[148.08,-40.26],[148.088,-40.264],[148.092,-40.268],[148.094,-40.262],[148.096,-40.262],[148.098,-40.262],[148.114,-40.272],[148.116,-40.272],[148.12,-40.272],[148.122,-40.272],[148.152,-40.262],[148.156,-40.264],[148.188,-40.246],[148.192,-40.224],[148.192,-40.222],[148.196,-40.22],[148.196,-40.218],[148.208,-40.212],[148.238,-40.212],[148.27,-40.216],[148.274,-40.23],[148.334,-40.21],[148.282,-40.08],[148.282,-40.082],[148.282,-40.09],[148.282,-40.092],[148.26,-40.12],[148.258,-40.12],[148.258,-40.122],[148.256,-40.122],[148.232,-40.126],[148.242,-40.1],[148.244,-40.1],[148.248,-40.1],[148.248,-40.098],[148.25,-40.098],[148.268,-40.09],[148.27,-40.09],[148.272,-40.088],[148.292,-39.964],[148.248,-39.962],[148.246,-39.962],[148.206,-39.946],[148.18,-39.948],[148.178,-39.948],[148.178,-39.946],[148.178,-39.942],[148.124,-39.898],[148.114,-39.896],[148.112,-39.896],[148.114,-39.896],[148.122,-39.896],[147.964,-39.734],[147.962,-39.732],[147.962,-39.734],[147.964,-39.74],[147.962,-39.74],[147.962,-39.742],[147.972,-39.752],[147.99,-39.778],[147.98,-39.77],[147.98,-39.768],[147.97,-39.76],[147.968,-39.758],[147.968,-39.764],[147.962,-39.76],[147.96,-39.728],[147.95,-39.722],[147.942,-39.72],[147.938,-39.722],[147.94,-39.724],[147.936,-39.726],[147.936,-39.728],[147.934,-39.732],[147.934,-39.734],[147.932,-39.734],[147.922,-39.74],[147.914,-39.746],[147.906,-39.746],[147.906,-39.748],[147.904,-39.748],[147.898,-39.75],[147.872,-39.756],[147.872,-39.754],[147.87,-39.752],[147.864,-39.748],[147.862,-39.748],[147.858,-39.75],[147.856,-39.75],[147.854,-39.75],[147.852,-39.75],[147.85,-39.75],[147.848,-39.75],[147.85,-39.75],[147.848,-39.752],[147.848,-39.754],[147.85,-39.756],[147.85,-39.758],[147.86,-39.766],[147.87,-39.776],[147.868,-39.782],[147.856,-39.8],[147.854,-39.8],[147.852,-39.8],[147.852,-39.802],[147.85,-39.802],[147.842,-39.81],[147.848,-39.816],[147.85,-39.818],[147.85,-39.82],[147.842,-39.836],[147.83,-39.832],[147.83,-39.834],[147.828,-39.834],[147.828,-39.832],[147.806,-39.836],[147.804,-39.836],[147.802,-39.836],[147.802,-39.838],[147.804,-39.838],[147.8,-39.842],[147.8,-39.844],[147.79,-39.85],[147.786,-39.85],[147.782,-39.848],[147.78,-39.85],[147.778,-39.85],[147.776,-39.85],[147.774,-39.854],[147.772,-39.854],[147.774,-39.856],[147.774,-39.858],[147.772,-39.864],[147.77,-39.864],[147.77,-39.866]]],[[[148.316,-40.508],[148.308,-40.514],[148.306,-40.516],[148.314,-40.52],[148.316,-40.52],[148.314,-40.52],[148.314,-40.514],[148.316,-40.51],[148.316,-40.508]]],[[[148.344,-40.498],[148.334,-40.502],[148.336,-40.504],[148.334,-40.504],[148.336,-40.504],[148.336,-40.506],[148.338,-40.506],[148.342,-40.514],[148.34,-40.514],[148.34,-40.516],[148.342,-40.516],[148.344,-40.516],[148.346,-40.52],[148.348,-40.522],[148.348,-40.52],[148.348,-40.506],[148.346,-40.502],[148.346,-40.5],[148.344,-40.5],[148.344,-40.498]]],[[[147.912,-40.178],[147.896,-40.182],[147.892,-40.188],[147.892,-40.19],[147.896,-40.194],[147.912,-40.178]]],[[[147.972,-40.178],[147.976,-40.174],[147.972,-40.176],[147.972,-40.178]]],[[[147.892,-39.684],[147.89,-39.692],[147.89,-39.694],[147.89,-39.696],[147.902,-39.704],[147.904,-39.704],[147.908,-39.702],[147.922,-39.702],[147.934,-39.704],[147.936,-39.702],[147.938,-39.702],[147.94,-39.7],[147.944,-39.702],[147.946,-39.698],[147.946,-39.696],[147.922,-39.686],[147.904,-39.686],[147.902,-39.682],[147.9,-39.682],[147.894,-39.684],[147.892,-39.684]]],[[[147.978,-39.642],[147.966,-39.662],[148.01,-39.65],[148.012,-39.65],[147.978,-39.642]]],[[[147.778,-40.032],[147.772,-40.024],[147.766,-40.028],[147.762,-40.046],[147.758,-40.052],[147.75,-40.064],[147.748,-40.068],[147.748,-40.072],[147.746,-40.08],[147.734,-40.088],[147.762,-40.082],[147.782,-40.036],[147.778,-40.032]]],[[[147.126,-39.522],[147.13,-39.522],[147.13,-39.52],[147.128,-39.518],[147.128,-39.52],[147.126,-39.52],[147.126,-39.522]]],[[[146.652,-39.464],[146.642,-39.48],[146.65,-39.472],[146.648,-39.472],[146.658,-39.464],[146.654,-39.462],[146.652,-39.462],[146.652,-39.464]]],[[[146.984,-39.21],[146.984,-39.216],[146.98,-39.222],[146.978,-39.228],[146.98,-39.228],[146.98,-39.23],[146.992,-39.214],[146.988,-39.208],[146.984,-39.208],[146.984,-39.21]]],[[[148.11,-40.548],[148.112,-40.55],[148.112,-40.548],[148.11,-40.548]]],[[[147.888,-40.096],[147.888,-40.094],[147.886,-40.094],[147.886,-40.096],[147.888,-40.096]]],[[[147.8,-40.294],[147.792,-40.294],[147.788,-40.3],[147.796,-40.308],[147.798,-40.31],[147.8,-40.306],[147.8,-40.304],[147.798,-40.3],[147.798,-40.298],[147.8,-40.294]]],[[[147.914,-40.278],[147.93,-40.28],[147.938,-40.27],[147.92,-40.266],[147.918,-40.266],[147.918,-40.272],[147.914,-40.278]]],[[[148.33,-39.932],[148.324,-39.958],[148.326,-39.958],[148.342,-39.958],[148.344,-39.956],[148.346,-39.956],[148.344,-39.946],[148.34,-39.94],[148.338,-39.94],[148.338,-39.938],[148.332,-39.934],[148.33,-39.932]]],[[[147.77,-39.838],[147.768,-39.838],[147.768,-39.84],[147.77,-39.84],[147.77,-39.838],[147.772,-39.838],[147.77,-39.838]]],[[[147.84,-40.296],[147.838,-40.3],[147.838,-40.302],[147.846,-40.304],[147.852,-40.322],[147.854,-40.322],[147.872,-40.324],[147.878,-40.324],[147.908,-40.296],[147.908,-40.294],[147.904,-40.292],[147.888,-40.304],[147.854,-40.296],[147.844,-40.294],[147.84,-40.292],[147.84,-40.296]]],[[[148.108,-40.312],[148.11,-40.298],[148.102,-40.31],[148.108,-40.312]]],[[[147.784,-39.922],[147.78,-39.92],[147.78,-39.918],[147.778,-39.918],[147.778,-39.92],[147.778,-39.922],[147.776,-39.922],[147.78,-39.924],[147.784,-39.922]]],[[[147.318,-39.496],[147.32,-39.498],[147.318,-39.498],[147.328,-39.504],[147.33,-39.496],[147.35,-39.488],[147.356,-39.482],[147.362,-39.464],[147.36,-39.464],[147.352,-39.458],[147.346,-39.46],[147.34,-39.45],[147.336,-39.45],[147.336,-39.452],[147.324,-39.454],[147.306,-39.48],[147.308,-39.482],[147.318,-39.494],[147.318,-39.496]]],[[[147.308,-39.482],[147.306,-39.482],[147.306,-39.484],[147.308,-39.482]]],[[[147.292,-39.462],[147.27,-39.472],[147.266,-39.476],[147.288,-39.478],[147.29,-39.478],[147.29,-39.476],[147.3,-39.46],[147.306,-39.452],[147.304,-39.452],[147.3,-39.438],[147.292,-39.44],[147.292,-39.438],[147.276,-39.442],[147.276,-39.444],[147.28,-39.448],[147.288,-39.454],[147.294,-39.462],[147.292,-39.462]]],[[[148.116,-40.51],[148.116,-40.514],[148.112,-40.516],[148.108,-40.518],[148.106,-40.518],[148.104,-40.524],[148.102,-40.524],[148.102,-40.526],[148.1,-40.526],[148.098,-40.528],[148.096,-40.53],[148.098,-40.53],[148.098,-40.532],[148.098,-40.536],[148.1,-40.536],[148.102,-40.536],[148.104,-40.536],[148.106,-40.536],[148.108,-40.536],[148.11,-40.534],[148.11,-40.536],[148.122,-40.538],[148.12,-40.546],[148.12,-40.548],[148.118,-40.55],[148.118,-40.552],[148.116,-40.552],[148.116,-40.554],[148.116,-40.556],[148.116,-40.558],[148.118,-40.558],[148.118,-40.56],[148.116,-40.56],[148.114,-40.564],[148.116,-40.564],[148.118,-40.564],[148.122,-40.568],[148.124,-40.568],[148.126,-40.57],[148.124,-40.57],[148.128,-40.572],[148.13,-40.57],[148.13,-40.568],[148.138,-40.566],[148.14,-40.568],[148.142,-40.568],[148.144,-40.566],[148.146,-40.566],[148.15,-40.566],[148.152,-40.568],[148.154,-40.57],[148.156,-40.57],[148.156,-40.572],[148.156,-40.574],[148.164,-40.578],[148.168,-40.58],[148.17,-40.582],[148.172,-40.584],[148.178,-40.592],[148.18,-40.594],[148.18,-40.592],[148.198,-40.588],[148.198,-40.59],[148.2,-40.59],[148.2,-40.588],[148.2,-40.584],[148.218,-40.55],[148.218,-40.548],[148.222,-40.546],[148.226,-40.544],[148.23,-40.528],[148.23,-40.52],[148.232,-40.52],[148.232,-40.516],[148.246,-40.478],[148.224,-40.49],[148.188,-40.49],[148.186,-40.49],[148.182,-40.492],[148.18,-40.492],[148.18,-40.494],[148.148,-40.5],[148.144,-40.5],[148.142,-40.5],[148.13,-40.502],[148.13,-40.504],[148.128,-40.506],[148.126,-40.51],[148.122,-40.51],[148.12,-40.51],[148.118,-40.508],[148.116,-40.508],[148.116,-40.51]]],[[[148.024,-40.35],[148.02,-40.352],[148.016,-40.352],[148.014,-40.352],[148.01,-40.35],[148.004,-40.352],[148.002,-40.354],[148,-40.356],[147.994,-40.362],[147.988,-40.362],[147.982,-40.364],[147.982,-40.366],[147.982,-40.368],[147.996,-40.368],[148.024,-40.352],[148.024,-40.35]]],[[[148.064,-40.482],[148.07,-40.48],[148.072,-40.48],[148.074,-40.482],[148.074,-40.484],[148.076,-40.484],[148.074,-40.488],[148.076,-40.488],[148.082,-40.488],[148.058,-40.468],[148.058,-40.47],[148.054,-40.47],[148.05,-40.472],[148.05,-40.474],[148.05,-40.476],[148.06,-40.478],[148.062,-40.48],[148.062,-40.478],[148.062,-40.48],[148.062,-40.482],[148.064,-40.482]]],[[[148.02,-40.484],[148.022,-40.484],[148.02,-40.482],[148.02,-40.484]]],[[[148.248,-40.254],[148.258,-40.256],[148.268,-40.252],[148.264,-40.246],[148.24,-40.24],[148.234,-40.254],[148.236,-40.25],[148.248,-40.254]]],[[[148.246,-40.228],[148.26,-40.226],[148.248,-40.222],[148.248,-40.224],[148.246,-40.224],[148.246,-40.228]]],[[[148.202,-40.25],[148.202,-40.252],[148.204,-40.256],[148.206,-40.258],[148.212,-40.248],[148.202,-40.25]]],[[[148.022,-40.416],[148.024,-40.416],[148.032,-40.424],[148.034,-40.424],[148.032,-40.426],[148.026,-40.426],[148.026,-40.428],[148.024,-40.43],[148.026,-40.43],[148.044,-40.438],[148.044,-40.44],[148.044,-40.444],[148.048,-40.448],[148.052,-40.448],[148.056,-40.45],[148.062,-40.452],[148.116,-40.446],[148.142,-40.456],[148.14,-40.46],[148.146,-40.458],[148.148,-40.456],[148.15,-40.456],[148.146,-40.45],[148.146,-40.448],[148.166,-40.45],[148.166,-40.448],[148.17,-40.446],[148.172,-40.446],[148.196,-40.436],[148.206,-40.442],[148.216,-40.454],[148.218,-40.454],[148.218,-40.458],[148.222,-40.464],[148.224,-40.464],[148.23,-40.464],[148.236,-40.46],[148.238,-40.46],[148.256,-40.448],[148.274,-40.43],[148.274,-40.428],[148.276,-40.43],[148.302,-40.43],[148.312,-40.428],[148.314,-40.428],[148.316,-40.43],[148.326,-40.446],[148.328,-40.448],[148.33,-40.456],[148.334,-40.46],[148.352,-40.49],[148.384,-40.478],[148.388,-40.482],[148.388,-40.486],[148.39,-40.486],[148.39,-40.488],[148.394,-40.486],[148.396,-40.488],[148.4,-40.486],[148.4,-40.484],[148.402,-40.482],[148.402,-40.48],[148.428,-40.466],[148.43,-40.466],[148.432,-40.462],[148.434,-40.458],[148.436,-40.458],[148.436,-40.456],[148.436,-40.454],[148.436,-40.452],[148.432,-40.45],[148.434,-40.444],[148.436,-40.442],[148.462,-40.44],[148.464,-40.44],[148.466,-40.44],[148.474,-40.442],[148.476,-40.44],[148.478,-40.438],[148.458,-40.416],[148.458,-40.414],[148.46,-40.414],[148.458,-40.412],[148.456,-40.408],[148.45,-40.406],[148.43,-40.372],[148.408,-40.378],[148.408,-40.372],[148.382,-40.346],[148.364,-40.328],[148.33,-40.302],[148.328,-40.302],[148.326,-40.302],[148.324,-40.304],[148.316,-40.31],[148.292,-40.318],[148.29,-40.318],[148.268,-40.336],[148.25,-40.332],[148.21,-40.318],[148.192,-40.352],[148.192,-40.35],[148.164,-40.346],[148.162,-40.346],[148.164,-40.346],[148.162,-40.344],[148.144,-40.336],[148.142,-40.336],[148.134,-40.338],[148.104,-40.34],[148.104,-40.342],[148.07,-40.348],[148.07,-40.35],[148.068,-40.352],[148.048,-40.356],[148.034,-40.362],[148.024,-40.368],[148.024,-40.366],[148.004,-40.376],[147.996,-40.38],[147.996,-40.382],[147.988,-40.386],[147.988,-40.388],[147.986,-40.388],[147.988,-40.4],[147.986,-40.4],[147.986,-40.402],[147.99,-40.408],[147.99,-40.41],[147.99,-40.42],[147.992,-40.42],[147.992,-40.422],[147.998,-40.422],[148.012,-40.414],[148.014,-40.414],[148.022,-40.416]]],[[[148.294,-40.262],[148.282,-40.28],[148.28,-40.286],[148.324,-40.286],[148.294,-40.262]]],[[[148.134,-40.298],[148.136,-40.3],[148.166,-40.292],[148.134,-40.296],[148.132,-40.296],[148.134,-40.298]]],[[[147.778,-39.908],[147.776,-39.904],[147.774,-39.904],[147.77,-39.908],[147.77,-39.91],[147.772,-39.91],[147.774,-39.91],[147.778,-39.908]]]]}},{"type":"Feature","id":"62210","properties":{"id":"62210","name":"George Town","regionAbbrev":"AUTAS","ste":"6"},"geometry":{"type":"Polygon","coordinates":[[[147.204,-40.998],[147.202,-40.998],[147.202,-41],[147.2,-41],[147.162,-41.014],[147.16,-41.026],[147.154,-41.022],[147.142,-41.034],[147.148,-41.02],[147.15,-41.02],[147.158,-41.014],[147.158,-41.012],[147.122,-41.002],[147.022,-40.98],[146.952,-41.024],[146.95,-41.024],[146.874,-41.018],[146.858,-41.032],[146.834,-41.04],[146.802,-41.062],[146.788,-41.054],[146.794,-41.062],[146.796,-41.064],[146.8,-41.068],[146.802,-41.068],[146.806,-41.078],[146.812,-41.088],[146.816,-41.094],[146.814,-41.1],[146.816,-41.106],[146.816,-41.108],[146.826,-41.108],[146.822,-41.112],[146.824,-41.112],[146.822,-41.122],[146.822,-41.12],[146.82,-41.122],[146.834,-41.126],[146.832,-41.128],[146.83,-41.136],[146.838,-41.136],[146.852,-41.14],[146.872,-41.13],[146.902,-41.138],[146.902,-41.14],[146.9,-41.14],[146.906,-41.142],[146.912,-41.144],[146.914,-41.146],[146.916,-41.154],[146.924,-41.16],[146.928,-41.164],[146.93,-41.166],[146.948,-41.176],[146.93,-41.186],[146.926,-41.188],[146.932,-41.2],[146.914,-41.21],[146.974,-41.234],[146.976,-41.238],[146.99,-41.25],[147,-41.258],[147.13,-41.198],[147.208,-41.088],[147.248,-41.09],[147.232,-41.042],[147.232,-41.04],[147.232,-41.034],[147.204,-41.008],[147.202,-41.008],[147.2,-41.006],[147.202,-41.004],[147.204,-41.002],[147.204,-41],[147.206,-41],[147.204,-40.998]]]}},{"type":"Feature","id":"62410","properties":{"id":"62410","name":"Glamorgan-Spring Bay","regionAbbrev":"AUTAS","ste":"6"},"geometry":{"type":"MultiPolygon","coordinates":[[[[148.266,-41.814],[148.182,-41.882],[148.15,-41.86],[148.146,-41.86],[148.146,-41.824],[148.022,-41.874],[147.886,-41.876],[147.84,-42.046],[147.882,-42.214],[147.812,-42.28],[147.808,-42.312],[147.826,-42.322],[147.854,-42.332],[147.834,-42.342],[147.816,-42.35],[147.758,-42.358],[147.78,-42.38],[147.71,-42.454],[147.694,-42.458],[147.694,-42.46],[147.686,-42.47],[147.672,-42.478],[147.67,-42.486],[147.576,-42.564],[147.578,-42.564],[147.586,-42.564],[147.586,-42.614],[147.626,-42.622],[147.604,-42.672],[147.938,-42.734],[147.946,-42.728],[147.942,-42.706],[147.94,-42.706],[147.956,-42.684],[147.956,-42.656],[147.95,-42.654],[147.944,-42.654],[147.942,-42.652],[147.938,-42.648],[147.94,-42.648],[147.956,-42.652],[147.958,-42.652],[147.94,-42.614],[147.934,-42.598],[147.93,-42.594],[147.908,-42.574],[147.888,-42.566],[147.858,-42.558],[147.882,-42.552],[147.916,-42.544],[147.916,-42.542],[147.9,-42.524],[147.9,-42.522],[147.902,-42.518],[147.906,-42.514],[147.91,-42.51],[147.91,-42.508],[147.912,-42.51],[147.916,-42.51],[147.926,-42.538],[147.934,-42.55],[147.954,-42.552],[147.954,-42.55],[147.956,-42.548],[147.958,-42.542],[147.958,-42.54],[147.958,-42.536],[147.96,-42.536],[147.97,-42.528],[147.986,-42.52],[148.004,-42.516],[147.998,-42.498],[147.996,-42.498],[147.992,-42.49],[147.992,-42.488],[148.002,-42.468],[148.01,-42.462],[148.008,-42.46],[147.998,-42.438],[147.996,-42.438],[147.998,-42.438],[147.986,-42.414],[147.982,-42.404],[148.024,-42.34],[148.022,-42.34],[148.02,-42.336],[148.02,-42.334],[148.018,-42.334],[148.016,-42.324],[148.02,-42.316],[148.02,-42.314],[148.018,-42.314],[147.99,-42.32],[147.988,-42.322],[147.984,-42.336],[147.962,-42.356],[147.956,-42.346],[147.946,-42.348],[147.946,-42.346],[147.932,-42.346],[147.942,-42.342],[147.942,-42.34],[147.946,-42.342],[147.95,-42.34],[147.95,-42.338],[147.96,-42.334],[147.972,-42.332],[147.972,-42.322],[147.972,-42.32],[147.982,-42.31],[147.988,-42.308],[147.996,-42.308],[147.996,-42.31],[148,-42.306],[148.004,-42.298],[148.01,-42.292],[148.018,-42.27],[148.026,-42.262],[148.028,-42.262],[148.028,-42.26],[148.022,-42.232],[148.046,-42.208],[148.064,-42.194],[148.066,-42.192],[148.068,-42.188],[148.076,-42.152],[148.078,-42.134],[148.07,-42.112],[148.236,-42.098],[148.236,-42.096],[148.15,-42.074],[148.148,-42.074],[148.146,-42.076],[148.14,-42.078],[148.126,-42.08],[148.13,-42.078],[148.128,-42.076],[148.12,-42.076],[148.128,-42.07],[148.124,-42.07],[148.116,-42.072],[148.146,-42.036],[148.146,-42.026],[148.144,-42.022],[148.154,-42.008],[148.164,-41.998],[148.17,-42.002],[148.174,-42.006],[148.19,-42.018],[148.214,-42.004],[148.216,-42.004],[148.218,-42.002],[148.216,-41.992],[148.216,-41.988],[148.218,-41.988],[148.22,-41.988],[148.244,-41.99],[148.228,-42.022],[148.226,-42.022],[148.222,-42.024],[148.22,-42.024],[148.22,-42.026],[148.22,-42.028],[148.218,-42.028],[148.208,-42.038],[148.206,-42.038],[148.172,-42.056],[148.158,-42.07],[148.188,-42.078],[148.206,-42.066],[148.224,-42.076],[148.216,-42.072],[148.242,-42.09],[148.238,-42.102],[148.24,-42.102],[148.266,-42.112],[148.268,-42.112],[148.268,-42.11],[148.268,-42.112],[148.284,-42.126],[148.284,-42.128],[148.288,-42.128],[148.29,-42.128],[148.298,-42.126],[148.3,-42.136],[148.298,-42.136],[148.298,-42.138],[148.286,-42.144],[148.278,-42.146],[148.26,-42.166],[148.268,-42.168],[148.278,-42.21],[148.274,-42.214],[148.274,-42.216],[148.27,-42.226],[148.26,-42.228],[148.254,-42.234],[148.252,-42.24],[148.252,-42.242],[148.274,-42.256],[148.294,-42.28],[148.294,-42.282],[148.302,-42.282],[148.306,-42.28],[148.31,-42.276],[148.314,-42.276],[148.312,-42.264],[148.314,-42.266],[148.316,-42.266],[148.32,-42.264],[148.32,-42.262],[148.32,-42.26],[148.32,-42.256],[148.322,-42.256],[148.324,-42.25],[148.324,-42.248],[148.324,-42.246],[148.322,-42.244],[148.324,-42.242],[148.322,-42.242],[148.326,-42.236],[148.328,-42.234],[148.336,-42.228],[148.344,-42.218],[148.354,-42.19],[148.352,-42.184],[148.354,-42.182],[148.356,-42.18],[148.348,-42.182],[148.342,-42.18],[148.336,-42.176],[148.334,-42.176],[148.324,-42.172],[148.322,-42.172],[148.322,-42.17],[148.32,-42.17],[148.308,-42.16],[148.32,-42.154],[148.32,-42.134],[148.324,-42.132],[148.328,-42.13],[148.33,-42.13],[148.338,-42.132],[148.336,-42.128],[148.334,-42.128],[148.342,-42.112],[148.342,-42.11],[148.342,-42.108],[148.342,-42.106],[148.338,-42.102],[148.336,-42.104],[148.326,-42.096],[148.326,-42.094],[148.326,-42.092],[148.326,-42.082],[148.324,-42.082],[148.322,-42.08],[148.318,-42.076],[148.318,-42.074],[148.316,-42.072],[148.314,-42.068],[148.314,-42.066],[148.312,-42.064],[148.308,-42.058],[148.304,-42.056],[148.288,-41.99],[148.31,-41.93],[148.324,-41.918],[148.324,-41.916],[148.322,-41.914],[148.32,-41.908],[148.312,-41.9],[148.31,-41.894],[148.306,-41.894],[148.306,-41.884],[148.304,-41.884],[148.308,-41.882],[148.31,-41.88],[148.308,-41.88],[148.312,-41.874],[148.31,-41.872],[148.306,-41.868],[148.304,-41.87],[148.298,-41.87],[148.296,-41.87],[148.296,-41.868],[148.292,-41.866],[148.286,-41.86],[148.284,-41.858],[148.282,-41.858],[148.282,-41.856],[148.278,-41.854],[148.278,-41.852],[148.276,-41.852],[148.266,-41.816],[148.266,-41.814]]],[[[148.042,-42.656],[148.04,-42.684],[148.014,-42.742],[148.028,-42.738],[148.03,-42.736],[148.034,-42.732],[148.054,-42.724],[148.058,-42.724],[148.06,-42.724],[148.066,-42.726],[148.066,-42.724],[148.068,-42.724],[148.064,-42.72],[148.064,-42.718],[148.066,-42.718],[148.086,-42.722],[148.09,-42.722],[148.092,-42.72],[148.094,-42.716],[148.096,-42.716],[148.096,-42.714],[148.096,-42.712],[148.096,-42.71],[148.094,-42.708],[148.09,-42.7],[148.09,-42.698],[148.088,-42.698],[148.088,-42.694],[148.088,-42.692],[148.088,-42.69],[148.084,-42.686],[148.082,-42.686],[148.082,-42.684],[148.1,-42.662],[148.102,-42.662],[148.102,-42.66],[148.104,-42.66],[148.118,-42.664],[148.118,-42.662],[148.12,-42.664],[148.12,-42.668],[148.122,-42.666],[148.126,-42.668],[148.126,-42.666],[148.128,-42.664],[148.13,-42.662],[148.13,-42.66],[148.14,-42.666],[148.142,-42.666],[148.144,-42.666],[148.146,-42.666],[148.146,-42.664],[148.146,-42.662],[148.148,-42.662],[148.148,-42.66],[148.148,-42.658],[148.168,-42.648],[148.17,-42.648],[148.166,-42.646],[148.158,-42.642],[148.154,-42.64],[148.15,-42.64],[148.15,-42.638],[148.138,-42.624],[148.136,-42.624],[148.136,-42.62],[148.136,-42.618],[148.138,-42.618],[148.136,-42.616],[148.138,-42.616],[148.138,-42.614],[148.136,-42.614],[148.134,-42.612],[148.136,-42.612],[148.138,-42.608],[148.136,-42.608],[148.128,-42.598],[148.124,-42.592],[148.118,-42.584],[148.108,-42.584],[148.106,-42.584],[148.104,-42.582],[148.092,-42.584],[148.09,-42.584],[148.082,-42.576],[148.08,-42.574],[148.05,-42.596],[148.048,-42.596],[148.048,-42.608],[148.03,-42.624],[148.034,-42.638],[148.012,-42.66],[148.024,-42.668],[148.026,-42.668],[148.038,-42.664],[148.042,-42.656]]],[[[148.258,-42.328],[148.296,-42.334],[148.294,-42.334],[148.3,-42.338],[148.298,-42.34],[148.302,-42.338],[148.332,-42.34],[148.334,-42.34],[148.34,-42.344],[148.344,-42.342],[148.32,-42.322],[148.318,-42.322],[148.316,-42.316],[148.32,-42.306],[148.316,-42.302],[148.314,-42.3],[148.302,-42.294],[148.3,-42.294],[148.286,-42.298],[148.28,-42.3],[148.238,-42.302],[148.258,-42.328]]],[[[148.292,-41.858],[148.292,-41.856],[148.29,-41.858],[148.292,-41.858]]],[[[148.312,-41.874],[148.314,-41.872],[148.314,-41.87],[148.312,-41.872],[148.312,-41.874]]]]}},{"type":"Feature","id":"62610","properties":{"id":"62610","name":"Glenorchy","regionAbbrev":"AUTAS","ste":"6"},"geometry":{"type":"Polygon","coordinates":[[[147.15,-42.912],[147.198,-42.906],[147.306,-42.85],[147.314,-42.848],[147.316,-42.846],[147.316,-42.844],[147.324,-42.838],[147.324,-42.836],[147.322,-42.832],[147.306,-42.826],[147.304,-42.828],[147.306,-42.832],[147.298,-42.83],[147.3,-42.824],[147.278,-42.824],[147.274,-42.824],[147.27,-42.822],[147.262,-42.814],[147.262,-42.8],[147.26,-42.794],[147.258,-42.794],[147.282,-42.79],[147.256,-42.786],[147.256,-42.782],[147.254,-42.768],[147.244,-42.764],[147.232,-42.752],[147.232,-42.75],[147.228,-42.75],[147.208,-42.772],[147.136,-42.844],[147.15,-42.912]]]}},{"type":"Feature","id":"62810","properties":{"id":"62810","name":"Hobart","regionAbbrev":"AUTAS","ste":"6"},"geometry":{"type":"Polygon","coordinates":[[[147.198,-42.906],[147.238,-42.898],[147.258,-42.942],[147.36,-42.932],[147.362,-42.932],[147.338,-42.902],[147.334,-42.9],[147.334,-42.898],[147.334,-42.896],[147.336,-42.892],[147.338,-42.892],[147.332,-42.884],[147.336,-42.884],[147.336,-42.874],[147.324,-42.856],[147.328,-42.85],[147.328,-42.848],[147.328,-42.846],[147.324,-42.844],[147.322,-42.846],[147.316,-42.846],[147.314,-42.848],[147.306,-42.85],[147.198,-42.906]]]}},{"type":"Feature","id":"63010","properties":{"id":"63010","name":"Huon Valley","regionAbbrev":"AUTAS","ste":"6"},"geometry":{"type":"MultiPolygon","coordinates":[[[[145.978,-43.038],[145.976,-43.06],[145.984,-43.134],[145.938,-43.15],[145.936,-43.152],[145.936,-43.154],[145.934,-43.156],[145.928,-43.156],[145.926,-43.156],[145.926,-43.158],[145.924,-43.16],[145.922,-43.168],[145.92,-43.168],[145.922,-43.172],[145.922,-43.174],[145.926,-43.174],[145.928,-43.182],[145.934,-43.188],[145.934,-43.19],[145.92,-43.19],[145.918,-43.19],[145.92,-43.198],[145.924,-43.202],[145.926,-43.214],[145.928,-43.212],[145.932,-43.214],[145.934,-43.218],[145.936,-43.218],[145.95,-43.23],[145.96,-43.23],[145.97,-43.228],[145.97,-43.23],[145.97,-43.228],[145.972,-43.23],[145.976,-43.234],[145.976,-43.236],[145.97,-43.256],[145.972,-43.256],[145.97,-43.278],[145.968,-43.278],[145.962,-43.278],[145.954,-43.28],[145.956,-43.282],[145.964,-43.288],[145.96,-43.29],[145.96,-43.292],[145.96,-43.294],[145.968,-43.298],[145.968,-43.3],[145.976,-43.304],[145.978,-43.304],[145.98,-43.318],[145.982,-43.318],[145.982,-43.32],[145.984,-43.322],[145.996,-43.322],[145.998,-43.32],[146.006,-43.322],[146.006,-43.324],[146.004,-43.332],[146.016,-43.334],[146.022,-43.338],[146.026,-43.338],[146.028,-43.338],[146.038,-43.336],[146.052,-43.336],[146.06,-43.328],[146.054,-43.316],[146.052,-43.312],[146.058,-43.308],[146.06,-43.306],[146.06,-43.304],[146.064,-43.304],[146.07,-43.31],[146.07,-43.312],[146.072,-43.322],[146.072,-43.326],[146.078,-43.332],[146.086,-43.336],[146.086,-43.334],[146.086,-43.326],[146.088,-43.326],[146.09,-43.33],[146.09,-43.332],[146.092,-43.336],[146.092,-43.338],[146.094,-43.34],[146.1,-43.344],[146.108,-43.344],[146.11,-43.344],[146.11,-43.346],[146.138,-43.342],[146.154,-43.318],[146.158,-43.31],[146.158,-43.298],[146.17,-43.292],[146.174,-43.294],[146.172,-43.298],[146.176,-43.298],[146.176,-43.304],[146.174,-43.32],[146.176,-43.322],[146.178,-43.326],[146.186,-43.316],[146.188,-43.316],[146.21,-43.33],[146.218,-43.324],[146.218,-43.326],[146.226,-43.324],[146.224,-43.346],[146.228,-43.358],[146.226,-43.358],[146.226,-43.36],[146.222,-43.362],[146.226,-43.384],[146.224,-43.384],[146.22,-43.386],[146.218,-43.386],[146.212,-43.366],[146.21,-43.364],[146.202,-43.364],[146.196,-43.362],[146.164,-43.364],[146.162,-43.364],[146.16,-43.364],[146.166,-43.374],[146.168,-43.378],[146.176,-43.382],[146.16,-43.386],[146.136,-43.376],[146.136,-43.38],[146.136,-43.384],[146.13,-43.38],[146.132,-43.372],[146.128,-43.354],[146.118,-43.352],[146.114,-43.354],[146.112,-43.354],[146.11,-43.352],[146.108,-43.352],[146.108,-43.35],[146.102,-43.346],[146.092,-43.346],[146.09,-43.346],[146.088,-43.342],[146.068,-43.344],[146.066,-43.344],[146.094,-43.366],[146.092,-43.368],[146.088,-43.37],[146.086,-43.37],[146.084,-43.37],[146.072,-43.364],[146.076,-43.36],[146.072,-43.356],[146.07,-43.354],[146.068,-43.354],[146.05,-43.348],[146.046,-43.346],[146.02,-43.346],[146.006,-43.344],[145.998,-43.336],[145.992,-43.332],[145.992,-43.33],[145.984,-43.332],[145.98,-43.338],[145.98,-43.34],[145.976,-43.344],[145.978,-43.346],[145.976,-43.346],[145.976,-43.348],[145.976,-43.35],[145.978,-43.352],[145.992,-43.35],[145.992,-43.364],[145.994,-43.364],[145.998,-43.366],[146,-43.366],[145.996,-43.39],[145.996,-43.392],[145.994,-43.392],[145.99,-43.372],[145.988,-43.362],[145.984,-43.36],[145.984,-43.358],[145.976,-43.356],[145.972,-43.356],[145.97,-43.356],[145.97,-43.358],[145.97,-43.37],[145.954,-43.36],[145.952,-43.362],[145.95,-43.364],[145.948,-43.364],[145.948,-43.366],[145.948,-43.368],[145.936,-43.37],[145.934,-43.37],[145.932,-43.37],[145.932,-43.372],[145.932,-43.374],[145.93,-43.378],[145.926,-43.378],[145.924,-43.378],[145.926,-43.384],[145.93,-43.386],[145.932,-43.388],[145.934,-43.39],[145.942,-43.388],[145.942,-43.386],[145.95,-43.382],[145.958,-43.382],[145.976,-43.398],[145.998,-43.408],[145.996,-43.414],[145.996,-43.418],[145.998,-43.418],[145.998,-43.42],[145.998,-43.422],[145.998,-43.424],[146,-43.428],[146,-43.43],[146,-43.432],[146.002,-43.432],[146.002,-43.434],[146.002,-43.436],[146.002,-43.438],[146.004,-43.438],[146.006,-43.44],[146.008,-43.442],[146.008,-43.444],[146.012,-43.446],[146.016,-43.452],[146.018,-43.456],[146.016,-43.456],[146.014,-43.456],[146.012,-43.456],[146.012,-43.458],[146.01,-43.458],[146.008,-43.466],[146.01,-43.466],[146.012,-43.464],[146.014,-43.46],[146.016,-43.46],[146.028,-43.488],[146.036,-43.494],[146.042,-43.506],[146.042,-43.508],[146.042,-43.51],[146.042,-43.512],[146.04,-43.516],[146.038,-43.52],[146.038,-43.522],[146.038,-43.526],[146.04,-43.53],[146.042,-43.534],[146.04,-43.534],[146.04,-43.536],[146.038,-43.538],[146.038,-43.54],[146.034,-43.54],[146.036,-43.54],[146.036,-43.542],[146.038,-43.548],[146.038,-43.552],[146.036,-43.552],[146.036,-43.554],[146.034,-43.556],[146.034,-43.56],[146.036,-43.56],[146.036,-43.562],[146.034,-43.562],[146.034,-43.564],[146.034,-43.566],[146.032,-43.566],[146.032,-43.568],[146.03,-43.568],[146.034,-43.57],[146.034,-43.568],[146.04,-43.564],[146.044,-43.558],[146.042,-43.556],[146.046,-43.552],[146.05,-43.554],[146.05,-43.552],[146.06,-43.554],[146.062,-43.554],[146.066,-43.554],[146.068,-43.554],[146.07,-43.556],[146.084,-43.54],[146.086,-43.54],[146.092,-43.542],[146.094,-43.548],[146.094,-43.55],[146.094,-43.552],[146.094,-43.554],[146.096,-43.556],[146.098,-43.554],[146.1,-43.554],[146.102,-43.554],[146.104,-43.554],[146.104,-43.556],[146.106,-43.556],[146.108,-43.558],[146.11,-43.558],[146.112,-43.554],[146.11,-43.554],[146.112,-43.552],[146.114,-43.55],[146.112,-43.55],[146.11,-43.538],[146.11,-43.536],[146.108,-43.53],[146.11,-43.528],[146.11,-43.526],[146.112,-43.524],[146.116,-43.526],[146.118,-43.526],[146.122,-43.526],[146.122,-43.524],[146.126,-43.522],[146.126,-43.524],[146.13,-43.524],[146.146,-43.526],[146.146,-43.528],[146.15,-43.526],[146.158,-43.502],[146.158,-43.504],[146.162,-43.516],[146.166,-43.514],[146.172,-43.51],[146.182,-43.522],[146.184,-43.526],[146.184,-43.528],[146.184,-43.53],[146.186,-43.53],[146.184,-43.53],[146.186,-43.532],[146.186,-43.53],[146.19,-43.534],[146.194,-43.538],[146.198,-43.538],[146.202,-43.536],[146.212,-43.532],[146.212,-43.53],[146.212,-43.526],[146.212,-43.524],[146.212,-43.522],[146.212,-43.52],[146.21,-43.51],[146.224,-43.49],[146.242,-43.492],[146.244,-43.494],[146.274,-43.506],[146.274,-43.508],[146.27,-43.512],[146.27,-43.514],[146.268,-43.514],[146.266,-43.514],[146.266,-43.516],[146.268,-43.516],[146.27,-43.516],[146.27,-43.518],[146.27,-43.52],[146.27,-43.522],[146.268,-43.522],[146.27,-43.524],[146.27,-43.526],[146.268,-43.526],[146.27,-43.526],[146.27,-43.528],[146.272,-43.528],[146.274,-43.528],[146.278,-43.53],[146.278,-43.532],[146.278,-43.534],[146.28,-43.534],[146.282,-43.534],[146.284,-43.536],[146.286,-43.536],[146.29,-43.544],[146.292,-43.544],[146.294,-43.542],[146.298,-43.542],[146.3,-43.542],[146.302,-43.542],[146.302,-43.54],[146.304,-43.54],[146.306,-43.54],[146.314,-43.536],[146.314,-43.538],[146.318,-43.536],[146.318,-43.534],[146.322,-43.532],[146.322,-43.53],[146.322,-43.528],[146.328,-43.52],[146.332,-43.52],[146.334,-43.518],[146.344,-43.516],[146.344,-43.514],[146.346,-43.514],[146.352,-43.516],[146.354,-43.516],[146.354,-43.518],[146.356,-43.516],[146.358,-43.516],[146.36,-43.516],[146.372,-43.528],[146.374,-43.534],[146.372,-43.534],[146.374,-43.534],[146.378,-43.532],[146.38,-43.532],[146.382,-43.532],[146.384,-43.532],[146.394,-43.53],[146.394,-43.532],[146.396,-43.532],[146.398,-43.532],[146.398,-43.534],[146.4,-43.534],[146.4,-43.536],[146.402,-43.536],[146.406,-43.54],[146.408,-43.538],[146.408,-43.536],[146.41,-43.536],[146.412,-43.536],[146.416,-43.538],[146.416,-43.536],[146.416,-43.538],[146.418,-43.538],[146.418,-43.536],[146.42,-43.536],[146.422,-43.536],[146.422,-43.534],[146.424,-43.534],[146.428,-43.536],[146.43,-43.536],[146.434,-43.536],[146.444,-43.538],[146.454,-43.534],[146.454,-43.536],[146.456,-43.54],[146.458,-43.54],[146.46,-43.542],[146.462,-43.542],[146.464,-43.54],[146.47,-43.542],[146.472,-43.538],[146.472,-43.536],[146.48,-43.536],[146.482,-43.536],[146.482,-43.538],[146.484,-43.538],[146.486,-43.538],[146.488,-43.54],[146.488,-43.542],[146.49,-43.542],[146.49,-43.54],[146.492,-43.54],[146.492,-43.538],[146.494,-43.538],[146.492,-43.536],[146.494,-43.536],[146.494,-43.534],[146.496,-43.534],[146.498,-43.532],[146.502,-43.528],[146.506,-43.526],[146.512,-43.524],[146.518,-43.528],[146.588,-43.538],[146.56,-43.516],[146.558,-43.514],[146.552,-43.502],[146.556,-43.494],[146.554,-43.492],[146.552,-43.492],[146.56,-43.468],[146.56,-43.466],[146.572,-43.476],[146.572,-43.478],[146.576,-43.51],[146.58,-43.52],[146.578,-43.52],[146.598,-43.542],[146.608,-43.55],[146.604,-43.554],[146.602,-43.56],[146.604,-43.56],[146.606,-43.56],[146.612,-43.568],[146.624,-43.562],[146.628,-43.564],[146.63,-43.566],[146.628,-43.566],[146.63,-43.566],[146.63,-43.568],[146.632,-43.57],[146.634,-43.572],[146.636,-43.576],[146.638,-43.578],[146.64,-43.578],[146.642,-43.58],[146.644,-43.58],[146.646,-43.582],[146.644,-43.582],[146.656,-43.582],[146.656,-43.58],[146.658,-43.584],[146.658,-43.588],[146.654,-43.596],[146.656,-43.6],[146.658,-43.604],[146.67,-43.594],[146.688,-43.6],[146.692,-43.61],[146.698,-43.624],[146.708,-43.63],[146.71,-43.626],[146.714,-43.626],[146.716,-43.626],[146.724,-43.63],[146.734,-43.618],[146.76,-43.61],[146.772,-43.608],[146.796,-43.602],[146.824,-43.61],[146.826,-43.642],[146.84,-43.636],[146.85,-43.636],[146.856,-43.634],[146.858,-43.634],[146.86,-43.632],[146.874,-43.634],[146.922,-43.598],[146.922,-43.596],[146.922,-43.57],[146.894,-43.582],[146.892,-43.582],[146.892,-43.574],[146.89,-43.566],[146.898,-43.562],[146.904,-43.562],[146.898,-43.56],[146.892,-43.556],[146.892,-43.554],[146.886,-43.554],[146.888,-43.552],[146.902,-43.516],[146.904,-43.518],[146.908,-43.52],[146.91,-43.534],[146.904,-43.538],[146.918,-43.546],[146.922,-43.538],[146.926,-43.536],[146.946,-43.532],[146.956,-43.524],[146.954,-43.514],[146.976,-43.49],[146.946,-43.51],[146.944,-43.51],[146.944,-43.502],[146.944,-43.5],[146.934,-43.492],[146.938,-43.486],[146.94,-43.48],[146.942,-43.48],[146.96,-43.476],[146.962,-43.472],[147.002,-43.482],[146.986,-43.456],[146.984,-43.456],[146.94,-43.45],[146.94,-43.448],[146.938,-43.446],[146.92,-43.438],[146.918,-43.436],[146.918,-43.434],[146.922,-43.438],[146.922,-43.416],[146.926,-43.416],[146.936,-43.428],[146.942,-43.432],[146.99,-43.44],[147.002,-43.436],[147.008,-43.434],[147.014,-43.442],[147.014,-43.444],[147.018,-43.442],[147.026,-43.436],[147.018,-43.416],[147.018,-43.414],[147.02,-43.414],[147.022,-43.412],[147.024,-43.41],[147.018,-43.404],[147.03,-43.396],[147.032,-43.388],[147.048,-43.374],[147.056,-43.356],[147.056,-43.358],[147.058,-43.358],[147.06,-43.358],[147.06,-43.356],[147.026,-43.338],[146.982,-43.336],[146.98,-43.338],[146.982,-43.33],[146.972,-43.328],[146.986,-43.328],[146.988,-43.328],[147.004,-43.334],[147.004,-43.324],[147.014,-43.316],[147.024,-43.316],[147.072,-43.326],[147.076,-43.31],[147.078,-43.3],[147.068,-43.26],[147.066,-43.258],[147.068,-43.258],[147.066,-43.254],[147.066,-43.25],[147.038,-43.242],[146.992,-43.216],[146.97,-43.196],[146.972,-43.174],[146.962,-43.158],[146.958,-43.158],[146.958,-43.156],[146.966,-43.156],[146.976,-43.158],[146.982,-43.154],[146.99,-43.13],[147.01,-43.094],[147.018,-43.08],[147.02,-43.078],[147.03,-43.062],[147.024,-43.076],[147.026,-43.076],[147.016,-43.09],[147.008,-43.102],[147.006,-43.102],[147.006,-43.104],[147.002,-43.118],[147.006,-43.114],[147.008,-43.118],[147.006,-43.124],[147.01,-43.116],[147.008,-43.114],[147.01,-43.114],[147.02,-43.09],[147.03,-43.076],[147.028,-43.076],[147.03,-43.076],[147.04,-43.06],[147.04,-43.058],[147.04,-43.056],[147.04,-43.054],[147.038,-43.054],[147.054,-43.04],[147.038,-43.068],[147.018,-43.112],[147.018,-43.114],[146.996,-43.166],[146.994,-43.172],[146.986,-43.188],[147.056,-43.222],[147.07,-43.214],[147.076,-43.196],[147.084,-43.178],[147.082,-43.166],[147.084,-43.166],[147.094,-43.168],[147.096,-43.17],[147.096,-43.172],[147.094,-43.172],[147.104,-43.184],[147.104,-43.186],[147.104,-43.206],[147.116,-43.21],[147.114,-43.212],[147.114,-43.214],[147.094,-43.224],[147.096,-43.226],[147.096,-43.228],[147.096,-43.23],[147.096,-43.234],[147.1,-43.236],[147.098,-43.248],[147.11,-43.248],[147.118,-43.246],[147.12,-43.246],[147.134,-43.248],[147.144,-43.25],[147.144,-43.26],[147.168,-43.282],[147.216,-43.244],[147.196,-43.192],[147.174,-43.062],[147.206,-43.044],[147.124,-43.024],[147.14,-42.982],[147.15,-42.912],[147.002,-42.888],[146.938,-42.886],[146.942,-42.926],[146.874,-42.954],[146.846,-42.906],[146.726,-42.858],[146.66,-42.846],[146.654,-42.878],[146.648,-42.922],[146.46,-43.086],[146.222,-43.118],[145.978,-43.038]]],[[[146.488,-43.542],[146.486,-43.544],[146.488,-43.544],[146.488,-43.542]]],[[[146.006,-43.44],[146.004,-43.442],[146.006,-43.442],[146.006,-43.44]]],[[[146.066,-43.344],[146.06,-43.344],[146.062,-43.346],[146.066,-43.344]]],[[[146.272,-43.632],[146.274,-43.632],[146.276,-43.632],[146.276,-43.634],[146.278,-43.632],[146.276,-43.63],[146.274,-43.63],[146.272,-43.63],[146.272,-43.632]]],[[[146.288,-43.618],[146.286,-43.62],[146.286,-43.622],[146.288,-43.622],[146.292,-43.622],[146.294,-43.622],[146.296,-43.622],[146.296,-43.62],[146.298,-43.62],[146.298,-43.618],[146.296,-43.618],[146.298,-43.618],[146.298,-43.616],[146.296,-43.616],[146.296,-43.614],[146.292,-43.614],[146.29,-43.616],[146.29,-43.618],[146.288,-43.618]]],[[[146.276,-43.636],[146.276,-43.638],[146.276,-43.64],[146.274,-43.642],[146.274,-43.644],[146.272,-43.648],[146.272,-43.65],[146.272,-43.652],[146.27,-43.652],[146.27,-43.654],[146.27,-43.656],[146.268,-43.658],[146.27,-43.658],[146.28,-43.656],[146.282,-43.656],[146.284,-43.646],[146.282,-43.644],[146.28,-43.644],[146.28,-43.642],[146.278,-43.636],[146.276,-43.636]]],[[[145.97,-43.324],[145.97,-43.326],[145.968,-43.326],[145.966,-43.326],[145.966,-43.328],[145.968,-43.328],[145.97,-43.326],[145.972,-43.324],[145.968,-43.322],[145.97,-43.324]]],[[[146.352,-43.588],[146.352,-43.586],[146.342,-43.588],[146.34,-43.59],[146.338,-43.592],[146.338,-43.594],[146.34,-43.596],[146.342,-43.6],[146.342,-43.602],[146.342,-43.604],[146.344,-43.604],[146.346,-43.604],[146.356,-43.606],[146.358,-43.606],[146.364,-43.602],[146.366,-43.602],[146.366,-43.6],[146.37,-43.6],[146.376,-43.598],[146.378,-43.598],[146.378,-43.596],[146.376,-43.59],[146.376,-43.588],[146.376,-43.586],[146.366,-43.588],[146.362,-43.59],[146.362,-43.588],[146.358,-43.588],[146.352,-43.588]]],[[[146.524,-43.568],[146.516,-43.578],[146.516,-43.58],[146.522,-43.578],[146.522,-43.574],[146.532,-43.566],[146.534,-43.564],[146.524,-43.568]]],[[[145.964,-43.422],[145.966,-43.424],[145.968,-43.424],[145.97,-43.424],[145.972,-43.418],[145.972,-43.412],[145.97,-43.412],[145.968,-43.412],[145.968,-43.418],[145.966,-43.418],[145.964,-43.418],[145.964,-43.42],[145.964,-43.422]]],[[[146.358,-43.532],[146.356,-43.534],[146.356,-43.536],[146.358,-43.536],[146.36,-43.536],[146.36,-43.534],[146.36,-43.536],[146.366,-43.534],[146.358,-43.532]]],[[[145.966,-43.328],[145.964,-43.332],[145.966,-43.332],[145.966,-43.33],[145.968,-43.33],[145.968,-43.328],[145.966,-43.328]]],[[[145.966,-43.334],[145.966,-43.336],[145.968,-43.336],[145.968,-43.334],[145.966,-43.334]]],[[[145.93,-43.412],[145.932,-43.412],[145.932,-43.41],[145.934,-43.41],[145.932,-43.41],[145.93,-43.41],[145.93,-43.412]]],[[[146.118,-43.528],[146.12,-43.53],[146.12,-43.528],[146.118,-43.528]]],[[[146.366,-43.536],[146.368,-43.536],[146.366,-43.534],[146.366,-43.536]]],[[[147.006,-43.13],[147.004,-43.13],[147.006,-43.132],[147.006,-43.13]]]]}},{"type":"Feature","id":"63210","properties":{"id":"63210","name":"Kentish","regionAbbrev":"AUTAS","ste":"6"},"geometry":{"type":"Polygon","coordinates":[[[145.854,-41.466],[145.854,-41.582],[145.952,-41.684],[146.028,-41.576],[146.186,-41.618],[146.188,-41.518],[146.23,-41.488],[146.432,-41.512],[146.476,-41.512],[146.49,-41.488],[146.488,-41.488],[146.486,-41.486],[146.484,-41.486],[146.456,-41.48],[146.458,-41.476],[146.46,-41.476],[146.454,-41.462],[146.468,-41.416],[146.468,-41.414],[146.496,-41.378],[146.478,-41.362],[146.478,-41.36],[146.476,-41.36],[146.47,-41.354],[146.452,-41.316],[146.36,-41.284],[146.348,-41.242],[146.32,-41.26],[146.322,-41.27],[146.256,-41.268],[146.25,-41.274],[146.198,-41.29],[146.186,-41.316],[146.176,-41.338],[146.094,-41.41],[146.088,-41.458],[145.854,-41.466]]]}},{"type":"Feature","id":"63410","properties":{"id":"63410","name":"King Island","regionAbbrev":"AUTAS","ste":"6"},"geometry":{"type":"MultiPolygon","coordinates":[[[[143.852,-39.746],[143.852,-39.768],[143.866,-39.8],[143.864,-39.802],[143.862,-39.806],[143.864,-39.81],[143.862,-39.81],[143.86,-39.812],[143.86,-39.816],[143.862,-39.822],[143.864,-39.824],[143.866,-39.828],[143.866,-39.83],[143.852,-39.868],[143.848,-39.872],[143.846,-39.876],[143.844,-39.88],[143.844,-39.882],[143.844,-39.884],[143.844,-39.886],[143.848,-39.888],[143.846,-39.89],[143.84,-39.91],[143.834,-39.92],[143.834,-39.922],[143.836,-39.922],[143.842,-39.922],[143.844,-39.922],[143.846,-39.926],[143.846,-39.928],[143.844,-39.926],[143.844,-39.928],[143.842,-39.928],[143.84,-39.928],[143.84,-39.93],[143.84,-39.936],[143.842,-39.936],[143.842,-39.938],[143.844,-39.938],[143.846,-39.94],[143.854,-39.944],[143.856,-39.946],[143.858,-39.946],[143.858,-39.948],[143.862,-39.95],[143.868,-39.962],[143.868,-39.964],[143.874,-39.966],[143.88,-39.968],[143.886,-39.982],[143.888,-39.984],[143.89,-39.984],[143.888,-39.996],[143.886,-39.998],[143.886,-40],[143.888,-40.004],[143.892,-40.01],[143.89,-40.018],[143.886,-40.022],[143.886,-40.024],[143.886,-40.04],[143.886,-40.042],[143.888,-40.044],[143.888,-40.048],[143.884,-40.06],[143.862,-40.06],[143.86,-40.06],[143.86,-40.062],[143.858,-40.062],[143.858,-40.064],[143.864,-40.068],[143.866,-40.068],[143.864,-40.07],[143.864,-40.072],[143.866,-40.074],[143.868,-40.074],[143.868,-40.076],[143.87,-40.078],[143.87,-40.08],[143.872,-40.082],[143.87,-40.086],[143.868,-40.088],[143.868,-40.09],[143.87,-40.09],[143.87,-40.092],[143.87,-40.094],[143.872,-40.096],[143.874,-40.096],[143.876,-40.098],[143.874,-40.098],[143.876,-40.1],[143.876,-40.102],[143.876,-40.104],[143.876,-40.106],[143.876,-40.108],[143.874,-40.108],[143.876,-40.11],[143.876,-40.112],[143.874,-40.112],[143.876,-40.114],[143.876,-40.116],[143.878,-40.118],[143.882,-40.12],[143.886,-40.12],[143.888,-40.12],[143.888,-40.122],[143.906,-40.124],[143.908,-40.128],[143.906,-40.128],[143.906,-40.13],[143.9,-40.136],[143.902,-40.14],[143.902,-40.138],[143.906,-40.138],[143.906,-40.14],[143.91,-40.142],[143.912,-40.142],[143.912,-40.144],[143.914,-40.144],[143.916,-40.144],[143.916,-40.146],[143.92,-40.15],[143.92,-40.152],[143.924,-40.156],[143.926,-40.158],[143.926,-40.16],[143.928,-40.158],[143.928,-40.154],[143.966,-40.11],[143.966,-40.112],[143.968,-40.112],[143.97,-40.116],[143.978,-40.11],[143.98,-40.11],[144.026,-40.092],[144.026,-40.094],[144.028,-40.094],[144.026,-40.092],[144.028,-40.09],[144.034,-40.086],[144.038,-40.086],[144.038,-40.082],[144.05,-40.074],[144.06,-40.064],[144.064,-40.064],[144.086,-40.048],[144.088,-40.048],[144.096,-40.05],[144.096,-40.048],[144.098,-40.046],[144.1,-40.046],[144.102,-40.046],[144.102,-40.044],[144.104,-40.044],[144.106,-40.042],[144.106,-40.044],[144.106,-40.042],[144.102,-40.038],[144.102,-40.036],[144.102,-40.034],[144.116,-40.018],[144.116,-40.016],[144.116,-40.014],[144.118,-40.012],[144.116,-40.012],[144.122,-39.998],[144.124,-39.996],[144.126,-39.996],[144.128,-39.994],[144.126,-39.988],[144.134,-39.978],[144.134,-39.976],[144.132,-39.968],[144.132,-39.964],[144.132,-39.96],[144.134,-39.96],[144.136,-39.95],[144.136,-39.944],[144.138,-39.938],[144.106,-39.892],[144.11,-39.67],[144.006,-39.6],[143.98,-39.596],[143.974,-39.592],[143.974,-39.59],[143.972,-39.59],[143.968,-39.588],[143.964,-39.586],[143.958,-39.586],[143.958,-39.584],[143.954,-39.582],[143.944,-39.582],[143.94,-39.588],[143.938,-39.588],[143.938,-39.59],[143.936,-39.592],[143.932,-39.594],[143.926,-39.592],[143.926,-39.594],[143.924,-39.594],[143.926,-39.6],[143.928,-39.602],[143.928,-39.606],[143.926,-39.61],[143.932,-39.62],[143.932,-39.622],[143.892,-39.698],[143.846,-39.72],[143.846,-39.722],[143.848,-39.724],[143.846,-39.726],[143.848,-39.726],[143.848,-39.728],[143.85,-39.732],[143.852,-39.734],[143.852,-39.736],[143.854,-39.74],[143.852,-39.746]]],[[[144.064,-40.064],[144.064,-40.066],[144.066,-40.064],[144.064,-40.064]]],[[[143.82,-39.672],[143.826,-39.676],[143.832,-39.67],[143.826,-39.666],[143.822,-39.668],[143.82,-39.672]]],[[[143.828,-39.69],[143.828,-39.682],[143.826,-39.682],[143.828,-39.69]]]]}},{"type":"Feature","id":"63610","properties":{"id":"63610","name":"Kingborough","regionAbbrev":"AUTAS","ste":"6"},"geometry":{"type":"MultiPolygon","coordinates":[[[[147.15,-42.912],[147.14,-42.982],[147.124,-43.024],[147.206,-43.044],[147.174,-43.062],[147.196,-43.192],[147.216,-43.244],[147.168,-43.282],[147.242,-43.268],[147.26,-43.218],[147.26,-43.216],[147.258,-43.206],[147.242,-43.182],[147.244,-43.18],[147.24,-43.162],[147.242,-43.16],[147.242,-43.148],[147.252,-43.134],[147.256,-43.132],[147.25,-43.126],[147.25,-43.124],[147.248,-43.122],[147.272,-43.114],[147.266,-43.112],[147.262,-43.108],[147.26,-43.108],[147.26,-43.106],[147.268,-43.106],[147.268,-43.108],[147.272,-43.106],[147.274,-43.104],[147.276,-43.104],[147.286,-43.11],[147.302,-43.088],[147.3,-43.084],[147.29,-43.078],[147.264,-43.072],[147.258,-43.072],[147.264,-43.066],[147.262,-43.06],[147.264,-43.06],[147.266,-43.058],[147.268,-43.05],[147.268,-43.048],[147.274,-43.042],[147.28,-43.028],[147.28,-43.026],[147.272,-43.024],[147.27,-43.022],[147.27,-43.02],[147.276,-43.014],[147.28,-43.01],[147.286,-43.008],[147.3,-43.036],[147.334,-43.058],[147.336,-43.058],[147.336,-43.056],[147.338,-43.056],[147.338,-43.054],[147.34,-43.054],[147.344,-43.052],[147.344,-43.05],[147.344,-43.046],[147.344,-43.044],[147.342,-43.044],[147.338,-43.04],[147.338,-43.038],[147.34,-43.038],[147.34,-43.036],[147.338,-43.036],[147.338,-43.034],[147.338,-43.032],[147.338,-43.03],[147.336,-43.026],[147.334,-43.024],[147.334,-43.022],[147.332,-43.02],[147.332,-43.018],[147.33,-43.014],[147.328,-43.008],[147.33,-42.99],[147.33,-42.986],[147.328,-42.986],[147.328,-42.978],[147.328,-42.976],[147.336,-42.974],[147.338,-42.974],[147.34,-42.972],[147.34,-42.97],[147.34,-42.968],[147.34,-42.966],[147.342,-42.962],[147.342,-42.96],[147.358,-42.942],[147.362,-42.932],[147.36,-42.932],[147.258,-42.942],[147.238,-42.898],[147.198,-42.906],[147.15,-42.912]]],[[[147.306,-43.296],[147.3,-43.268],[147.292,-43.24],[147.242,-43.312],[147.242,-43.314],[147.224,-43.34],[147.228,-43.354],[147.212,-43.382],[147.196,-43.362],[147.19,-43.35],[147.17,-43.406],[147.174,-43.422],[147.186,-43.432],[147.176,-43.438],[147.178,-43.458],[147.176,-43.458],[147.154,-43.458],[147.1,-43.412],[147.094,-43.42],[147.094,-43.422],[147.094,-43.424],[147.094,-43.426],[147.094,-43.428],[147.096,-43.428],[147.098,-43.43],[147.102,-43.434],[147.104,-43.436],[147.108,-43.436],[147.118,-43.444],[147.12,-43.446],[147.124,-43.45],[147.126,-43.452],[147.128,-43.452],[147.128,-43.454],[147.134,-43.456],[147.136,-43.462],[147.138,-43.464],[147.136,-43.466],[147.134,-43.468],[147.134,-43.48],[147.134,-43.482],[147.136,-43.484],[147.14,-43.486],[147.142,-43.486],[147.14,-43.488],[147.14,-43.49],[147.138,-43.492],[147.148,-43.494],[147.15,-43.49],[147.166,-43.486],[147.168,-43.486],[147.17,-43.488],[147.172,-43.488],[147.178,-43.49],[147.18,-43.49],[147.182,-43.488],[147.186,-43.48],[147.188,-43.48],[147.18,-43.472],[147.2,-43.454],[147.202,-43.42],[147.208,-43.416],[147.208,-43.418],[147.21,-43.418],[147.208,-43.416],[147.236,-43.418],[147.242,-43.414],[147.242,-43.426],[147.226,-43.434],[147.208,-43.428],[147.202,-43.436],[147.246,-43.44],[147.24,-43.466],[147.242,-43.466],[147.242,-43.47],[147.242,-43.472],[147.244,-43.472],[147.246,-43.476],[147.244,-43.476],[147.244,-43.478],[147.244,-43.48],[147.242,-43.48],[147.246,-43.484],[147.246,-43.488],[147.246,-43.49],[147.248,-43.494],[147.252,-43.492],[147.264,-43.488],[147.266,-43.49],[147.268,-43.492],[147.27,-43.492],[147.282,-43.504],[147.288,-43.504],[147.29,-43.506],[147.294,-43.51],[147.294,-43.514],[147.3,-43.514],[147.3,-43.512],[147.302,-43.512],[147.322,-43.502],[147.324,-43.502],[147.326,-43.5],[147.326,-43.498],[147.344,-43.436],[147.344,-43.432],[147.346,-43.428],[147.366,-43.392],[147.38,-43.382],[147.382,-43.366],[147.372,-43.354],[147.37,-43.354],[147.37,-43.352],[147.368,-43.35],[147.34,-43.366],[147.336,-43.366],[147.322,-43.346],[147.322,-43.344],[147.322,-43.324],[147.326,-43.32],[147.324,-43.32],[147.324,-43.318],[147.324,-43.316],[147.336,-43.282],[147.308,-43.296],[147.306,-43.296]]],[[[147.286,-43.17],[147.33,-43.17],[147.344,-43.172],[147.332,-43.182],[147.378,-43.176],[147.378,-43.214],[147.376,-43.214],[147.35,-43.238],[147.336,-43.282],[147.402,-43.244],[147.406,-43.242],[147.422,-43.252],[147.428,-43.252],[147.43,-43.252],[147.434,-43.238],[147.434,-43.232],[147.43,-43.216],[147.426,-43.208],[147.426,-43.206],[147.412,-43.198],[147.41,-43.19],[147.41,-43.188],[147.412,-43.186],[147.412,-43.184],[147.412,-43.176],[147.41,-43.176],[147.41,-43.174],[147.41,-43.172],[147.406,-43.17],[147.408,-43.166],[147.392,-43.154],[147.398,-43.136],[147.4,-43.13],[147.398,-43.13],[147.4,-43.13],[147.4,-43.128],[147.39,-43.12],[147.39,-43.116],[147.388,-43.112],[147.388,-43.104],[147.366,-43.078],[147.366,-43.074],[147.368,-43.074],[147.368,-43.072],[147.348,-43.074],[147.346,-43.074],[147.322,-43.094],[147.33,-43.114],[147.334,-43.128],[147.348,-43.126],[147.36,-43.116],[147.332,-43.152],[147.288,-43.142],[147.294,-43.154],[147.294,-43.158],[147.28,-43.168],[147.28,-43.17],[147.286,-43.17]]],[[[147.178,-43.49],[147.178,-43.492],[147.18,-43.49],[147.178,-43.49]]]]}},{"type":"Feature","id":"63810","properties":{"id":"63810","name":"Latrobe (Tas.)","regionAbbrev":"AUTAS","ste":"6"},"geometry":{"type":"MultiPolygon","coordinates":[[[[146.348,-41.242],[146.36,-41.284],[146.452,-41.316],[146.47,-41.354],[146.476,-41.36],[146.478,-41.36],[146.478,-41.362],[146.496,-41.378],[146.592,-41.36],[146.59,-41.36],[146.62,-41.324],[146.704,-41.332],[146.706,-41.298],[146.762,-41.286],[146.662,-41.096],[146.654,-41.092],[146.634,-41.124],[146.566,-41.148],[146.564,-41.148],[146.562,-41.156],[146.574,-41.16],[146.576,-41.16],[146.602,-41.154],[146.602,-41.152],[146.608,-41.156],[146.596,-41.166],[146.598,-41.168],[146.596,-41.168],[146.58,-41.196],[146.592,-41.208],[146.61,-41.212],[146.608,-41.212],[146.602,-41.222],[146.606,-41.232],[146.6,-41.24],[146.6,-41.242],[146.598,-41.248],[146.596,-41.246],[146.596,-41.242],[146.586,-41.204],[146.578,-41.226],[146.576,-41.234],[146.578,-41.24],[146.566,-41.244],[146.568,-41.238],[146.564,-41.238],[146.568,-41.226],[146.574,-41.224],[146.572,-41.216],[146.57,-41.216],[146.57,-41.214],[146.564,-41.198],[146.562,-41.198],[146.564,-41.192],[146.572,-41.188],[146.57,-41.178],[146.568,-41.176],[146.558,-41.172],[146.548,-41.17],[146.558,-41.172],[146.56,-41.17],[146.56,-41.168],[146.562,-41.168],[146.56,-41.168],[146.56,-41.166],[146.562,-41.166],[146.56,-41.166],[146.56,-41.164],[146.546,-41.148],[146.544,-41.136],[146.536,-41.122],[146.528,-41.124],[146.524,-41.132],[146.45,-41.16],[146.408,-41.17],[146.376,-41.21],[146.394,-41.226],[146.392,-41.226],[146.39,-41.226],[146.392,-41.228],[146.392,-41.23],[146.39,-41.23],[146.39,-41.228],[146.388,-41.228],[146.386,-41.228],[146.386,-41.23],[146.384,-41.228],[146.384,-41.23],[146.382,-41.232],[146.376,-41.228],[146.374,-41.228],[146.374,-41.226],[146.372,-41.226],[146.37,-41.226],[146.372,-41.224],[146.374,-41.222],[146.372,-41.222],[146.372,-41.218],[146.37,-41.22],[146.368,-41.22],[146.368,-41.218],[146.366,-41.22],[146.366,-41.222],[146.354,-41.224],[146.352,-41.236],[146.348,-41.242]]],[[[146.57,-41.174],[146.568,-41.174],[146.568,-41.176],[146.57,-41.176],[146.57,-41.174]]],[[[146.574,-41.21],[146.578,-41.208],[146.574,-41.208],[146.574,-41.21]]]]}},{"type":"Feature","id":"64010","properties":{"id":"64010","name":"Launceston","regionAbbrev":"AUTAS","ste":"6"},"geometry":{"type":"Polygon","coordinates":[[[147.592,-41.38],[147.388,-41.254],[147.29,-41.278],[147.248,-41.09],[147.208,-41.088],[147.13,-41.198],[147,-41.258],[147.008,-41.27],[147.012,-41.272],[147.012,-41.274],[147.016,-41.278],[147.014,-41.28],[147.014,-41.282],[146.978,-41.3],[147.008,-41.316],[147.008,-41.314],[147.01,-41.314],[147.026,-41.314],[147.03,-41.316],[147.046,-41.322],[147.046,-41.324],[147.082,-41.344],[147.08,-41.348],[147.078,-41.348],[147.076,-41.354],[147.078,-41.36],[147.092,-41.378],[147.094,-41.378],[147.128,-41.41],[147.122,-41.416],[147.138,-41.43],[147.128,-41.44],[147.128,-41.438],[147.122,-41.426],[147.12,-41.426],[147.116,-41.428],[147.114,-41.45],[147.104,-41.466],[147.13,-41.494],[147.228,-41.502],[147.264,-41.53],[147.348,-41.512],[147.408,-41.556],[147.648,-41.478],[147.592,-41.38]]]}},{"type":"Feature","id":"64210","properties":{"id":"64210","name":"Meander Valley","regionAbbrev":"AUTAS","ste":"6"},"geometry":{"type":"MultiPolygon","coordinates":[[[[146.382,-41.812],[146.382,-41.81],[146.382,-41.808],[146.384,-41.808],[146.382,-41.806],[146.378,-41.806],[146.378,-41.808],[146.38,-41.808],[146.38,-41.81],[146.378,-41.81],[146.378,-41.812],[146.378,-41.81],[146.376,-41.81],[146.376,-41.808],[146.374,-41.806],[146.37,-41.804],[146.366,-41.798],[146.364,-41.796],[146.36,-41.792],[146.358,-41.79],[146.356,-41.788],[146.358,-41.788],[146.354,-41.784],[146.354,-41.782],[146.392,-41.744],[146.506,-41.732],[146.506,-41.734],[146.512,-41.738],[146.526,-41.742],[146.544,-41.74],[146.546,-41.74],[146.558,-41.738],[146.616,-41.752],[146.622,-41.756],[146.622,-41.746],[146.63,-41.738],[146.648,-41.746],[146.648,-41.738],[146.65,-41.732],[146.692,-41.722],[146.714,-41.73],[146.77,-41.726],[146.772,-41.726],[146.81,-41.682],[146.88,-41.668],[146.884,-41.668],[146.91,-41.666],[146.944,-41.664],[146.948,-41.656],[146.954,-41.648],[146.954,-41.65],[146.956,-41.644],[146.954,-41.642],[146.952,-41.64],[146.954,-41.628],[146.956,-41.626],[147.09,-41.544],[147.092,-41.542],[147.094,-41.538],[147.082,-41.534],[147.082,-41.532],[147.13,-41.494],[147.104,-41.466],[147.076,-41.452],[147.074,-41.452],[147.072,-41.456],[147.068,-41.456],[146.928,-41.39],[146.772,-41.376],[146.704,-41.332],[146.62,-41.324],[146.59,-41.36],[146.592,-41.36],[146.496,-41.378],[146.468,-41.414],[146.468,-41.416],[146.454,-41.462],[146.46,-41.476],[146.458,-41.476],[146.456,-41.48],[146.484,-41.486],[146.486,-41.486],[146.488,-41.488],[146.49,-41.488],[146.476,-41.512],[146.432,-41.512],[146.23,-41.488],[146.188,-41.518],[146.186,-41.618],[146.028,-41.576],[145.952,-41.684],[146.05,-41.974],[146.35,-41.908],[146.352,-41.906],[146.35,-41.906],[146.362,-41.884],[146.362,-41.882],[146.362,-41.878],[146.38,-41.82],[146.38,-41.816],[146.378,-41.816],[146.378,-41.814],[146.38,-41.814],[146.382,-41.814],[146.38,-41.814],[146.38,-41.812],[146.382,-41.812]]],[[[146.376,-41.81],[146.378,-41.808],[146.376,-41.808],[146.376,-41.81]]]]}},{"type":"Feature","id":"64610","properties":{"id":"64610","name":"Northern Midlands","regionAbbrev":"AUTAS","ste":"6"},"geometry":{"type":"Polygon","coordinates":[[[147.648,-41.478],[147.408,-41.556],[147.348,-41.512],[147.264,-41.53],[147.228,-41.502],[147.13,-41.494],[147.082,-41.532],[147.082,-41.534],[147.094,-41.538],[147.092,-41.542],[147.09,-41.544],[146.956,-41.626],[146.954,-41.628],[146.952,-41.64],[146.954,-41.642],[146.956,-41.644],[146.954,-41.65],[146.954,-41.648],[146.948,-41.656],[146.944,-41.664],[146.91,-41.666],[146.884,-41.668],[146.88,-41.668],[146.81,-41.682],[146.772,-41.726],[146.782,-41.726],[146.804,-41.72],[146.806,-41.72],[146.804,-41.718],[146.806,-41.714],[146.814,-41.708],[146.814,-41.706],[146.818,-41.7],[146.824,-41.702],[146.848,-41.724],[146.848,-41.726],[146.834,-41.756],[146.83,-41.76],[146.82,-41.76],[146.854,-41.808],[146.87,-41.816],[146.872,-41.814],[146.888,-41.82],[146.892,-41.822],[146.906,-41.832],[146.976,-41.852],[147.082,-41.94],[147.164,-41.916],[147.272,-42.122],[147.26,-42.164],[147.328,-42.13],[147.336,-42.122],[147.34,-42.124],[147.342,-42.124],[147.37,-42.128],[147.37,-42.13],[147.45,-42.116],[147.558,-42.202],[147.55,-42.208],[147.562,-42.224],[147.564,-42.224],[147.568,-42.228],[147.812,-42.28],[147.882,-42.214],[147.84,-42.046],[147.886,-41.876],[148.022,-41.874],[148.146,-41.824],[148.138,-41.782],[148.136,-41.77],[148.05,-41.738],[148.026,-41.77],[147.922,-41.76],[147.92,-41.802],[147.784,-41.76],[147.78,-41.678],[147.78,-41.674],[147.764,-41.668],[147.762,-41.664],[147.76,-41.662],[147.76,-41.654],[147.76,-41.652],[147.762,-41.65],[147.79,-41.608],[147.648,-41.478]]]}},{"type":"Feature","id":"64810","properties":{"id":"64810","name":"Sorell","regionAbbrev":"AUTAS","ste":"6"},"geometry":{"type":"Polygon","coordinates":[[[147.6,-42.798],[147.606,-42.828],[147.622,-42.844],[147.608,-42.856],[147.612,-42.86],[147.612,-42.864],[147.608,-42.866],[147.606,-42.868],[147.608,-42.87],[147.608,-42.868],[147.618,-42.868],[147.628,-42.87],[147.644,-42.876],[147.644,-42.878],[147.652,-42.89],[147.67,-42.894],[147.67,-42.898],[147.68,-42.902],[147.73,-42.898],[147.734,-42.896],[147.768,-42.906],[147.792,-42.896],[147.79,-42.896],[147.804,-42.892],[147.804,-42.894],[147.816,-42.898],[147.818,-42.894],[147.812,-42.89],[147.812,-42.888],[147.814,-42.888],[147.83,-42.866],[147.836,-42.864],[147.842,-42.858],[147.856,-42.846],[147.864,-42.82],[147.872,-42.836],[147.882,-42.844],[147.904,-42.742],[147.908,-42.742],[147.938,-42.734],[147.604,-42.672],[147.564,-42.69],[147.53,-42.684],[147.528,-42.688],[147.524,-42.692],[147.524,-42.7],[147.48,-42.706],[147.47,-42.772],[147.458,-42.78],[147.474,-42.792],[147.492,-42.798],[147.524,-42.794],[147.526,-42.798],[147.536,-42.804],[147.54,-42.8],[147.53,-42.782],[147.532,-42.782],[147.534,-42.778],[147.534,-42.776],[147.536,-42.774],[147.538,-42.78],[147.554,-42.794],[147.564,-42.792],[147.566,-42.792],[147.566,-42.794],[147.568,-42.794],[147.59,-42.8],[147.59,-42.798],[147.594,-42.794],[147.594,-42.782],[147.6,-42.796],[147.6,-42.798]]]}},{"type":"Feature","id":"65010","properties":{"id":"65010","name":"Southern Midlands","regionAbbrev":"AUTAS","ste":"6"},"geometry":{"type":"Polygon","coordinates":[[[147.386,-42.684],[147.524,-42.7],[147.524,-42.692],[147.528,-42.688],[147.53,-42.684],[147.564,-42.69],[147.604,-42.672],[147.626,-42.622],[147.586,-42.614],[147.586,-42.564],[147.578,-42.564],[147.576,-42.564],[147.67,-42.486],[147.672,-42.478],[147.686,-42.47],[147.694,-42.46],[147.694,-42.458],[147.71,-42.454],[147.78,-42.38],[147.758,-42.358],[147.816,-42.35],[147.834,-42.342],[147.854,-42.332],[147.826,-42.322],[147.808,-42.312],[147.812,-42.28],[147.568,-42.228],[147.564,-42.224],[147.562,-42.224],[147.55,-42.208],[147.558,-42.202],[147.45,-42.116],[147.37,-42.13],[147.37,-42.128],[147.342,-42.124],[147.34,-42.124],[147.336,-42.122],[147.328,-42.13],[147.26,-42.164],[147.272,-42.218],[147.19,-42.214],[147.236,-42.244],[147.186,-42.266],[147.212,-42.282],[147.21,-42.292],[147.21,-42.3],[147.212,-42.302],[147.212,-42.304],[147.214,-42.306],[147.214,-42.308],[147.216,-42.31],[147.216,-42.312],[147.224,-42.318],[147.238,-42.326],[147.238,-42.332],[147.234,-42.332],[147.228,-42.33],[147.224,-42.332],[147.226,-42.332],[147.196,-42.342],[147.194,-42.342],[147.192,-42.344],[147.18,-42.352],[147.184,-42.354],[147.148,-42.396],[147.168,-42.452],[147.07,-42.506],[147.016,-42.498],[147.054,-42.574],[147.012,-42.606],[147.028,-42.66],[147.092,-42.712],[147.098,-42.718],[147.188,-42.694],[147.202,-42.69],[147.304,-42.654],[147.386,-42.684]]]}},{"type":"Feature","id":"65210","properties":{"id":"65210","name":"Tasman","regionAbbrev":"AUTAS","ste":"6"},"geometry":{"type":"MultiPolygon","coordinates":[[[[147.816,-42.898],[147.814,-42.934],[147.832,-42.934],[147.83,-42.946],[147.858,-42.936],[147.86,-42.94],[147.864,-42.944],[147.866,-42.946],[147.848,-42.952],[147.85,-42.952],[147.854,-42.958],[147.812,-42.962],[147.856,-42.982],[147.84,-43.002],[147.848,-43.006],[147.926,-43.014],[147.86,-43.056],[147.858,-43.056],[147.846,-43.03],[147.842,-43.03],[147.842,-43.034],[147.846,-43.054],[147.814,-43.06],[147.796,-43.048],[147.764,-43.034],[147.728,-43.024],[147.728,-43.026],[147.728,-43.024],[147.722,-43.014],[147.72,-43.008],[147.71,-43.01],[147.71,-43.008],[147.718,-42.99],[147.72,-42.986],[147.724,-42.986],[147.724,-42.984],[147.696,-42.94],[147.694,-42.94],[147.686,-42.938],[147.684,-42.936],[147.668,-42.938],[147.684,-42.974],[147.658,-42.996],[147.624,-43.002],[147.62,-43.008],[147.62,-43.01],[147.622,-43.018],[147.624,-43.026],[147.628,-43.038],[147.628,-43.04],[147.624,-43.052],[147.624,-43.056],[147.624,-43.058],[147.624,-43.06],[147.624,-43.062],[147.652,-43.088],[147.664,-43.088],[147.676,-43.094],[147.684,-43.102],[147.686,-43.102],[147.708,-43.102],[147.718,-43.098],[147.72,-43.096],[147.728,-43.094],[147.742,-43.104],[147.746,-43.108],[147.746,-43.11],[147.732,-43.1],[147.718,-43.104],[147.724,-43.106],[147.726,-43.108],[147.696,-43.168],[147.696,-43.17],[147.698,-43.17],[147.702,-43.174],[147.702,-43.176],[147.704,-43.176],[147.708,-43.178],[147.712,-43.19],[147.718,-43.198],[147.72,-43.196],[147.732,-43.198],[147.734,-43.198],[147.742,-43.198],[147.782,-43.22],[147.782,-43.222],[147.784,-43.224],[147.782,-43.23],[147.782,-43.232],[147.8,-43.242],[147.8,-43.238],[147.8,-43.232],[147.8,-43.23],[147.8,-43.228],[147.8,-43.224],[147.8,-43.222],[147.798,-43.22],[147.798,-43.218],[147.806,-43.21],[147.808,-43.208],[147.814,-43.208],[147.814,-43.206],[147.818,-43.206],[147.82,-43.204],[147.82,-43.202],[147.822,-43.2],[147.844,-43.188],[147.846,-43.188],[147.848,-43.188],[147.848,-43.19],[147.85,-43.194],[147.876,-43.194],[147.866,-43.168],[147.872,-43.152],[147.87,-43.15],[147.856,-43.162],[147.854,-43.148],[147.86,-43.142],[147.858,-43.128],[147.852,-43.124],[147.858,-43.124],[147.868,-43.126],[147.888,-43.128],[147.894,-43.138],[147.89,-43.144],[147.892,-43.144],[147.892,-43.146],[147.894,-43.152],[147.896,-43.154],[147.894,-43.164],[147.898,-43.19],[147.9,-43.19],[147.95,-43.206],[147.948,-43.212],[147.948,-43.214],[147.95,-43.216],[147.958,-43.216],[147.962,-43.216],[147.966,-43.216],[147.968,-43.216],[147.972,-43.216],[147.972,-43.218],[147.978,-43.218],[147.986,-43.224],[147.996,-43.222],[147.996,-43.224],[147.998,-43.224],[148,-43.226],[148.004,-43.226],[148.006,-43.224],[147.996,-43.216],[147.97,-43.198],[147.964,-43.188],[147.964,-43.186],[147.964,-43.184],[147.966,-43.184],[147.982,-43.162],[147.982,-43.16],[147.982,-43.158],[147.986,-43.156],[147.998,-43.146],[147.998,-43.144],[148,-43.144],[148.002,-43.144],[148.006,-43.138],[148.008,-43.138],[148.01,-43.138],[148.008,-43.136],[148.006,-43.138],[148,-43.14],[147.968,-43.126],[147.978,-43.122],[147.978,-43.124],[147.98,-43.122],[147.978,-43.118],[147.978,-43.114],[147.976,-43.104],[147.974,-43.102],[147.97,-43.1],[147.972,-43.1],[147.968,-43.096],[147.968,-43.094],[147.962,-43.086],[147.964,-43.086],[147.966,-43.084],[147.96,-43.076],[147.956,-43.068],[147.946,-43.058],[147.954,-43.05],[147.952,-43.044],[147.952,-43.042],[147.954,-43.042],[147.952,-43.038],[147.95,-43.036],[147.948,-43.032],[147.954,-42.996],[147.956,-42.996],[147.956,-42.992],[147.978,-42.982],[147.99,-42.974],[147.988,-42.974],[148,-42.964],[147.996,-42.954],[147.986,-42.944],[147.998,-42.916],[147.996,-42.91],[147.976,-42.888],[147.974,-42.888],[147.974,-42.884],[147.974,-42.882],[147.97,-42.884],[147.966,-42.884],[147.972,-42.874],[147.972,-42.87],[147.974,-42.87],[147.974,-42.868],[147.972,-42.868],[147.956,-42.872],[147.954,-42.872],[147.952,-42.872],[147.95,-42.872],[147.95,-42.874],[147.922,-42.858],[147.924,-42.858],[147.924,-42.856],[147.924,-42.854],[147.922,-42.852],[147.922,-42.846],[147.92,-42.844],[147.908,-42.844],[147.906,-42.842],[147.894,-42.842],[147.866,-42.87],[147.874,-42.876],[147.904,-42.904],[147.874,-42.892],[147.818,-42.894],[147.816,-42.898]]],[[[147.644,-42.944],[147.644,-42.958],[147.65,-42.948],[147.648,-42.948],[147.644,-42.944]]],[[[148.002,-43.23],[147.998,-43.238],[148,-43.244],[148,-43.246],[148.01,-43.238],[148.008,-43.232],[148.006,-43.232],[148.004,-43.23],[148.002,-43.23]]],[[[147.974,-42.88],[147.974,-42.882],[147.978,-42.882],[147.976,-42.88],[147.974,-42.88]]],[[[147.962,-43.076],[147.96,-43.074],[147.96,-43.076],[147.962,-43.076]]]]}},{"type":"Feature","id":"65410","properties":{"id":"65410","name":"Waratah-Wynyard","regionAbbrev":"AUTAS","ste":"6"},"geometry":{"type":"Polygon","coordinates":[[[145.84,-41.042],[145.782,-41.008],[145.734,-40.988],[145.722,-40.98],[145.722,-40.978],[145.74,-40.984],[145.73,-40.978],[145.732,-40.948],[145.714,-40.946],[145.71,-40.942],[145.706,-40.942],[145.698,-40.94],[145.692,-40.94],[145.682,-40.938],[145.68,-40.938],[145.678,-40.938],[145.678,-40.94],[145.668,-40.938],[145.636,-40.932],[145.634,-40.934],[145.632,-40.934],[145.628,-40.934],[145.624,-40.932],[145.618,-40.926],[145.614,-40.924],[145.612,-40.926],[145.608,-40.924],[145.606,-40.924],[145.604,-40.924],[145.602,-40.926],[145.6,-40.924],[145.598,-40.924],[145.588,-40.918],[145.588,-40.916],[145.562,-40.916],[145.546,-40.906],[145.456,-41.094],[145.116,-41.406],[145.068,-41.634],[145.07,-41.634],[145.07,-41.636],[145.066,-41.648],[145.092,-41.652],[145.092,-41.65],[145.092,-41.648],[145.094,-41.648],[145.096,-41.65],[145.098,-41.648],[145.1,-41.648],[145.1,-41.646],[145.102,-41.646],[145.634,-41.708],[145.696,-41.65],[145.744,-41.63],[145.746,-41.632],[145.746,-41.63],[145.746,-41.632],[145.748,-41.632],[145.792,-41.598],[145.814,-41.6],[145.822,-41.596],[145.854,-41.582],[145.854,-41.466],[145.846,-41.356],[145.638,-41.356],[145.644,-41.212],[145.696,-41.194],[145.722,-41.174],[145.738,-41.162],[145.748,-41.152],[145.766,-41.142],[145.82,-41.09],[145.818,-41.078],[145.834,-41.062],[145.836,-41.056],[145.838,-41.052],[145.836,-41.052],[145.832,-41.05],[145.838,-41.048],[145.838,-41.046],[145.836,-41.046],[145.836,-41.044],[145.838,-41.044],[145.84,-41.042]]]}},{"type":"Feature","id":"65610","properties":{"id":"65610","name":"West Coast","regionAbbrev":"AUTAS","ste":"6"},"geometry":{"type":"MultiPolygon","coordinates":[[[[146.05,-41.974],[145.952,-41.684],[145.854,-41.582],[145.822,-41.596],[145.814,-41.6],[145.792,-41.598],[145.748,-41.632],[145.746,-41.632],[145.746,-41.63],[145.746,-41.632],[145.744,-41.63],[145.696,-41.65],[145.634,-41.708],[145.102,-41.646],[145.1,-41.646],[145.1,-41.648],[145.098,-41.648],[145.096,-41.65],[145.094,-41.648],[145.092,-41.648],[145.092,-41.65],[145.092,-41.652],[145.066,-41.648],[145.07,-41.636],[145.07,-41.634],[145.068,-41.634],[145.068,-41.636],[145.058,-41.626],[145.048,-41.624],[145.036,-41.616],[145.014,-41.616],[144.976,-41.63],[144.926,-41.664],[144.928,-41.672],[144.914,-41.684],[144.912,-41.688],[144.912,-41.69],[144.914,-41.694],[144.918,-41.708],[144.92,-41.71],[144.922,-41.714],[144.922,-41.716],[144.924,-41.716],[144.928,-41.72],[144.93,-41.72],[144.932,-41.72],[144.932,-41.722],[144.934,-41.724],[144.94,-41.722],[144.942,-41.722],[144.944,-41.718],[144.946,-41.718],[144.948,-41.716],[144.98,-41.738],[144.992,-41.746],[144.996,-41.756],[145.004,-41.768],[145.006,-41.768],[145.008,-41.774],[145.006,-41.778],[145.008,-41.784],[145.01,-41.786],[145.014,-41.792],[145.016,-41.794],[145.02,-41.796],[145.02,-41.798],[145.024,-41.804],[145.034,-41.806],[145.028,-41.81],[145.028,-41.812],[145.03,-41.812],[145.032,-41.814],[145.034,-41.814],[145.038,-41.814],[145.042,-41.814],[145.042,-41.816],[145.044,-41.816],[145.044,-41.818],[145.052,-41.82],[145.056,-41.822],[145.056,-41.824],[145.068,-41.836],[145.07,-41.85],[145.072,-41.854],[145.074,-41.854],[145.074,-41.856],[145.076,-41.856],[145.078,-41.858],[145.08,-41.858],[145.08,-41.86],[145.082,-41.862],[145.086,-41.864],[145.088,-41.866],[145.088,-41.868],[145.092,-41.87],[145.094,-41.87],[145.1,-41.872],[145.102,-41.874],[145.104,-41.874],[145.104,-41.876],[145.106,-41.878],[145.108,-41.876],[145.114,-41.884],[145.114,-41.886],[145.116,-41.886],[145.118,-41.886],[145.118,-41.888],[145.12,-41.888],[145.122,-41.89],[145.122,-41.892],[145.122,-41.894],[145.122,-41.896],[145.124,-41.898],[145.124,-41.9],[145.126,-41.9],[145.128,-41.902],[145.13,-41.902],[145.132,-41.904],[145.14,-41.908],[145.14,-41.91],[145.142,-41.91],[145.142,-41.912],[145.144,-41.912],[145.146,-41.912],[145.148,-41.912],[145.156,-41.92],[145.154,-41.92],[145.156,-41.92],[145.156,-41.922],[145.158,-41.922],[145.182,-41.938],[145.186,-41.94],[145.19,-41.944],[145.192,-41.946],[145.254,-42.06],[145.258,-42.076],[145.266,-42.134],[145.224,-42.218],[145.278,-42.232],[145.288,-42.208],[145.268,-42.202],[145.29,-42.184],[145.292,-42.184],[145.3,-42.18],[145.302,-42.18],[145.304,-42.18],[145.312,-42.174],[145.316,-42.158],[145.312,-42.156],[145.306,-42.152],[145.312,-42.152],[145.314,-42.152],[145.326,-42.156],[145.328,-42.154],[145.374,-42.194],[145.36,-42.194],[145.358,-42.194],[145.352,-42.21],[145.37,-42.206],[145.366,-42.23],[145.362,-42.232],[145.362,-42.234],[145.366,-42.25],[145.372,-42.25],[145.374,-42.25],[145.45,-42.318],[145.464,-42.33],[145.466,-42.334],[145.492,-42.356],[145.494,-42.328],[145.494,-42.324],[145.5,-42.33],[145.5,-42.332],[145.518,-42.34],[145.514,-42.342],[145.53,-42.372],[145.544,-42.354],[145.542,-42.354],[145.544,-42.354],[145.544,-42.352],[145.548,-42.352],[145.558,-42.356],[145.554,-42.358],[145.558,-42.362],[145.544,-42.37],[145.544,-42.38],[145.544,-42.382],[145.55,-42.386],[145.536,-42.388],[145.536,-42.394],[145.536,-42.396],[145.534,-42.396],[145.536,-42.398],[145.536,-42.404],[145.534,-42.406],[145.514,-42.434],[145.524,-42.442],[145.578,-42.444],[145.58,-42.448],[145.594,-42.45],[145.674,-42.442],[145.678,-42.462],[145.674,-42.482],[145.676,-42.494],[145.672,-42.492],[145.674,-42.46],[145.672,-42.444],[145.596,-42.452],[145.54,-42.444],[145.532,-42.45],[145.492,-42.422],[145.458,-42.44],[145.462,-42.438],[145.474,-42.44],[145.466,-42.442],[145.466,-42.444],[145.476,-42.466],[145.478,-42.484],[145.474,-42.5],[145.478,-42.514],[145.482,-42.522],[145.474,-42.526],[145.468,-42.52],[145.466,-42.508],[145.464,-42.502],[145.464,-42.492],[145.466,-42.49],[145.466,-42.484],[145.464,-42.48],[145.464,-42.478],[145.462,-42.468],[145.46,-42.468],[145.46,-42.462],[145.454,-42.448],[145.452,-42.444],[145.448,-42.428],[145.454,-42.404],[145.444,-42.4],[145.44,-42.394],[145.436,-42.388],[145.436,-42.386],[145.432,-42.384],[145.428,-42.382],[145.424,-42.378],[145.42,-42.376],[145.392,-42.372],[145.382,-42.362],[145.38,-42.362],[145.374,-42.356],[145.37,-42.354],[145.366,-42.354],[145.36,-42.35],[145.356,-42.346],[145.346,-42.342],[145.338,-42.34],[145.316,-42.286],[145.3,-42.296],[145.298,-42.296],[145.296,-42.296],[145.284,-42.282],[145.224,-42.228],[145.224,-42.226],[145.216,-42.212],[145.21,-42.208],[145.178,-42.192],[145.178,-42.194],[145.176,-42.194],[145.172,-42.196],[145.166,-42.196],[145.166,-42.198],[145.166,-42.2],[145.168,-42.2],[145.168,-42.198],[145.17,-42.2],[145.172,-42.202],[145.172,-42.204],[145.174,-42.204],[145.176,-42.206],[145.176,-42.208],[145.178,-42.208],[145.184,-42.208],[145.186,-42.208],[145.188,-42.21],[145.188,-42.216],[145.19,-42.232],[145.19,-42.234],[145.19,-42.236],[145.19,-42.24],[145.19,-42.242],[145.196,-42.246],[145.2,-42.248],[145.202,-42.25],[145.204,-42.252],[145.206,-42.256],[145.206,-42.258],[145.208,-42.262],[145.208,-42.264],[145.212,-42.272],[145.214,-42.278],[145.212,-42.286],[145.21,-42.288],[145.212,-42.288],[145.214,-42.296],[145.214,-42.298],[145.21,-42.304],[145.2,-42.31],[145.196,-42.312],[145.198,-42.322],[145.198,-42.324],[145.196,-42.326],[145.198,-42.328],[145.204,-42.334],[145.206,-42.334],[145.206,-42.336],[145.212,-42.338],[145.212,-42.34],[145.21,-42.34],[145.212,-42.342],[145.214,-42.346],[145.214,-42.348],[145.216,-42.35],[145.218,-42.35],[145.22,-42.35],[145.22,-42.352],[145.222,-42.354],[145.218,-42.362],[145.216,-42.366],[145.218,-42.366],[145.218,-42.368],[145.228,-42.368],[145.226,-42.386],[145.228,-42.386],[145.236,-42.39],[145.236,-42.396],[145.236,-42.398],[145.234,-42.398],[145.236,-42.4],[145.234,-42.4],[145.236,-42.4],[145.236,-42.402],[145.238,-42.406],[145.242,-42.406],[145.24,-42.406],[145.238,-42.41],[145.24,-42.41],[145.24,-42.412],[145.238,-42.414],[145.236,-42.416],[145.242,-42.422],[145.242,-42.424],[145.24,-42.424],[145.242,-42.424],[145.246,-42.43],[145.244,-42.43],[145.244,-42.432],[145.244,-42.434],[145.252,-42.442],[145.252,-42.446],[145.254,-42.446],[145.254,-42.448],[145.254,-42.452],[145.248,-42.452],[145.246,-42.456],[145.246,-42.462],[145.246,-42.464],[145.244,-42.464],[145.246,-42.482],[145.254,-42.494],[145.258,-42.498],[145.258,-42.5],[145.26,-42.51],[145.254,-42.52],[145.272,-42.54],[145.27,-42.54],[145.272,-42.542],[145.274,-42.544],[145.274,-42.546],[145.276,-42.548],[145.274,-42.548],[145.276,-42.55],[145.278,-42.55],[145.28,-42.55],[145.28,-42.552],[145.276,-42.554],[145.278,-42.562],[145.28,-42.562],[145.282,-42.564],[145.294,-42.568],[145.294,-42.566],[145.296,-42.566],[145.296,-42.568],[145.298,-42.568],[145.304,-42.57],[145.3,-42.578],[145.302,-42.58],[145.302,-42.584],[145.302,-42.588],[145.3,-42.59],[145.3,-42.592],[145.298,-42.592],[145.296,-42.594],[145.3,-42.596],[145.3,-42.598],[145.296,-42.6],[145.296,-42.602],[145.274,-42.612],[145.27,-42.614],[145.268,-42.614],[145.268,-42.612],[145.266,-42.612],[145.264,-42.616],[145.264,-42.618],[145.264,-42.62],[145.264,-42.622],[145.264,-42.62],[145.266,-42.622],[145.268,-42.622],[145.268,-42.624],[145.27,-42.624],[145.27,-42.626],[145.272,-42.628],[145.282,-42.628],[145.284,-42.63],[145.286,-42.63],[145.288,-42.624],[145.336,-42.632],[145.334,-42.656],[145.34,-42.652],[145.342,-42.654],[145.366,-42.656],[145.368,-42.66],[145.366,-42.664],[145.368,-42.668],[145.366,-42.668],[145.366,-42.67],[145.368,-42.678],[145.366,-42.688],[145.368,-42.69],[145.368,-42.692],[145.37,-42.692],[145.376,-42.702],[145.378,-42.704],[145.376,-42.704],[145.378,-42.706],[145.378,-42.71],[145.378,-42.712],[145.378,-42.714],[145.38,-42.72],[145.382,-42.72],[145.382,-42.722],[145.384,-42.724],[145.384,-42.728],[145.386,-42.728],[145.388,-42.726],[145.394,-42.72],[145.394,-42.722],[145.394,-42.724],[145.394,-42.726],[145.392,-42.728],[145.392,-42.73],[145.394,-42.734],[145.396,-42.736],[145.392,-42.736],[145.39,-42.736],[145.388,-42.738],[145.388,-42.742],[145.386,-42.744],[145.384,-42.746],[145.382,-42.748],[145.38,-42.752],[145.38,-42.754],[145.382,-42.754],[145.382,-42.756],[145.382,-42.76],[145.384,-42.764],[145.384,-42.77],[145.386,-42.77],[145.39,-42.77],[145.394,-42.774],[145.396,-42.776],[145.398,-42.776],[145.4,-42.776],[145.402,-42.778],[145.404,-42.776],[145.406,-42.776],[145.408,-42.778],[145.408,-42.78],[145.41,-42.78],[145.408,-42.784],[145.41,-42.786],[145.412,-42.786],[145.412,-42.788],[145.414,-42.794],[145.418,-42.8],[145.418,-42.806],[145.418,-42.808],[145.42,-42.808],[145.424,-42.814],[145.422,-42.822],[145.424,-42.822],[145.424,-42.824],[145.424,-42.826],[145.424,-42.828],[145.426,-42.828],[145.424,-42.828],[145.424,-42.832],[145.426,-42.842],[145.428,-42.844],[145.428,-42.846],[145.43,-42.848],[145.43,-42.85],[145.434,-42.85],[145.434,-42.852],[145.436,-42.854],[145.436,-42.856],[145.436,-42.858],[145.436,-42.86],[145.438,-42.864],[145.438,-42.866],[145.44,-42.866],[145.442,-42.868],[145.44,-42.868],[145.438,-42.87],[145.436,-42.872],[145.436,-42.874],[145.438,-42.874],[145.44,-42.876],[145.442,-42.876],[145.446,-42.884],[145.448,-42.886],[145.454,-42.898],[145.456,-42.9],[145.472,-42.906],[145.478,-42.914],[145.482,-42.914],[145.484,-42.914],[145.484,-42.918],[145.482,-42.92],[145.484,-42.922],[145.482,-42.928],[145.482,-42.93],[145.484,-42.93],[145.484,-42.932],[145.49,-42.93],[145.49,-42.932],[145.492,-42.936],[145.494,-42.94],[145.494,-42.944],[145.494,-42.946],[145.496,-42.946],[145.496,-42.948],[145.498,-42.95],[145.5,-42.95],[145.496,-42.952],[145.494,-42.954],[145.492,-42.956],[145.494,-42.958],[145.496,-42.958],[145.498,-42.958],[145.496,-42.958],[145.496,-42.96],[145.498,-42.962],[145.496,-42.966],[145.496,-42.968],[145.496,-42.974],[145.498,-42.976],[145.502,-42.978],[145.502,-42.98],[145.5,-42.984],[145.5,-42.986],[145.498,-42.988],[145.496,-42.988],[145.496,-42.99],[145.55,-42.976],[145.6,-42.986],[145.602,-42.986],[145.6,-42.988],[145.608,-42.99],[145.608,-42.992],[145.606,-42.994],[145.604,-42.996],[145.606,-42.998],[145.606,-43],[145.608,-43.002],[145.608,-43],[145.61,-43.002],[145.61,-43.004],[145.612,-43.006],[145.616,-43.01],[145.616,-43.012],[145.622,-43.016],[145.624,-43.016],[145.624,-43.018],[145.626,-43.018],[145.628,-43.018],[145.628,-43.02],[145.63,-43.018],[145.634,-43.02],[145.634,-43.022],[145.64,-43.026],[145.64,-43.028],[145.638,-43.028],[145.64,-43.03],[145.638,-43.032],[145.64,-43.032],[145.642,-43.034],[145.642,-43.04],[145.642,-43.042],[145.644,-43.042],[145.644,-43.04],[145.644,-43.042],[145.646,-43.042],[145.648,-43.046],[145.648,-43.048],[145.65,-43.048],[145.652,-43.048],[145.654,-43.048],[145.656,-43.046],[145.662,-43.044],[145.668,-43.048],[145.67,-43.05],[145.674,-43.05],[145.676,-43.052],[145.68,-43.05],[145.682,-43.05],[145.684,-43.068],[145.68,-43.068],[145.676,-43.076],[145.674,-43.076],[145.672,-43.078],[145.672,-43.082],[145.672,-43.084],[145.672,-43.086],[145.674,-43.094],[145.67,-43.094],[145.668,-43.094],[145.666,-43.094],[145.666,-43.092],[145.666,-43.094],[145.666,-43.096],[145.668,-43.096],[145.67,-43.098],[145.67,-43.1],[145.672,-43.1],[145.672,-43.102],[145.674,-43.102],[145.676,-43.102],[145.678,-43.102],[145.676,-43.102],[145.678,-43.1],[145.678,-43.102],[145.68,-43.102],[145.68,-43.1],[145.682,-43.102],[145.684,-43.1],[145.684,-43.102],[145.686,-43.102],[145.686,-43.104],[145.686,-43.106],[145.688,-43.106],[145.688,-43.108],[145.688,-43.11],[145.69,-43.11],[145.692,-43.112],[145.692,-43.114],[145.694,-43.116],[145.694,-43.118],[145.698,-43.118],[145.702,-43.118],[145.704,-43.118],[145.706,-43.116],[145.708,-43.116],[145.708,-43.118],[145.71,-43.116],[145.712,-43.114],[145.712,-43.112],[145.714,-43.112],[145.716,-43.108],[145.716,-43.112],[145.716,-43.11],[145.734,-43.118],[145.734,-43.12],[145.732,-43.12],[145.73,-43.12],[145.728,-43.122],[145.728,-43.12],[145.726,-43.12],[145.726,-43.122],[145.726,-43.124],[145.726,-43.128],[145.724,-43.134],[145.722,-43.134],[145.724,-43.136],[145.724,-43.138],[145.726,-43.138],[145.728,-43.138],[145.73,-43.138],[145.732,-43.138],[145.734,-43.138],[145.736,-43.14],[145.734,-43.14],[145.736,-43.14],[145.738,-43.14],[145.738,-43.142],[145.74,-43.142],[145.74,-43.144],[145.742,-43.144],[145.744,-43.148],[145.744,-43.15],[145.744,-43.152],[145.746,-43.152],[145.746,-43.154],[145.746,-43.156],[145.752,-43.16],[145.754,-43.162],[145.758,-43.168],[145.756,-43.17],[145.756,-43.172],[145.756,-43.174],[145.758,-43.174],[145.76,-43.178],[145.76,-43.18],[145.76,-43.182],[145.76,-43.184],[145.76,-43.186],[145.758,-43.188],[145.758,-43.19],[145.76,-43.19],[145.764,-43.192],[145.766,-43.192],[145.768,-43.192],[145.768,-43.19],[145.772,-43.188],[145.774,-43.188],[145.776,-43.188],[145.792,-43.19],[145.794,-43.19],[145.794,-43.194],[145.792,-43.194],[145.792,-43.196],[145.79,-43.196],[145.792,-43.2],[145.794,-43.2],[145.794,-43.202],[145.796,-43.202],[145.798,-43.202],[145.798,-43.204],[145.8,-43.204],[145.798,-43.206],[145.804,-43.21],[145.804,-43.214],[145.804,-43.226],[145.806,-43.242],[145.804,-43.242],[145.806,-43.244],[145.808,-43.246],[145.808,-43.248],[145.806,-43.248],[145.808,-43.248],[145.812,-43.248],[145.818,-43.25],[145.818,-43.252],[145.818,-43.258],[145.818,-43.262],[145.818,-43.268],[145.818,-43.27],[145.818,-43.276],[145.822,-43.282],[145.824,-43.28],[145.826,-43.28],[145.83,-43.282],[145.83,-43.284],[145.828,-43.284],[145.83,-43.286],[145.834,-43.288],[145.834,-43.286],[145.834,-43.288],[145.838,-43.29],[145.838,-43.292],[145.84,-43.292],[145.838,-43.292],[145.84,-43.294],[145.848,-43.292],[145.854,-43.3],[145.854,-43.302],[145.852,-43.302],[145.852,-43.304],[145.85,-43.304],[145.848,-43.304],[145.844,-43.304],[145.844,-43.306],[145.842,-43.306],[145.844,-43.306],[145.846,-43.31],[145.844,-43.31],[145.842,-43.31],[145.84,-43.314],[145.842,-43.314],[145.844,-43.312],[145.846,-43.312],[145.846,-43.314],[145.85,-43.308],[145.85,-43.306],[145.854,-43.308],[145.862,-43.318],[145.864,-43.318],[145.87,-43.322],[145.872,-43.322],[145.872,-43.32],[145.874,-43.318],[145.874,-43.316],[145.876,-43.316],[145.876,-43.314],[145.876,-43.312],[145.89,-43.312],[145.892,-43.312],[145.892,-43.314],[145.894,-43.314],[145.896,-43.314],[145.896,-43.312],[145.896,-43.31],[145.896,-43.308],[145.896,-43.306],[145.896,-43.304],[145.896,-43.302],[145.898,-43.302],[145.9,-43.3],[145.902,-43.3],[145.904,-43.298],[145.906,-43.298],[145.906,-43.3],[145.908,-43.298],[145.912,-43.3],[145.916,-43.3],[145.918,-43.302],[145.922,-43.302],[145.924,-43.3],[145.926,-43.3],[145.922,-43.294],[145.92,-43.286],[145.922,-43.286],[145.92,-43.286],[145.922,-43.282],[145.922,-43.28],[145.924,-43.276],[145.904,-43.266],[145.906,-43.27],[145.904,-43.27],[145.906,-43.272],[145.904,-43.272],[145.87,-43.282],[145.864,-43.276],[145.864,-43.272],[145.866,-43.272],[145.866,-43.27],[145.876,-43.272],[145.876,-43.27],[145.876,-43.268],[145.886,-43.258],[145.916,-43.248],[145.928,-43.246],[145.928,-43.242],[145.928,-43.24],[145.928,-43.238],[145.926,-43.232],[145.924,-43.224],[145.92,-43.216],[145.916,-43.216],[145.914,-43.208],[145.92,-43.204],[145.92,-43.206],[145.922,-43.204],[145.912,-43.196],[145.912,-43.19],[145.914,-43.19],[145.926,-43.174],[145.922,-43.174],[145.922,-43.172],[145.92,-43.168],[145.922,-43.168],[145.924,-43.16],[145.926,-43.158],[145.926,-43.156],[145.928,-43.156],[145.934,-43.156],[145.936,-43.154],[145.936,-43.152],[145.938,-43.15],[145.984,-43.134],[145.976,-43.06],[145.978,-43.038],[145.966,-42.952],[145.964,-42.95],[145.962,-42.95],[145.962,-42.948],[145.96,-42.948],[145.95,-42.906],[145.834,-42.718],[145.902,-42.692],[146.09,-42.488],[146.11,-42.45],[146.114,-42.442],[146.132,-42.424],[146.134,-42.424],[146.134,-42.416],[146.13,-42.408],[146.106,-42.394],[146.1,-42.37],[146.098,-42.356],[146.098,-42.354],[146.098,-42.342],[146.096,-42.338],[146.098,-42.338],[146.098,-42.294],[146,-42.066],[146.05,-41.974]]],[[[145.798,-43.202],[145.794,-43.204],[145.798,-43.204],[145.798,-43.202]]],[[[145.448,-42.388],[145.446,-42.39],[145.45,-42.386],[145.448,-42.386],[145.448,-42.388]]],[[[144.934,-41.726],[144.936,-41.726],[144.936,-41.724],[144.934,-41.724],[144.934,-41.726]]],[[[145.784,-43.224],[145.784,-43.226],[145.786,-43.224],[145.788,-43.224],[145.786,-43.222],[145.784,-43.222],[145.784,-43.224]]],[[[145.812,-43.278],[145.812,-43.28],[145.814,-43.28],[145.816,-43.278],[145.812,-43.278]]]]}},{"type":"Feature","id":"65810","properties":{"id":"65810","name":"West Tamar","regionAbbrev":"AUTAS","ste":"6"},"geometry":{"type":"MultiPolygon","coordinates":[[[[146.704,-41.332],[146.772,-41.376],[146.928,-41.39],[147.068,-41.456],[147.072,-41.456],[147.074,-41.452],[147.076,-41.452],[147.104,-41.466],[147.114,-41.45],[147.116,-41.428],[147.12,-41.426],[147.116,-41.42],[147.114,-41.42],[147.114,-41.418],[147.122,-41.414],[147.12,-41.408],[147.12,-41.41],[147.118,-41.41],[147.118,-41.408],[147.108,-41.4],[147.1,-41.398],[147.1,-41.4],[147.086,-41.394],[147.076,-41.386],[147.076,-41.384],[147.076,-41.382],[147.074,-41.382],[147.076,-41.382],[147.076,-41.38],[147.074,-41.38],[147.074,-41.378],[147.076,-41.378],[147.076,-41.374],[147.076,-41.372],[147.076,-41.37],[147.076,-41.368],[147.074,-41.364],[147.046,-41.346],[147.044,-41.346],[147.034,-41.35],[147.01,-41.328],[147.006,-41.322],[146.968,-41.296],[146.974,-41.252],[146.972,-41.254],[146.968,-41.252],[146.956,-41.258],[146.946,-41.256],[146.942,-41.25],[146.936,-41.236],[146.936,-41.234],[146.898,-41.2],[146.902,-41.202],[146.908,-41.206],[146.908,-41.204],[146.91,-41.188],[146.922,-41.17],[146.922,-41.168],[146.87,-41.162],[146.868,-41.162],[146.868,-41.164],[146.866,-41.166],[146.864,-41.166],[146.86,-41.17],[146.85,-41.168],[146.844,-41.166],[146.842,-41.17],[146.844,-41.176],[146.856,-41.188],[146.846,-41.186],[146.84,-41.19],[146.84,-41.192],[146.838,-41.196],[146.836,-41.196],[146.834,-41.186],[146.836,-41.174],[146.828,-41.172],[146.826,-41.168],[146.822,-41.17],[146.824,-41.162],[146.824,-41.158],[146.824,-41.156],[146.812,-41.144],[146.798,-41.146],[146.788,-41.15],[146.786,-41.15],[146.788,-41.154],[146.774,-41.16],[146.774,-41.162],[146.772,-41.164],[146.77,-41.158],[146.768,-41.152],[146.766,-41.15],[146.768,-41.15],[146.77,-41.15],[146.78,-41.146],[146.782,-41.146],[146.784,-41.144],[146.82,-41.136],[146.81,-41.116],[146.81,-41.114],[146.808,-41.112],[146.798,-41.116],[146.796,-41.11],[146.794,-41.112],[146.79,-41.112],[146.792,-41.11],[146.794,-41.108],[146.798,-41.108],[146.798,-41.106],[146.736,-41.076],[146.714,-41.064],[146.68,-41.1],[146.678,-41.1],[146.662,-41.096],[146.762,-41.286],[146.706,-41.298],[146.704,-41.332]]],[[[147.088,-41.38],[147.08,-41.372],[147.08,-41.378],[147.082,-41.378],[147.082,-41.38],[147.088,-41.38]]]]}},{"type":"Feature","id":"70200","properties":{"id":"70200","name":"Alice Springs","regionAbbrev":"AUNT","ste":"7"},"geometry":{"type":"Polygon","coordinates":[[[133.812,-23.696],[133.812,-23.724],[133.726,-23.748],[133.756,-23.812],[133.872,-23.792],[133.884,-23.832],[133.94,-23.83],[133.92,-23.63],[133.812,-23.63],[133.812,-23.696]]]}},{"type":"Feature","id":"70420","properties":{"id":"70420","name":"Barkly","regionAbbrev":"AUNT","ste":"7"},"geometry":{"type":"Polygon","coordinates":[[[137.998,-21.194],[137.996,-18.178],[137.996,-17.61],[137.592,-17.61],[137.592,-17.5],[136.826,-17.5],[136.826,-17.454],[136.062,-17.454],[136.062,-17.266],[135.882,-17.266],[135.882,-16.954],[135.94,-16.918],[135.776,-16.792],[135.776,-16.954],[135.586,-16.954],[135.586,-17.12],[135.076,-17.122],[135.076,-16.502],[134.848,-16.502],[134.848,-16.648],[134.444,-16.648],[134.444,-16.866],[133.588,-16.866],[133.588,-17.122],[133.29,-17.122],[133.26,-17.076],[133.212,-17.076],[133.212,-16.866],[132.964,-16.866],[132.964,-16.792],[132.738,-16.792],[132.738,-16.582],[132.524,-16.582],[132.402,-16.582],[132.402,-17.306],[132.092,-17.306],[132.122,-17.818],[131.648,-17.818],[131.646,-18.324],[132.022,-18.324],[132.026,-20.256],[132.756,-20.852],[132.756,-21.076],[133.162,-21.076],[133.162,-21.194],[133.326,-21.194],[133.326,-20.722],[133.658,-20.722],[133.66,-21.408],[133.772,-21.408],[133.772,-21.568],[133.892,-21.568],[133.792,-21.696],[134.372,-21.7],[134.372,-21.846],[134.426,-21.846],[134.61,-22.044],[134.6,-22.12],[134.544,-22.152],[134.56,-22.228],[134.532,-22.296],[134.618,-22.296],[134.628,-22.482],[134.886,-22.482],[134.886,-22.164],[135.152,-22.164],[135.15,-22.548],[135.402,-22.548],[135.402,-22.48],[135.468,-22.452],[135.608,-22.552],[135.9,-22.58],[135.918,-22.54],[135.98,-22.546],[135.98,-22.164],[136.152,-22.164],[136.404,-21.988],[137.682,-21.998],[137.682,-21.928],[137.998,-21.928],[137.998,-21.194]]]}},{"type":"Feature","id":"70540","properties":{"id":"70540","name":"Belyuen","regionAbbrev":"AUNT","ste":"7"},"geometry":{"type":"Polygon","coordinates":[[[130.694,-12.566],[130.714,-12.508],[130.654,-12.508],[130.654,-12.566],[130.694,-12.566]]]}},{"type":"Feature","id":"70620","properties":{"id":"70620","name":"Central Desert","regionAbbrev":"AUNT","ste":"7"},"geometry":{"type":"Polygon","coordinates":[[[137.998,-21.928],[137.682,-21.928],[137.682,-21.998],[136.404,-21.988],[136.152,-22.164],[135.98,-22.164],[135.98,-22.546],[135.918,-22.54],[135.9,-22.58],[135.608,-22.552],[135.468,-22.452],[135.402,-22.48],[135.402,-22.548],[135.15,-22.548],[135.152,-22.164],[134.886,-22.164],[134.886,-22.482],[134.628,-22.482],[134.618,-22.296],[134.532,-22.296],[134.56,-22.228],[134.544,-22.152],[134.6,-22.12],[134.61,-22.044],[134.426,-21.846],[134.372,-21.846],[134.372,-21.7],[133.792,-21.696],[133.892,-21.568],[133.772,-21.568],[133.772,-21.408],[133.66,-21.408],[133.658,-20.722],[133.326,-20.722],[133.326,-21.194],[133.162,-21.194],[133.162,-21.076],[132.756,-21.076],[132.756,-20.852],[132.026,-20.256],[132.022,-18.324],[131.646,-18.324],[130.634,-18.322],[130.634,-17.944],[130.122,-17.944],[130.122,-18.682],[129,-18.682],[129.002,-21.232],[129.002,-23.02],[131.89,-23.016],[131.89,-22.912],[132.068,-22.912],[132.068,-22.854],[132.306,-22.854],[132.306,-23.018],[133.836,-23.018],[133.882,-23.098],[134.126,-23.098],[134.126,-23.598],[134.442,-23.598],[134.462,-23.554],[134.6,-23.554],[134.6,-23.444],[134.716,-23.458],[134.716,-23.486],[134.952,-23.486],[134.952,-23.308],[135.05,-23.374],[135.194,-23.374],[135.266,-23.552],[135.378,-23.616],[135.424,-23.618],[135.422,-23.496],[135.66,-23.494],[135.66,-23.758],[135.776,-23.83],[135.998,-24.198],[136.612,-23.886],[138,-23.872],[138,-23.52],[137.998,-21.928]]]}},{"type":"Feature","id":"70700","properties":{"id":"70700","name":"Coomalie","regionAbbrev":"AUNT","ste":"7"},"geometry":{"type":"Polygon","coordinates":[[[131.204,-12.86],[131.068,-12.816],[131.038,-12.816],[131.038,-12.86],[130.89,-12.86],[130.89,-13.028],[130.912,-13.016],[130.93,-13.082],[130.89,-13.168],[130.936,-13.27],[130.962,-13.22],[131.044,-13.19],[131.098,-13.234],[131.098,-13.28],[131.014,-13.28],[131.014,-13.442],[131.014,-13.488],[131.186,-13.488],[131.244,-13.488],[131.244,-13.348],[131.186,-13.33],[131.186,-13.286],[131.126,-13.246],[131.184,-13.228],[131.254,-13.026],[131.252,-13.026],[131.256,-12.996],[131.276,-12.938],[131.204,-12.86]]]}},{"type":"Feature","id":"71000","properties":{"id":"71000","name":"Darwin","regionAbbrev":"AUNT","ste":"7"},"geometry":{"type":"Polygon","coordinates":[[[130.938,-12.342],[130.896,-12.33],[130.858,-12.376],[130.848,-12.376],[130.834,-12.422],[130.822,-12.45],[130.82,-12.45],[130.82,-12.452],[130.818,-12.458],[130.822,-12.46],[130.824,-12.46],[130.826,-12.46],[130.828,-12.46],[130.842,-12.466],[130.85,-12.464],[130.852,-12.462],[130.854,-12.448],[130.852,-12.448],[130.848,-12.44],[130.866,-12.44],[130.932,-12.436],[130.938,-12.344],[130.938,-12.342]]]}},{"type":"Feature","id":"71150","properties":{"id":"71150","name":"Darwin Waterfront Precinct","regionAbbrev":"AUNT","ste":"7"},"geometry":{"type":"Polygon","coordinates":[[[130.842,-12.466],[130.852,-12.47],[130.852,-12.462],[130.85,-12.464],[130.842,-12.466]]]}},{"type":"Feature","id":"71300","properties":{"id":"71300","name":"East Arnhem","regionAbbrev":"AUNT","ste":"7"},"geometry":{"type":"MultiPolygon","coordinates":[[[[136.724,-12.228],[136.764,-12.234],[136.742,-12.272],[136.664,-12.282],[136.6,-12.202],[136.592,-12.094],[136.532,-11.99],[136.49,-12.038],[136.458,-12.004],[136.446,-11.996],[136.582,-11.916],[136.566,-11.878],[136.57,-11.91],[136.524,-11.938],[136.416,-11.958],[136.342,-12.058],[136.266,-12.066],[136.206,-12.154],[136.168,-12.164],[136.17,-12.192],[136.338,-12.204],[136.378,-12.246],[136.344,-12.264],[136.312,-12.388],[136.22,-12.478],[136.152,-12.436],[136.086,-12.458],[136.068,-12.432],[136.016,-12.494],[136.016,-12.396],[135.968,-12.412],[136.024,-12.32],[136.01,-12.29],[136.062,-12.24],[136.014,-12.234],[135.968,-12.274],[135.928,-12.224],[136.046,-12.064],[135.924,-12.156],[135.894,-12.19],[135.886,-12.15],[135.804,-12.198],[135.712,-12.31],[135.722,-12.282],[135.652,-12.196],[135.66,-12.15],[135.834,-11.982],[135.908,-11.952],[135.654,-12.038],[135.57,-12.1],[135.518,-12.06],[135.454,-12.114],[135.366,-12.084],[135.306,-12.124],[135.308,-12.16],[135.224,-12.19],[135.35,-12.24],[135.306,-12.258],[135.268,-12.224],[135.162,-12.224],[135.2,-12.264],[135.22,-12.294],[135.146,-12.236],[135.056,-12.262],[134.972,-12.158],[134.856,-12.132],[134.844,-12.062],[134.796,-12.044],[134.762,-11.952],[134.728,-12.068],[134.806,-12.108],[134.768,-12.232],[134.792,-12.882],[135,-12.882],[135,-13.002],[135,-14],[135.502,-14.322],[135.502,-13.564],[135.922,-13.382],[135.88,-13.356],[135.92,-13.27],[135.948,-13.252],[135.964,-13.296],[135.976,-13.232],[136.012,-13.214],[136.046,-13.31],[136.05,-13.238],[136.084,-13.232],[136.098,-13.16],[136.144,-13.122],[136.134,-13.206],[136.174,-13.278],[136.17,-13.234],[136.246,-13.214],[136.22,-13.136],[136.26,-13.132],[136.282,-13.148],[136.316,-13.158],[136.322,-13.12],[136.292,-13.106],[136.334,-13.032],[136.372,-13.072],[136.356,-13.118],[136.388,-13.226],[136.328,-13.25],[136.332,-13.326],[136.438,-13.218],[136.47,-13.246],[136.484,-13.16],[136.532,-13.154],[136.568,-13.058],[136.454,-12.978],[136.534,-12.992],[136.556,-12.964],[136.566,-12.996],[136.586,-13.012],[136.616,-12.966],[136.64,-13.016],[136.668,-13.004],[136.638,-12.95],[136.55,-12.918],[136.554,-12.874],[136.502,-12.85],[136.466,-12.78],[136.544,-12.806],[136.546,-12.74],[136.622,-12.838],[136.604,-12.726],[136.7,-12.704],[136.694,-12.624],[136.764,-12.572],[136.748,-12.55],[136.68,-12.604],[136.67,-12.584],[136.734,-12.56],[136.726,-12.482],[136.786,-12.448],[136.77,-12.552],[136.772,-12.554],[136.902,-12.39],[136.964,-12.374],[136.98,-12.342],[136.872,-12.382],[136.934,-12.334],[136.928,-12.28],[136.792,-12.186],[136.79,-12.182],[136.78,-12.16],[136.684,-12.182],[136.678,-12.2],[136.686,-12.194],[136.688,-12.192],[136.69,-12.192],[136.694,-12.192],[136.73,-12.212],[136.724,-12.228]]],[[[136.516,-11.796],[136.586,-11.786],[136.628,-11.74],[136.56,-11.782],[136.534,-11.76],[136.516,-11.796]]],[[[136.374,-11.564],[136.45,-11.532],[136.474,-11.466],[136.368,-11.534],[136.374,-11.564]]],[[[136.314,-11.596],[136.32,-11.604],[136.282,-11.602],[136.27,-11.584],[136.224,-11.618],[136.232,-11.646],[136.17,-11.64],[136.16,-11.692],[136.264,-11.662],[136.274,-11.618],[136.298,-11.642],[136.334,-11.622],[136.378,-11.586],[136.366,-11.554],[136.342,-11.59],[136.296,-11.58],[136.314,-11.596]]],[[[135.992,-11.716],[136.048,-11.644],[135.954,-11.678],[135.992,-11.716]]],[[[136.156,-11.698],[136.138,-11.682],[136.132,-11.726],[136.156,-11.698]]],[[[136.942,-14.214],[136.964,-14.166],[136.914,-14.136],[136.88,-14.21],[136.8,-14.148],[136.776,-14.144],[136.784,-14.194],[136.706,-14.17],[136.72,-14.07],[136.752,-14.088],[136.76,-14.048],[136.808,-14.036],[136.762,-14.002],[136.78,-13.934],[136.858,-13.912],[136.924,-13.804],[136.906,-13.764],[136.84,-13.744],[136.798,-13.834],[136.838,-13.802],[136.834,-13.846],[136.726,-13.842],[136.736,-13.77],[136.698,-13.774],[136.682,-13.74],[136.73,-13.694],[136.73,-13.652],[136.706,-13.658],[136.632,-13.72],[136.636,-13.688],[136.576,-13.69],[136.632,-13.788],[136.552,-13.82],[136.532,-13.784],[136.514,-13.832],[136.422,-13.816],[136.41,-13.846],[136.42,-13.858],[136.408,-13.976],[136.444,-14.122],[136.324,-14.212],[136.326,-14.246],[136.438,-14.196],[136.65,-14.296],[136.754,-14.258],[136.904,-14.31],[136.906,-14.286],[136.964,-14.284],[136.942,-14.214]]],[[[136.254,-13.68],[136.2,-13.664],[136.176,-13.746],[136.124,-13.722],[136.11,-13.742],[136.118,-13.83],[136.168,-13.834],[136.146,-13.784],[136.172,-13.768],[136.208,-13.814],[136.206,-13.816],[136.2,-13.854],[136.242,-13.848],[136.26,-13.784],[136.284,-13.788],[136.254,-13.748],[136.302,-13.736],[136.254,-13.682],[136.254,-13.68]]],[[[136.5,-13.716],[136.466,-13.738],[136.52,-13.792],[136.532,-13.702],[136.5,-13.716]]],[[[136.368,-13.842],[136.358,-13.808],[136.336,-13.844],[136.368,-13.842]]],[[[136.622,-13.668],[136.624,-13.664],[136.622,-13.664],[136.622,-13.668]]],[[[136.048,-12.286],[136.05,-12.312],[136.072,-12.276],[136.048,-12.286]]],[[[136.468,-11.84],[136.468,-11.904],[136.498,-11.794],[136.468,-11.84]]],[[[136.412,-11.86],[136.368,-11.904],[136.432,-11.894],[136.412,-11.86]]],[[[136.142,-13.476],[136.206,-13.45],[136.092,-13.358],[136.142,-13.418],[136.142,-13.564],[136.168,-13.514],[136.142,-13.476]]],[[[136.078,-13.468],[136.11,-13.464],[136.082,-13.444],[136.078,-13.468]]],[[[136.244,-13.458],[136.274,-13.462],[136.248,-13.436],[136.244,-13.458]]],[[[136.608,-11.246],[136.484,-11.456],[136.536,-11.444],[136.628,-11.328],[136.626,-11.284],[136.684,-11.25],[136.668,-11.224],[136.72,-11.194],[136.76,-11.018],[136.714,-11.054],[136.728,-11.098],[136.702,-11.092],[136.708,-11.168],[136.608,-11.246]]],[[[135.564,-12.028],[135.568,-12.072],[135.798,-11.964],[135.932,-11.778],[135.878,-11.756],[135.866,-11.84],[135.734,-11.938],[135.666,-11.936],[135.632,-11.974],[135.596,-11.95],[135.564,-12.022],[135.564,-12.028]]],[[[136.192,-12.002],[136.194,-12.028],[136.132,-12.026],[136.142,-12.06],[136.118,-12.05],[136.128,-12.074],[136.194,-12.076],[136.278,-12.034],[136.318,-11.998],[136.314,-11.974],[136.28,-11.982],[136.22,-12.036],[136.192,-12.002]]],[[[134.93,-12.096],[134.848,-12.044],[134.87,-12.126],[134.902,-12.14],[134.93,-12.096]]],[[[134.91,-12.032],[134.958,-12.066],[134.992,-12.036],[134.91,-12.032]]],[[[135.056,-11.954],[135.122,-11.926],[135.052,-11.92],[135.056,-11.954]]],[[[136.798,-12.118],[136.828,-12.134],[136.824,-12.072],[136.798,-12.118]]],[[[134.848,-12.01],[134.828,-12.022],[134.852,-12.038],[134.852,-12.012],[134.848,-12.01]]],[[[136.702,-12.206],[136.698,-12.228],[136.704,-12.228],[136.702,-12.206]]]]}},{"type":"Feature","id":"72200","properties":{"id":"72200","name":"Katherine","regionAbbrev":"AUNT","ste":"7"},"geometry":{"type":"Polygon","coordinates":[[[132.038,-14.198],[131.964,-14.192],[131.79,-14.354],[131.72,-14.36],[131.66,-14.412],[131.708,-14.554],[131.706,-14.656],[131.892,-14.662],[131.892,-15.068],[132.092,-15.066],[132.092,-15.114],[132.606,-15.114],[132.606,-14.696],[132.636,-14.646],[132.69,-14.68],[132.688,-14.502],[132.586,-14.502],[132.586,-14.414],[132.458,-14.436],[132.446,-14.36],[132.406,-14.33],[132.406,-14.374],[132.22,-14.396],[132.078,-14.292],[132.038,-14.198]]]}},{"type":"Feature","id":"72300","properties":{"id":"72300","name":"Litchfield","regionAbbrev":"AUNT","ste":"7"},"geometry":{"type":"Polygon","coordinates":[[[131.204,-12.86],[131.214,-12.802],[131.284,-12.752],[131.274,-12.706],[131.368,-12.648],[131.398,-12.532],[131.324,-12.452],[131.342,-12.436],[131.302,-12.424],[131.328,-12.384],[131.272,-12.332],[131.294,-12.298],[131.248,-12.222],[131.212,-12.24],[131.23,-12.274],[131.228,-12.272],[131.196,-12.238],[131.222,-12.226],[131.17,-12.172],[131.032,-12.146],[130.996,-12.178],[131.032,-12.238],[131.016,-12.326],[131.028,-12.308],[131.06,-12.332],[131.032,-12.324],[131.056,-12.348],[131.02,-12.372],[130.938,-12.344],[130.932,-12.436],[130.954,-12.444],[130.988,-12.468],[131.014,-12.53],[130.956,-12.534],[130.94,-12.55],[130.924,-12.508],[130.896,-12.53],[130.86,-12.506],[130.902,-12.556],[130.884,-12.574],[130.952,-12.602],[130.946,-12.638],[130.882,-12.606],[130.896,-12.68],[130.89,-12.648],[130.89,-12.86],[131.038,-12.86],[131.038,-12.816],[131.068,-12.816],[131.204,-12.86]]]}},{"type":"Feature","id":"72330","properties":{"id":"72330","name":"MacDonnell","regionAbbrev":"AUNT","ste":"7"},"geometry":{"type":"Polygon","coordinates":[[[138,-23.872],[136.612,-23.886],[135.998,-24.198],[135.776,-23.83],[135.66,-23.758],[135.66,-23.494],[135.422,-23.496],[135.424,-23.618],[135.378,-23.616],[135.266,-23.552],[135.194,-23.374],[135.05,-23.374],[134.952,-23.308],[134.952,-23.486],[134.716,-23.486],[134.716,-23.458],[134.6,-23.444],[134.6,-23.554],[134.462,-23.554],[134.442,-23.598],[134.126,-23.598],[134.126,-23.098],[133.882,-23.098],[133.836,-23.018],[132.306,-23.018],[132.306,-22.854],[132.068,-22.854],[132.068,-22.912],[131.89,-22.912],[131.89,-23.016],[129.002,-23.02],[129.002,-23.44],[129.002,-25.998],[131.048,-25.998],[133.112,-25.998],[135.526,-25.998],[138,-25.996],[138,-23.872]],[[133.812,-23.696],[133.812,-23.63],[133.92,-23.63],[133.94,-23.83],[133.884,-23.832],[133.872,-23.792],[133.756,-23.812],[133.726,-23.748],[133.812,-23.724],[133.812,-23.696]],[[130.93,-25.264],[130.93,-25.148],[131.01,-25.148],[131.01,-25.264],[130.93,-25.264]]]}},{"type":"Feature","id":"72800","properties":{"id":"72800","name":"Palmerston","regionAbbrev":"AUNT","ste":"7"},"geometry":{"type":"Polygon","coordinates":[[[130.954,-12.444],[130.948,-12.496],[130.956,-12.534],[131.014,-12.53],[130.988,-12.468],[130.954,-12.444]]]}},{"type":"Feature","id":"73600","properties":{"id":"73600","name":"Roper Gulf","regionAbbrev":"AUNT","ste":"7"},"geometry":{"type":"MultiPolygon","coordinates":[[[[137.996,-16.538],[137.862,-16.422],[137.73,-16.232],[137.358,-16.116],[137.372,-16.132],[137.254,-16.012],[137.084,-15.944],[136.998,-15.87],[136.976,-15.85],[136.912,-15.9],[136.954,-15.938],[136.824,-15.898],[136.762,-15.916],[136.772,-15.888],[136.706,-15.93],[136.714,-15.856],[136.644,-15.768],[136.684,-15.778],[136.724,-15.696],[136.644,-15.672],[136.556,-15.75],[136.412,-15.626],[136.328,-15.602],[136.318,-15.626],[136.24,-15.416],[135.982,-15.286],[135.664,-15.056],[135.58,-15.044],[135.478,-14.978],[135.412,-14.872],[135.382,-14.726],[135.416,-14.734],[135.466,-14.676],[135.542,-14.652],[135.526,-14.588],[135.588,-14.488],[135.62,-14.422],[135.672,-14.422],[135.73,-14.296],[135.704,-14.27],[135.748,-14.278],[135.792,-14.232],[135.904,-14.19],[135.88,-14.166],[135.912,-13.986],[135.99,-13.896],[136.014,-13.762],[136.084,-13.654],[136.026,-13.652],[136.034,-13.682],[135.958,-13.742],[135.88,-13.714],[135.922,-13.676],[135.88,-13.668],[135.838,-13.572],[135.87,-13.562],[135.864,-13.434],[135.894,-13.424],[135.928,-13.466],[135.934,-13.438],[135.962,-13.446],[135.974,-13.402],[135.926,-13.418],[135.922,-13.382],[135.502,-13.564],[135.502,-14.322],[135,-14],[135,-13.002],[134.98,-13.028],[134.932,-13],[134.842,-13.136],[133,-13.128],[133,-13.404],[132.422,-13.402],[132.422,-13.53],[132.482,-13.53],[132.482,-13.808],[132.366,-13.808],[132.022,-13.808],[132.022,-14.034],[131.946,-14.034],[132.038,-14.198],[132.078,-14.292],[132.22,-14.396],[132.406,-14.374],[132.406,-14.33],[132.446,-14.36],[132.458,-14.436],[132.586,-14.414],[132.586,-14.502],[132.688,-14.502],[132.69,-14.68],[132.636,-14.646],[132.606,-14.696],[132.606,-15.114],[132.092,-15.114],[132.09,-16.066],[132.52,-16.074],[132.524,-16.582],[132.738,-16.582],[132.738,-16.792],[132.964,-16.792],[132.964,-16.866],[133.212,-16.866],[133.212,-17.076],[133.26,-17.076],[133.29,-17.122],[133.588,-17.122],[133.588,-16.866],[134.444,-16.866],[134.444,-16.648],[134.848,-16.648],[134.848,-16.502],[135.076,-16.502],[135.076,-17.122],[135.586,-17.12],[135.586,-16.954],[135.776,-16.954],[135.776,-16.792],[135.94,-16.918],[135.882,-16.954],[135.882,-17.266],[136.062,-17.266],[136.062,-17.454],[136.826,-17.454],[136.826,-17.5],[137.592,-17.5],[137.592,-17.61],[137.996,-17.61],[137.996,-16.538]]],[[[135.69,-14.906],[135.764,-14.902],[135.748,-14.836],[135.69,-14.906]]],[[[136.95,-15.736],[136.978,-15.712],[136.992,-15.79],[137.076,-15.846],[137.106,-15.778],[137.074,-15.746],[137.082,-15.656],[137.01,-15.586],[136.978,-15.634],[136.992,-15.672],[136.962,-15.64],[136.918,-15.684],[136.95,-15.736]]],[[[136.618,-15.554],[136.58,-15.51],[136.526,-15.53],[136.494,-15.642],[136.59,-15.644],[136.618,-15.554]]],[[[136.75,-15.646],[136.738,-15.762],[136.806,-15.722],[136.792,-15.684],[136.838,-15.686],[136.75,-15.646]]],[[[136.872,-15.61],[136.906,-15.59],[136.882,-15.506],[136.842,-15.54],[136.846,-15.646],[136.882,-15.636],[136.872,-15.61]]],[[[136.79,-15.614],[136.82,-15.602],[136.79,-15.59],[136.79,-15.614]]]]}},{"type":"Feature","id":"74050","properties":{"id":"74050","name":"Tiwi Islands","regionAbbrev":"AUNT","ste":"7"},"geometry":{"type":"MultiPolygon","coordinates":[[[[130.698,-11.426],[130.726,-11.42],[130.814,-11.526],[130.756,-11.478],[130.712,-11.488],[130.658,-11.4],[130.658,-11.336],[130.628,-11.382],[130.568,-11.398],[130.556,-11.36],[130.604,-11.32],[130.596,-11.288],[130.516,-11.28],[130.372,-11.17],[130.366,-11.258],[130.412,-11.314],[130.384,-11.346],[130.432,-11.502],[130.49,-11.552],[130.496,-11.658],[130.586,-11.69],[130.684,-11.76],[130.688,-11.796],[130.89,-11.874],[130.966,-11.938],[131.082,-11.836],[131.282,-11.74],[131.38,-11.584],[131.472,-11.606],[131.462,-11.514],[131.544,-11.452],[131.528,-11.398],[131.474,-11.394],[131.458,-11.352],[131.438,-11.266],[131.402,-11.258],[131.382,-11.298],[131.354,-11.25],[131.304,-11.274],[131.316,-11.228],[131.26,-11.19],[131.204,-11.236],[131.21,-11.344],[131.148,-11.25],[131.04,-11.318],[131.032,-11.366],[130.9,-11.308],[130.848,-11.354],[130.706,-11.384],[130.698,-11.426]]],[[[130.638,-11.75],[130.47,-11.666],[130.466,-11.576],[130.376,-11.508],[130.402,-11.424],[130.34,-11.318],[130.252,-11.346],[130.258,-11.398],[130.246,-11.366],[130.15,-11.476],[130.202,-11.51],[130.23,-11.496],[130.272,-11.544],[130.224,-11.504],[130.176,-11.558],[130.194,-11.644],[130.264,-11.662],[130.246,-11.678],[130.294,-11.694],[130.304,-11.728],[130.282,-11.698],[130.264,-11.708],[130.224,-11.67],[130.214,-11.684],[130.236,-11.74],[130.21,-11.718],[130.202,-11.648],[130.158,-11.706],[130.076,-11.668],[130.074,-11.764],[130.032,-11.756],[130.024,-11.798],[130.12,-11.826],[130.316,-11.77],[130.5,-11.83],[130.606,-11.826],[130.638,-11.752],[130.638,-11.75]]]]}},{"type":"Feature","id":"74550","properties":{"id":"74550","name":"Victoria Daly","regionAbbrev":"AUNT","ste":"7"},"geometry":{"type":"Polygon","coordinates":[[[129,-18.682],[130.122,-18.682],[130.122,-17.944],[130.634,-17.944],[130.634,-18.322],[131.646,-18.324],[131.648,-17.818],[132.122,-17.818],[132.092,-17.306],[132.402,-17.306],[132.402,-16.582],[132.524,-16.582],[132.52,-16.074],[132.09,-16.066],[132.092,-15.114],[132.092,-15.066],[131.892,-15.068],[131.892,-14.662],[131.706,-14.656],[131.708,-14.554],[131.66,-14.412],[131.72,-14.36],[131.79,-14.354],[131.964,-14.192],[132.038,-14.198],[131.946,-14.034],[132.022,-14.034],[132.022,-13.808],[132.366,-13.808],[132.308,-13.64],[132.208,-13.596],[132.138,-13.602],[132.028,-13.508],[131.88,-13.176],[131.856,-13.176],[131.856,-13.248],[131.352,-13.248],[131.352,-13.41],[131.456,-13.41],[131.49,-13.472],[131.654,-13.506],[131.712,-13.55],[131.564,-13.55],[131.588,-13.77],[131.564,-13.768],[131.562,-13.946],[131.598,-13.946],[131.598,-13.976],[131.48,-13.976],[131.48,-14.242],[131.418,-14.242],[131.416,-14.192],[131.36,-14.152],[131.312,-14.172],[131.304,-14.122],[131.21,-14.05],[131.244,-14.01],[131.182,-13.934],[131.22,-13.874],[131.162,-13.876],[131.142,-13.838],[131.186,-13.826],[131.186,-13.488],[131.014,-13.488],[131.014,-13.442],[130.934,-13.41],[130.914,-13.502],[130.872,-13.538],[130.806,-13.526],[130.758,-13.582],[130.676,-13.608],[130.662,-13.514],[130.474,-13.514],[130.442,-13.47],[130.412,-13.5],[130.412,-14.37],[130.644,-14.37],[130.644,-14.822],[130.276,-14.892],[130.218,-14.868],[130.176,-14.79],[130.164,-14.814],[130.16,-14.788],[130.092,-14.782],[129.968,-14.804],[129.902,-14.776],[129.806,-14.858],[129.632,-14.844],[129.578,-14.798],[129.618,-14.87],[129.592,-14.89],[129.5,-14.79],[129.592,-14.966],[129.622,-14.95],[129.634,-15.032],[129.664,-15.03],[129.64,-15.076],[129.686,-15.13],[129.564,-15.18],[129.604,-15.108],[129.482,-14.94],[129.242,-14.85],[129.238,-14.84],[129.234,-15.008],[129.302,-15.036],[129.256,-15.062],[129.256,-15.034],[129.232,-15.176],[129.2,-15.146],[129.17,-15.196],[129.202,-15.122],[129.17,-15.044],[129.19,-14.986],[129.13,-14.948],[129.108,-14.988],[129.104,-14.918],[129.002,-14.88],[129,-16.978],[129,-18.682]]]}},{"type":"Feature","id":"74560","properties":{"id":"74560","name":"Wagait","regionAbbrev":"AUNT","ste":"7"},"geometry":{"type":"Polygon","coordinates":[[[130.748,-12.428],[130.732,-12.44],[130.768,-12.448],[130.768,-12.442],[130.766,-12.442],[130.756,-12.436],[130.748,-12.428]]]}},{"type":"Feature","id":"74660","properties":{"id":"74660","name":"West Arnhem","regionAbbrev":"AUNT","ste":"7"},"geometry":{"type":"MultiPolygon","coordinates":[[[[134.762,-11.952],[134.69,-11.962],[134.598,-12.052],[134.476,-12.072],[134.366,-12.044],[134.246,-11.984],[134.254,-12.034],[134.194,-12.074],[134.182,-12.136],[134.162,-12.1],[134.194,-12.028],[134.152,-11.984],[134.176,-11.956],[134.124,-11.896],[134.076,-11.936],[134.076,-11.898],[134.032,-11.854],[133.894,-11.914],[133.824,-11.84],[133.942,-11.77],[133.916,-11.742],[133.796,-11.724],[133.74,-11.782],[133.668,-11.776],[133.63,-11.838],[133.564,-11.808],[133.518,-11.876],[133.534,-11.804],[133.534,-11.76],[133.46,-11.802],[133.41,-11.78],[133.404,-11.732],[133.37,-11.776],[133.322,-11.77],[133.34,-11.694],[133.25,-11.732],[133.162,-11.714],[133.076,-11.52],[132.918,-11.332],[132.872,-11.33],[132.892,-11.362],[132.896,-11.426],[132.842,-11.394],[132.734,-11.518],[132.668,-11.516],[132.628,-11.416],[132.502,-11.33],[132.508,-11.272],[132.452,-11.218],[132.422,-11.222],[132.398,-11.3],[132.374,-11.294],[132.384,-11.206],[132.334,-11.116],[132.318,-11.17],[132.266,-11.176],[132.284,-11.274],[132.188,-11.13],[132.136,-11.122],[132.2,-11.224],[132.174,-11.324],[132.198,-11.302],[132.238,-11.342],[132.224,-11.37],[132.186,-11.358],[132.21,-11.414],[132.178,-11.396],[132.17,-11.42],[132.146,-11.382],[132.138,-11.296],[132.124,-11.35],[132.102,-11.328],[132.116,-11.212],[132.086,-11.232],[132.07,-11.176],[132.046,-11.198],[131.994,-11.124],[131.972,-11.136],[131.992,-11.172],[131.962,-11.178],[131.986,-11.216],[131.932,-11.26],[131.884,-11.182],[131.882,-11.234],[131.816,-11.212],[131.856,-11.276],[131.796,-11.268],[131.806,-11.294],[131.764,-11.312],[131.86,-11.294],[131.944,-11.32],[131.918,-11.356],[131.974,-11.344],[131.986,-11.378],[131.94,-11.396],[132.06,-11.432],[132.036,-11.482],[132.116,-11.54],[132.238,-11.456],[132.528,-11.468],[132.498,-11.504],[132.598,-11.654],[132.508,-11.636],[132.5,-11.68],[132.548,-11.72],[132.646,-11.728],[132.58,-11.788],[132.636,-11.82],[132.656,-11.89],[132.63,-12.086],[132.558,-12.084],[132.442,-12.146],[132.39,-12.236],[132.354,-12.198],[132.278,-12.224],[132.238,-12.17],[132.066,-12.302],[132.112,-12.36],[132.02,-12.476],[131.888,-12.524],[131.888,-12.614],[131.928,-12.614],[131.928,-12.762],[131.972,-12.762],[131.972,-12.92],[132.074,-12.92],[132.074,-13.176],[131.88,-13.176],[132.028,-13.508],[132.138,-13.602],[132.208,-13.596],[132.308,-13.64],[132.366,-13.808],[132.482,-13.808],[132.482,-13.53],[132.422,-13.53],[132.422,-13.402],[133,-13.404],[133,-13.128],[134.842,-13.136],[134.932,-13],[134.98,-13.028],[135,-13.002],[135,-12.882],[134.792,-12.882],[134.768,-12.232],[134.806,-12.108],[134.728,-12.068],[134.762,-11.952]]],[[[132.992,-11.078],[133.018,-11.068],[132.978,-11.044],[132.992,-11.078]]],[[[132.904,-11.142],[132.858,-11.15],[132.92,-11.17],[132.904,-11.142]]],[[[133.48,-11.618],[133.408,-11.584],[133.348,-11.624],[133.37,-11.682],[133.402,-11.662],[133.388,-11.634],[133.48,-11.618]]],[[[133.392,-11.494],[133.386,-11.548],[133.436,-11.506],[133.494,-11.514],[133.468,-11.464],[133.392,-11.494]]],[[[132.336,-12.094],[132.39,-12.14],[132.422,-12.12],[132.402,-12.076],[132.336,-12.094]]],[[[132.586,-11.144],[132.614,-11.128],[132.596,-10.97],[132.548,-11.042],[132.504,-11.058],[132.462,-11.034],[132.514,-11.088],[132.508,-11.142],[132.47,-11.158],[132.588,-11.356],[132.62,-11.286],[132.604,-11.202],[132.632,-11.186],[132.59,-11.178],[132.586,-11.144]]],[[[132.112,-11.612],[132.15,-11.608],[132.132,-11.564],[132.112,-11.612]]],[[[132.3,-11.592],[132.326,-11.582],[132.306,-11.564],[132.3,-11.592]]]]}},{"type":"Feature","id":"74680","properties":{"id":"74680","name":"West Daly","regionAbbrev":"AUNT","ste":"7"},"geometry":{"type":"MultiPolygon","coordinates":[[[[130.412,-13.5],[130.288,-13.428],[130.324,-13.358],[130.27,-13.3],[130.24,-13.282],[130.158,-13.442],[130.02,-13.528],[129.928,-13.528],[129.896,-13.44],[129.878,-13.502],[129.818,-13.502],[129.836,-13.56],[129.79,-13.666],[129.794,-13.79],[129.722,-13.85],[129.736,-13.898],[129.752,-13.954],[129.726,-14.008],[129.64,-14.046],[129.598,-14.01],[129.61,-14.07],[129.568,-14.084],[129.542,-14.144],[129.536,-14.058],[129.48,-14.046],[129.506,-14.104],[129.408,-14.236],[129.416,-14.276],[129.356,-14.418],[129.402,-14.422],[129.448,-14.498],[129.474,-14.492],[129.454,-14.446],[129.482,-14.45],[129.484,-14.5],[129.492,-14.46],[129.524,-14.466],[129.488,-14.502],[129.526,-14.552],[129.664,-14.58],[129.78,-14.54],[129.692,-14.612],[129.58,-14.622],[129.672,-14.762],[129.734,-14.794],[129.81,-14.76],[129.75,-14.81],[129.768,-14.828],[129.902,-14.776],[129.968,-14.804],[130.092,-14.782],[130.16,-14.788],[130.164,-14.814],[130.176,-14.79],[130.218,-14.868],[130.276,-14.892],[130.644,-14.822],[130.644,-14.37],[130.412,-14.37],[130.412,-13.5]]],[[[129.694,-14.806],[129.732,-14.804],[129.672,-14.782],[129.694,-14.806]]]]}},{"type":"Feature","id":"79399","properties":{"id":"79399","name":"Unincorporated NT","regionAbbrev":"AUNT","ste":"7"},"geometry":{"type":"MultiPolygon","coordinates":[[[[131.186,-13.488],[131.186,-13.826],[131.142,-13.838],[131.162,-13.876],[131.22,-13.874],[131.182,-13.934],[131.244,-14.01],[131.21,-14.05],[131.304,-14.122],[131.312,-14.172],[131.36,-14.152],[131.416,-14.192],[131.418,-14.242],[131.48,-14.242],[131.48,-13.976],[131.598,-13.976],[131.598,-13.946],[131.562,-13.946],[131.564,-13.768],[131.588,-13.77],[131.564,-13.55],[131.712,-13.55],[131.654,-13.506],[131.49,-13.472],[131.456,-13.41],[131.352,-13.41],[131.352,-13.248],[131.856,-13.248],[131.856,-13.176],[131.88,-13.176],[132.074,-13.176],[132.074,-12.92],[131.972,-12.92],[131.972,-12.762],[131.928,-12.762],[131.928,-12.614],[131.888,-12.614],[131.888,-12.524],[132.02,-12.476],[132.112,-12.36],[132.066,-12.302],[131.94,-12.272],[131.892,-12.214],[131.684,-12.284],[131.43,-12.276],[131.324,-12.192],[131.302,-12.042],[131.266,-12.076],[131.248,-12.222],[131.294,-12.298],[131.272,-12.332],[131.328,-12.384],[131.302,-12.424],[131.342,-12.436],[131.324,-12.452],[131.398,-12.532],[131.368,-12.648],[131.274,-12.706],[131.284,-12.752],[131.214,-12.802],[131.204,-12.86],[131.276,-12.938],[131.256,-12.996],[131.252,-13.026],[131.254,-13.026],[131.184,-13.228],[131.126,-13.246],[131.186,-13.286],[131.186,-13.33],[131.244,-13.348],[131.244,-13.488],[131.186,-13.488]]],[[[130.89,-12.86],[130.89,-12.648],[130.872,-12.656],[130.842,-12.556],[130.816,-12.558],[130.83,-12.588],[130.806,-12.564],[130.8,-12.538],[130.776,-12.614],[130.78,-12.558],[130.73,-12.582],[130.768,-12.56],[130.778,-12.476],[130.728,-12.528],[130.768,-12.448],[130.732,-12.44],[130.748,-12.428],[130.62,-12.38],[130.58,-12.404],[130.622,-12.448],[130.58,-12.462],[130.606,-12.5],[130.568,-12.59],[130.604,-12.578],[130.64,-12.642],[130.61,-12.604],[130.586,-12.66],[130.582,-12.622],[130.546,-12.63],[130.586,-12.684],[130.634,-12.684],[130.702,-12.69],[130.69,-12.72],[130.74,-12.71],[130.688,-12.75],[130.622,-12.704],[130.644,-12.744],[130.634,-12.776],[130.63,-12.728],[130.586,-12.734],[130.52,-12.702],[130.52,-12.75],[130.514,-12.668],[130.462,-12.638],[130.394,-12.662],[130.404,-12.7],[130.352,-12.67],[130.338,-12.89],[130.248,-12.948],[130.194,-12.928],[130.176,-12.91],[130.128,-12.966],[130.116,-13.164],[130.164,-13.176],[130.24,-13.282],[130.27,-13.3],[130.324,-13.358],[130.288,-13.428],[130.412,-13.5],[130.442,-13.47],[130.474,-13.514],[130.662,-13.514],[130.676,-13.608],[130.758,-13.582],[130.806,-13.526],[130.872,-13.538],[130.914,-13.502],[130.934,-13.41],[131.014,-13.442],[131.014,-13.28],[131.098,-13.28],[131.098,-13.234],[131.044,-13.19],[130.962,-13.22],[130.936,-13.27],[130.89,-13.168],[130.93,-13.082],[130.912,-13.016],[130.89,-13.028],[130.89,-12.86]],[[130.694,-12.566],[130.654,-12.566],[130.654,-12.508],[130.714,-12.508],[130.694,-12.566]]],[[[130.866,-12.44],[130.882,-12.464],[130.886,-12.444],[130.918,-12.458],[130.884,-12.492],[130.944,-12.472],[130.948,-12.496],[130.954,-12.444],[130.932,-12.436],[130.866,-12.44]]],[[[130.93,-25.264],[131.01,-25.264],[131.01,-25.148],[130.93,-25.148],[130.93,-25.264]]],[[[130.768,-12.442],[130.748,-12.428],[130.756,-12.436],[130.766,-12.442],[130.768,-12.442]]],[[[130.048,-13.176],[130.074,-13.17],[130.018,-13.11],[130.02,-13.18],[130.048,-13.176]]],[[[131.044,-12.098],[131.002,-12.118],[131.066,-12.126],[131.044,-12.098]]],[[[130.518,-12.568],[130.486,-12.58],[130.486,-12.62],[130.542,-12.71],[130.502,-12.612],[130.518,-12.568]]]]}},{"type":"Feature","id":"89399","properties":{"id":"89399","name":"Unincorporated ACT","regionAbbrev":"AUACT","ste":"8"},"geometry":{"type":"Polygon","coordinates":[[[149.202,-35.204],[149.122,-35.124],[148.804,-35.316],[148.764,-35.494],[148.804,-35.714],[148.856,-35.76],[148.888,-35.718],[148.91,-35.852],[149.05,-35.92],[149.102,-35.804],[149.078,-35.586],[149.138,-35.578],[149.136,-35.57],[149.138,-35.428],[149.208,-35.344],[149.372,-35.338],[149.396,-35.302],[149.274,-35.274],[149.202,-35.204]]]}}]}