{"type":"FeatureCollection","features":[{"type":"Feature","id":"1001","properties":{"id":"1001","name":"Division No. 1","regionAbbrev":"NL","pruid":"10","cdtype":"CDR"},"geometry":{"type":"Polygon","coordinates":[[[-53.97,47.96],[-54.08,47.88],[-54.04,47.79],[-54.03,47.75],[-53.97,47.77],[-53.9,47.61],[-53.93,47.38],[-54.19,46.94],[-53.96,46.85],[-53.66,46.99],[-53.62,46.64],[-53.28,46.77],[-53.07,46.66],[-52.94,46.82],[-52.87,47.1],[-52.62,47.52],[-52.92,47.54],[-53.23,47.45],[-53.26,47.67],[-53.06,47.88],[-53.31,48],[-53.51,47.75],[-53.56,47.52],[-53.86,47.69],[-53.73,47.89],[-53.97,47.96]]]}},{"type":"Feature","id":"1002","properties":{"id":"1002","name":"Division No. 2","regionAbbrev":"NL","pruid":"10","cdtype":"CDR"},"geometry":{"type":"Polygon","coordinates":[[[-53.97,47.96],[-54.32,48.06],[-54.43,48.2],[-54.69,48.03],[-54.88,47.86],[-54.88,47.7],[-55.09,47.59],[-55.31,47.27],[-55.48,47.13],[-55.87,47.07],[-55.98,46.92],[-55.74,46.85],[-55.54,46.95],[-55.3,46.9],[-55.07,47.1],[-55.07,47.22],[-54.84,47.43],[-54.61,47.36],[-54.21,47.78],[-54.1,47.82],[-53.97,47.96]]]}},{"type":"Feature","id":"1003","properties":{"id":"1003","name":"Division No. 3","regionAbbrev":"NL","pruid":"10","cdtype":"CDR"},"geometry":{"type":"Polygon","coordinates":[[[-54.88,48.17],[-55.06,48.17],[-55.04,48.23],[-55.25,48.21],[-55.28,48.27],[-55.44,48.28],[-55.91,48.25],[-55.9,48.38],[-56.09,48.54],[-56.52,48.53],[-56.68,48.37],[-57.3,48.37],[-57.71,48.24],[-58.1,48.2],[-58.16,48.09],[-58.38,48.07],[-58.66,47.87],[-59.04,47.76],[-59.17,47.56],[-58.53,47.65],[-58.05,47.72],[-57.66,47.6],[-57.35,47.64],[-56.81,47.53],[-56.17,47.64],[-55.86,47.78],[-55.98,47.5],[-55.6,47.4],[-55.32,47.66],[-55.09,47.59],[-54.89,47.69],[-54.88,47.86],[-54.69,48.03],[-54.88,48.17]]]}},{"type":"Feature","id":"1004","properties":{"id":"1004","name":"Division No. 4","regionAbbrev":"NL","pruid":"10","cdtype":"CDR"},"geometry":{"type":"Polygon","coordinates":[[[-58.19,48.73],[-58.11,48.81],[-58.19,48.88],[-58.5,48.94],[-58.71,48.56],[-58.43,48.49],[-59.4,47.92],[-59.31,47.66],[-59.04,47.76],[-58.66,47.87],[-58.38,48.07],[-58.16,48.09],[-58.1,48.19],[-57.99,48.17],[-57.92,48.22],[-57.97,48.26],[-57.84,48.34],[-57.63,48.35],[-57.39,48.52],[-57.56,48.51],[-58.19,48.73]]]}},{"type":"Feature","id":"1005","properties":{"id":"1005","name":"Division No. 5","regionAbbrev":"NL","pruid":"10","cdtype":"CDR"},"geometry":{"type":"Polygon","coordinates":[[[-56.78,49.63],[-56.66,50.12],[-56.95,50.07],[-57.2,50.03],[-57.41,49.85],[-57.58,49.72],[-57.69,49.6],[-57.43,49.37],[-57.72,49.29],[-58.24,49.32],[-58.16,49.06],[-58.51,48.94],[-58.13,48.85],[-58.11,48.79],[-58.19,48.73],[-57.56,48.51],[-57.5,48.58],[-57.38,48.84],[-57.1,48.83],[-56.69,49.04],[-56.65,49.2],[-56.99,49.25],[-56.72,49.47],[-56.78,49.63]]]}},{"type":"Feature","id":"1006","properties":{"id":"1006","name":"Division No. 6","regionAbbrev":"NL","pruid":"10","cdtype":"CDR"},"geometry":{"type":"Polygon","coordinates":[[[-54.23,48.95],[-54.29,48.97],[-55.12,49.22],[-55.29,49.16],[-55.59,49.23],[-55.87,49.36],[-56.1,49.27],[-56.51,49.35],[-56.77,49.25],[-56.77,49.2],[-56.7,49.13],[-56.69,49.04],[-57.1,48.83],[-57.38,48.84],[-57.5,48.58],[-57.39,48.52],[-57.63,48.35],[-57.84,48.34],[-57.71,48.24],[-57.3,48.37],[-56.68,48.37],[-56.52,48.53],[-56.09,48.54],[-55.9,48.38],[-55.91,48.25],[-55.31,48.25],[-54.86,48.64],[-54.83,48.7],[-54.71,48.84],[-54.43,48.8],[-54.23,48.95]]]}},{"type":"Feature","id":"1007","properties":{"id":"1007","name":"Division No. 7","regionAbbrev":"NL","pruid":"10","cdtype":"CDR"},"geometry":{"type":"MultiPolygon","coordinates":[[[[-53.79,48.78],[-53.8,48.78],[-53.8,48.77],[-53.79,48.78]]],[[[-53.78,48.78],[-53.79,48.78],[-53.79,48.77],[-53.78,48.78]]],[[[-53.69,48.93],[-53.72,48.93],[-53.73,48.92],[-53.69,48.93]]],[[[-53.7,48.94],[-53.77,48.93],[-53.73,48.92],[-53.7,48.94]]],[[[-53.81,48.94],[-53.6,49.04],[-53.46,49.25],[-53.75,49.28],[-53.93,49.16],[-54.39,49.15],[-54.34,48.99],[-54.23,48.95],[-54.37,48.88],[-54.32,48.85],[-54.45,48.8],[-54.71,48.84],[-54.83,48.7],[-54.86,48.64],[-54.97,48.49],[-55.3,48.29],[-55.25,48.21],[-55.04,48.23],[-55.06,48.17],[-54.88,48.17],[-54.43,48.2],[-54.32,48.06],[-54.12,48.08],[-53.96,48.24],[-53.64,48.17],[-53.1,48.41],[-53.45,48.63],[-53.65,48.39],[-53.97,48.54],[-53.81,48.94]]]]}},{"type":"Feature","id":"1008","properties":{"id":"1008","name":"Division No. 8","regionAbbrev":"NL","pruid":"10","cdtype":"CDR"},"geometry":{"type":"MultiPolygon","coordinates":[[[[-53.75,49.28],[-53.94,49.46],[-54.38,49.44],[-55.05,49.22],[-55.02,49.2],[-54.39,48.98],[-54.34,49.01],[-54.42,49.12],[-54.31,49.19],[-53.93,49.16],[-53.75,49.28]]],[[[-55.4,49.51],[-55.85,49.53],[-55.78,49.92],[-56.17,50.15],[-56.65,49.79],[-56.78,49.63],[-56.72,49.47],[-56.99,49.25],[-56.77,49.21],[-56.51,49.35],[-56.1,49.27],[-55.87,49.36],[-55.59,49.23],[-55.3,49.22],[-55.23,49.4],[-55.4,49.51]]]]}},{"type":"Feature","id":"1009","properties":{"id":"1009","name":"Division No. 9","regionAbbrev":"NL","pruid":"10","cdtype":"CDR"},"geometry":{"type":"Polygon","coordinates":[[[-56,51.19],[-56.09,51.36],[-55.6,51.3],[-55.49,51.56],[-55.9,51.63],[-56.74,51.31],[-56.8,51.14],[-57.1,51.02],[-57.1,50.78],[-57.41,50.7],[-57.48,50.48],[-57.82,49.87],[-57.96,49.6],[-58.24,49.32],[-57.72,49.29],[-57.43,49.37],[-57.69,49.6],[-57.58,49.72],[-57.41,49.85],[-57.2,50.03],[-56.95,50.07],[-56.61,50.13],[-55.73,51.09],[-56,51.19]]]}},{"type":"Feature","id":"1010","properties":{"id":"1010","name":"Division No. 10","regionAbbrev":"NL","pruid":"10","cdtype":"CDR"},"geometry":{"type":"MultiPolygon","coordinates":[[[[-55.86,52.81],[-55.86,52.82],[-55.87,52.82],[-55.86,52.81]]],[[[-61.21,55.51],[-61.06,55.77],[-61.12,55.97],[-61.3,56.04],[-62.93,55.99],[-63.37,56.12],[-63.74,56.14],[-63.86,56.21],[-64.03,56.07],[-63.67,55.79],[-63.69,55.51],[-63.32,55.41],[-63.68,55.27],[-63.6,55.13],[-63.56,55],[-63.59,54.9],[-63.82,54.82],[-63.71,54.62],[-63.9,54.6],[-64.11,54.61],[-64.18,54.72],[-64.56,54.71],[-65.09,54.97],[-65.3,54.82],[-65.65,54.75],[-65.85,54.93],[-66.25,54.98],[-66.5,55.21],[-66.67,55.18],[-66.63,54.98],[-66.77,55],[-66.6,54.81],[-66.74,54.81],[-66.67,54.71],[-67.03,54.86],[-67.27,55.08],[-67.46,55.06],[-67.06,54.69],[-67.28,54.59],[-67.77,54.44],[-67.62,54.2],[-67.76,54.09],[-67.5,53.84],[-67.32,53.55],[-67.04,53.53],[-66.89,53.41],[-66.99,53.08],[-67.24,52.98],[-67.16,52.82],[-67.03,52.75],[-66.65,52.78],[-66.46,53.06],[-66.42,52.86],[-66.34,52.36],[-66.38,52.15],[-66.09,52.09],[-65.5,52.11],[-65.4,51.9],[-64.95,51.72],[-64.71,51.76],[-64.55,51.57],[-64.27,51.74],[-64.36,52.01],[-64.17,52.12],[-64.25,52.28],[-64.11,52.39],[-63.84,52.31],[-63.64,52.05],[-63.8,52],[-57.11,52],[-57.11,51.42],[-56.84,51.47],[-56.7,51.63],[-56.21,51.78],[-55.83,52],[-55.62,52.22],[-55.84,52.53],[-56.19,52.54],[-55.94,52.78],[-55.95,52.99],[-55.8,53.34],[-55.96,53.54],[-57.02,53.71],[-57.13,53.94],[-57.33,54.05],[-58.12,54.04],[-58.79,53.88],[-58.86,53.73],[-59.42,53.54],[-59.91,53.53],[-60.14,53.46],[-60.13,53.86],[-59.89,53.97],[-59.83,54.22],[-60.16,54.33],[-60.32,54.4],[-60.92,54.42],[-61.01,54.71],[-61.46,54.87],[-61.48,55.04],[-62.23,54.92],[-62.27,55.01],[-61.58,55.18],[-61.21,55.51]]]]}},{"type":"Feature","id":"1011","properties":{"id":"1011","name":"Division No. 11","regionAbbrev":"NL","pruid":"10","cdtype":"CDR"},"geometry":{"type":"MultiPolygon","coordinates":[[[[-60.06,55.39],[-60.07,55.38],[-60.05,55.38],[-60.06,55.39]]],[[[-57.33,54.05],[-57.35,54.16],[-58.05,54.24],[-58.33,54.09],[-58.85,53.95],[-59.32,53.7],[-59.42,53.54],[-58.86,53.73],[-58.79,53.88],[-58.12,54.04],[-57.33,54.05]]],[[[-60.36,55.24],[-60.34,55.78],[-60.75,55.85],[-61,55.81],[-61.21,55.51],[-61.58,55.18],[-62.27,55.01],[-62.23,54.92],[-61.48,55.04],[-61.46,54.87],[-61.01,54.71],[-60.92,54.42],[-60.32,54.4],[-60.16,54.33],[-59.83,54.22],[-59.89,53.97],[-60.13,53.86],[-59.57,53.82],[-58.62,54.04],[-58.08,54.38],[-57.6,54.38],[-57.4,54.49],[-58,54.79],[-58.81,54.85],[-58.95,55.13],[-59.21,55.22],[-59.51,55.22],[-59.67,55.11],[-59.99,55.11],[-60.14,55.27],[-60.25,55.27],[-60.69,54.99],[-60.36,55.24]]],[[[-64.21,59.72],[-64.48,60.29],[-64.86,60.26],[-64.92,60.06],[-64.81,59.73],[-64.94,59.57],[-64.51,59.42],[-64.46,58.98],[-64.14,58.75],[-63.71,58.89],[-63.47,58.76],[-64.05,58.7],[-64.1,58.56],[-63.81,58.49],[-64.22,58.25],[-64.22,58.04],[-64.07,57.77],[-63.77,57.59],[-63.74,57.22],[-64.01,56.78],[-64.15,56.7],[-63.87,56.44],[-64.15,56.3],[-63.91,56.26],[-63.74,56.14],[-63.37,56.12],[-62.93,55.99],[-61.45,56.05],[-61.69,56.22],[-62.17,56.3],[-62.09,56.43],[-61.78,56.48],[-61.69,56.8],[-61.41,57.15],[-61.86,57.16],[-61.81,57.38],[-62.18,57.47],[-61.9,57.62],[-61.97,57.92],[-62.19,57.89],[-62.53,58.11],[-62.66,58.27],[-62.56,58.48],[-63.05,58.45],[-62.9,58.78],[-63.14,59.05],[-63.39,59.1],[-63.51,59.32],[-63.82,59.41],[-63.72,59.51],[-64.21,59.72]]]]}},{"type":"Feature","id":"1101","properties":{"id":"1101","name":"Kings","regionAbbrev":"PE","pruid":"11","cdtype":"CTY"},"geometry":{"type":"Polygon","coordinates":[[[-62.67,45.96],[-62.37,46.36],[-62.83,46.43],[-62.74,46.23],[-62.67,45.96]]]}},{"type":"Feature","id":"1102","properties":{"id":"1102","name":"Queens","regionAbbrev":"PE","pruid":"11","cdtype":"CTY"},"geometry":{"type":"MultiPolygon","coordinates":[[[[-62.74,46.23],[-62.86,46.11],[-62.67,45.96],[-62.74,46.23]]],[[[-62.86,46.41],[-62.98,46.35],[-63.33,46.5],[-63.48,46.5],[-63.59,46.47],[-63.49,46.21],[-63.25,46.13],[-62.86,46.41]]]]}},{"type":"Feature","id":"1103","properties":{"id":"1103","name":"Prince","regionAbbrev":"PE","pruid":"11","cdtype":"CTY"},"geometry":{"type":"Polygon","coordinates":[[[-64.03,46.8],[-64.19,46.93],[-64.41,46.66],[-64.05,46.57],[-64.14,46.4],[-63.5,46.2],[-63.6,46.51],[-63.83,46.58],[-64.03,46.8]]]}},{"type":"Feature","id":"1201","properties":{"id":"1201","name":"Shelburne","regionAbbrev":"NS","pruid":"12","cdtype":"CTY"},"geometry":{"type":"Polygon","coordinates":[[[-65.4,44.23],[-65.65,43.75],[-65.78,43.6],[-65.73,43.49],[-65.32,43.69],[-65.13,43.65],[-64.92,43.79],[-65.4,44.23]]]}},{"type":"Feature","id":"1202","properties":{"id":"1202","name":"Yarmouth","regionAbbrev":"NS","pruid":"12","cdtype":"CTY"},"geometry":{"type":"Polygon","coordinates":[[[-65.65,43.75],[-65.4,44.23],[-65.89,44.14],[-66.15,44],[-66.09,43.78],[-65.99,43.79],[-65.87,43.75],[-65.78,43.6],[-65.65,43.75]]]}},{"type":"Feature","id":"1203","properties":{"id":"1203","name":"Digby","regionAbbrev":"NS","pruid":"12","cdtype":"CTY"},"geometry":{"type":"Polygon","coordinates":[[[-65.33,44.31],[-65.66,44.6],[-65.85,44.57],[-66.13,44.33],[-66.15,44],[-65.89,44.14],[-65.4,44.23],[-65.33,44.31]]]}},{"type":"Feature","id":"1204","properties":{"id":"1204","name":"Queens","regionAbbrev":"NS","pruid":"12","cdtype":"CTY"},"geometry":{"type":"Polygon","coordinates":[[[-64.88,44.42],[-64.95,44.54],[-65.15,44.46],[-65.4,44.23],[-64.91,43.79],[-64.83,43.95],[-64.56,44.15],[-64.88,44.42]]]}},{"type":"Feature","id":"1205","properties":{"id":"1205","name":"Annapolis","regionAbbrev":"NS","pruid":"12","cdtype":"CTY"},"geometry":{"type":"Polygon","coordinates":[[[-64.77,44.66],[-65,45.03],[-65.07,45.05],[-65.76,44.69],[-65.33,44.31],[-64.77,44.66]]]}},{"type":"Feature","id":"1206","properties":{"id":"1206","name":"Lunenburg","regionAbbrev":"NS","pruid":"12","cdtype":"CTY"},"geometry":{"type":"MultiPolygon","coordinates":[[[[-64.22,44.35],[-64.21,44.36],[-64.22,44.36],[-64.22,44.35]]],[[[-64.21,44.36],[-64.23,44.35],[-64.22,44.35],[-64.21,44.36]]],[[[-64.22,44.36],[-64.3,44.47],[-64.17,44.59],[-64.09,44.47],[-64.01,44.51],[-64.2,44.74],[-64.43,44.9],[-64.95,44.54],[-64.88,44.42],[-64.49,44.14],[-64.45,44.23],[-64.22,44.36]]]]}},{"type":"Feature","id":"1207","properties":{"id":"1207","name":"Kings","regionAbbrev":"NS","pruid":"12","cdtype":"CTY"},"geometry":{"type":"Polygon","coordinates":[[[-64.17,45.08],[-64.39,45.1],[-64.4,45.28],[-65.02,45.07],[-64.77,44.66],[-64.17,45.08]]]}},{"type":"Feature","id":"1208","properties":{"id":"1208","name":"Hants","regionAbbrev":"NS","pruid":"12","cdtype":"CTY"},"geometry":{"type":"Polygon","coordinates":[[[-63.53,44.93],[-63.39,45.06],[-63.38,45.14],[-63.53,45.34],[-64.17,45.19],[-64.17,45.08],[-64.43,44.9],[-64.24,44.76],[-63.85,44.79],[-63.53,44.93]]]}},{"type":"Feature","id":"1209","properties":{"id":"1209","name":"Halifax","regionAbbrev":"NS","pruid":"12","cdtype":"CTY"},"geometry":{"type":"Polygon","coordinates":[[[-62.44,44.85],[-62.18,44.99],[-62.48,45.15],[-62.72,45.28],[-63.36,45.03],[-63.53,44.93],[-63.85,44.79],[-64.24,44.76],[-64.05,44.63],[-63.89,44.69],[-63.94,44.51],[-63.63,44.48],[-63.28,44.63],[-62.84,44.7],[-62.62,44.85],[-62.44,44.85]]]}},{"type":"Feature","id":"1210","properties":{"id":"1210","name":"Colchester","regionAbbrev":"NS","pruid":"12","cdtype":"CTY"},"geometry":{"type":"Polygon","coordinates":[[[-63.15,45.75],[-63.4,45.76],[-63.45,45.63],[-63.77,45.54],[-64.13,45.55],[-64.12,45.44],[-63.91,45.35],[-63.78,45.4],[-63.35,45.37],[-63.48,45.32],[-63.4,45.2],[-63.39,45.03],[-62.71,45.28],[-63.01,45.49],[-63.15,45.75]]]}},{"type":"Feature","id":"1211","properties":{"id":"1211","name":"Cumberland","regionAbbrev":"NS","pruid":"12","cdtype":"CTY"},"geometry":{"type":"Polygon","coordinates":[[[-63.4,45.76],[-63.91,45.98],[-64.15,45.98],[-64.31,45.77],[-64.3,45.82],[-64.38,45.8],[-64.58,45.6],[-64.91,45.43],[-64.77,45.29],[-64.55,45.41],[-64.12,45.4],[-64.13,45.55],[-63.77,45.54],[-63.45,45.63],[-63.4,45.76]]]}},{"type":"Feature","id":"1212","properties":{"id":"1212","name":"Pictou","regionAbbrev":"NS","pruid":"12","cdtype":"CTY"},"geometry":{"type":"Polygon","coordinates":[[[-62.09,45.38],[-62.22,45.7],[-62.44,45.67],[-62.34,45.68],[-62.5,45.59],[-62.48,45.65],[-62.78,45.76],[-63.15,45.75],[-63.01,45.49],[-62.71,45.28],[-62.09,45.38]]]}},{"type":"Feature","id":"1213","properties":{"id":"1213","name":"Guysborough","regionAbbrev":"NS","pruid":"12","cdtype":"CTY"},"geometry":{"type":"Polygon","coordinates":[[[-61.42,45.64],[-61.94,45.4],[-62.71,45.28],[-62.1,44.95],[-61.65,45.12],[-61.04,45.24],[-60.98,45.34],[-61.42,45.64]]]}},{"type":"Feature","id":"1214","properties":{"id":"1214","name":"Antigonish","regionAbbrev":"NS","pruid":"12","cdtype":"CTY"},"geometry":{"type":"Polygon","coordinates":[[[-61.94,45.4],[-61.62,45.61],[-61.89,45.69],[-61.91,45.88],[-62.24,45.72],[-62.09,45.38],[-61.94,45.4]]]}},{"type":"Feature","id":"1215","properties":{"id":"1215","name":"Inverness","regionAbbrev":"NS","pruid":"12","cdtype":"CTY"},"geometry":{"type":"Polygon","coordinates":[[[-60.56,47.03],[-60.87,46.8],[-61.13,46.44],[-61.55,46.04],[-61.42,45.64],[-60.93,45.84],[-61.05,46.11],[-60.75,46.51],[-60.56,47.03]]]}},{"type":"Feature","id":"1216","properties":{"id":"1216","name":"Richmond","regionAbbrev":"NS","pruid":"12","cdtype":"CTY"},"geometry":{"type":"Polygon","coordinates":[[[-60.23,45.73],[-60.68,45.82],[-60.92,45.66],[-60.69,45.57],[-60.23,45.73]]]}},{"type":"Feature","id":"1217","properties":{"id":"1217","name":"Cape Breton","regionAbbrev":"NS","pruid":"12","cdtype":"CTY"},"geometry":{"type":"Polygon","coordinates":[[[-60.23,45.73],[-60.15,45.88],[-59.82,46.18],[-60.13,46.27],[-60.8,45.94],[-60.68,45.82],[-60.23,45.73]]]}},{"type":"Feature","id":"1218","properties":{"id":"1218","name":"Victoria","regionAbbrev":"NS","pruid":"12","cdtype":"CTY"},"geometry":{"type":"Polygon","coordinates":[[[-61.05,46.11],[-60.64,46.12],[-60.35,46.62],[-60.3,46.85],[-60.56,47.03],[-60.75,46.51],[-61.05,46.11]]]}},{"type":"Feature","id":"1301","properties":{"id":"1301","name":"Saint John","regionAbbrev":"NB","pruid":"13","cdtype":"CT"},"geometry":{"type":"Polygon","coordinates":[[[-66.46,45.22],[-66.22,45.14],[-65.91,45.19],[-65.09,45.53],[-65.12,45.62],[-66.46,45.22]]]}},{"type":"Feature","id":"1302","properties":{"id":"1302","name":"Charlotte","regionAbbrev":"NB","pruid":"13","cdtype":"CT"},"geometry":{"type":"Polygon","coordinates":[[[-66.46,45.13],[-66.46,45.5],[-67.5,45.49],[-67.49,45.29],[-66.81,45.04],[-66.46,45.13]]]}},{"type":"Feature","id":"1303","properties":{"id":"1303","name":"Sunbury","regionAbbrev":"NB","pruid":"13","cdtype":"CT"},"geometry":{"type":"Polygon","coordinates":[[[-66.56,45.5],[-65.86,46.33],[-66.16,46.4],[-66.94,45.5],[-66.56,45.5]]]}},{"type":"Feature","id":"1304","properties":{"id":"1304","name":"Queens","regionAbbrev":"NB","pruid":"13","cdtype":"CT"},"geometry":{"type":"Polygon","coordinates":[[[-65.34,46.1],[-65.41,46.25],[-65.85,46.34],[-66.56,45.5],[-66.46,45.5],[-66.46,45.31],[-65.34,46.1]]]}},{"type":"Feature","id":"1305","properties":{"id":"1305","name":"Kings","regionAbbrev":"NB","pruid":"13","cdtype":"CT"},"geometry":{"type":"Polygon","coordinates":[[[-65.12,45.62],[-65.16,45.71],[-65.34,46.1],[-66.46,45.31],[-66.46,45.22],[-65.12,45.62]]]}},{"type":"Feature","id":"1306","properties":{"id":"1306","name":"Albert","regionAbbrev":"NB","pruid":"13","cdtype":"CT"},"geometry":{"type":"Polygon","coordinates":[[[-65.22,45.84],[-65.08,45.53],[-64.78,45.59],[-64.57,45.82],[-64.74,46.07],[-64.9,46.01],[-64.88,46.05],[-65,46.05],[-65.03,45.89],[-65.22,45.84]]]}},{"type":"Feature","id":"1307","properties":{"id":"1307","name":"Westmorland","regionAbbrev":"NB","pruid":"13","cdtype":"CT"},"geometry":{"type":"Polygon","coordinates":[[[-65,46.05],[-64.77,46.1],[-64.56,45.87],[-64.49,45.81],[-64.33,45.87],[-64.27,45.84],[-64.09,46.05],[-63.81,46.16],[-64.57,46.28],[-65.42,46.26],[-65.22,45.84],[-65.03,45.89],[-65,46.05]]]}},{"type":"Feature","id":"1308","properties":{"id":"1308","name":"Kent","regionAbbrev":"NB","pruid":"13","cdtype":"CT"},"geometry":{"type":"Polygon","coordinates":[[[-64.91,46.84],[-64.83,47.05],[-65.59,46.63],[-65.85,46.34],[-65.42,46.26],[-64.79,46.27],[-64.62,46.34],[-64.91,46.84]]]}},{"type":"Feature","id":"1309","properties":{"id":"1309","name":"Northumberland","regionAbbrev":"NB","pruid":"13","cdtype":"CT"},"geometry":{"type":"Polygon","coordinates":[[[-65.35,47.09],[-64.97,47.28],[-65.03,47.38],[-65.82,47.23],[-66.22,47.55],[-67.05,47.36],[-66.5,46.52],[-66.6,46.6],[-66.82,46.57],[-66.91,46.53],[-66.86,46.42],[-66.52,46.39],[-66.51,46.29],[-66.16,46.4],[-65.85,46.34],[-65.59,46.63],[-64.8,47.07],[-65.35,47.09]]]}},{"type":"Feature","id":"1310","properties":{"id":"1310","name":"York","regionAbbrev":"NB","pruid":"13","cdtype":"CT"},"geometry":{"type":"Polygon","coordinates":[[[-66.5,46.52],[-66.74,46.93],[-67.52,45.94],[-67.78,45.94],[-67.72,45.66],[-67.42,45.51],[-66.94,45.5],[-66.2,46.35],[-66.51,46.29],[-66.52,46.39],[-66.91,46.53],[-66.64,46.6],[-66.5,46.52]]]}},{"type":"Feature","id":"1311","properties":{"id":"1311","name":"Carleton","regionAbbrev":"NB","pruid":"13","cdtype":"CT"},"geometry":{"type":"Polygon","coordinates":[[[-67.52,45.94],[-66.87,46.77],[-67.79,46.6],[-67.78,45.94],[-67.52,45.94]]]}},{"type":"Feature","id":"1312","properties":{"id":"1312","name":"Victoria","regionAbbrev":"NB","pruid":"13","cdtype":"CT"},"geometry":{"type":"Polygon","coordinates":[[[-67.05,47.36],[-67.69,47.57],[-67.67,47.17],[-67.68,46.96],[-67.79,46.6],[-66.87,46.77],[-66.74,46.93],[-67.05,47.36]]]}},{"type":"Feature","id":"1313","properties":{"id":"1313","name":"Madawaska","regionAbbrev":"NB","pruid":"13","cdtype":"CT"},"geometry":{"type":"MultiPolygon","coordinates":[[[[-68.25,47.61],[-68.38,47.79],[-68.38,47.55],[-68.57,47.43],[-69.05,47.3],[-68.9,47.18],[-68.38,47.29],[-68.25,47.61]]],[[[-67.69,47.57],[-68.18,47.73],[-68.25,47.61],[-68.15,47.3],[-67.95,47.18],[-67.77,47.06],[-67.67,47.17],[-67.69,47.57]]]]}},{"type":"Feature","id":"1314","properties":{"id":"1314","name":"Restigouche","regionAbbrev":"NB","pruid":"13","cdtype":"CT"},"geometry":{"type":"Polygon","coordinates":[[[-65.79,47.88],[-66.42,48.01],[-66.92,47.98],[-67.37,47.84],[-67.59,47.92],[-67.6,48],[-68.12,48],[-68.12,47.92],[-68.38,47.79],[-68.18,47.73],[-67.05,47.36],[-66.11,47.58],[-65.79,47.88]]]}},{"type":"Feature","id":"1315","properties":{"id":"1315","name":"Gloucester","regionAbbrev":"NB","pruid":"13","cdtype":"CT"},"geometry":{"type":"Polygon","coordinates":[[[-64.8,47.8],[-65.19,47.82],[-65.62,47.66],[-65.79,47.88],[-66.11,47.58],[-66.22,47.55],[-65.82,47.23],[-64.87,47.47],[-64.78,47.66],[-64.8,47.8]]]}},{"type":"Feature","id":"2401","properties":{"id":"2401","name":"Communauté maritime des Îles-de-la-Madeleine","regionAbbrev":"QC","pruid":"24","cdtype":"TÉ"},"geometry":{"type":"Polygon","coordinates":[[[-61.55,47.62],[-61.94,47.41],[-61.96,47.3],[-62.02,47.23],[-61.82,47.23],[-61.93,47.29],[-61.86,47.42],[-61.55,47.62]]]}},{"type":"Feature","id":"2402","properties":{"id":"2402","name":"Le Rocher-Percé","regionAbbrev":"QC","pruid":"24","cdtype":"MRC"},"geometry":{"type":"Polygon","coordinates":[[[-65.03,48.11],[-64.77,48.21],[-64.74,48.34],[-64.32,48.42],[-64.25,48.69],[-65.5,48.68],[-64.96,48.33],[-65.03,48.11]]]}},{"type":"Feature","id":"2403","properties":{"id":"2403","name":"La Côte-de-Gaspé","regionAbbrev":"QC","pruid":"24","cdtype":"MRC"},"geometry":{"type":"Polygon","coordinates":[[[-65.5,48.68],[-64.26,48.7],[-64.21,48.88],[-64.39,49.01],[-64.85,49.19],[-65.2,49.23],[-65.31,49],[-65.53,49],[-65.5,48.68]]]}},{"type":"Feature","id":"2404","properties":{"id":"2404","name":"La Haute-Gaspésie","regionAbbrev":"QC","pruid":"24","cdtype":"MRC"},"geometry":{"type":"Polygon","coordinates":[[[-65.2,49.23],[-66.06,49.22],[-66.91,49.03],[-66.73,49.02],[-66.71,48.9],[-66.54,48.96],[-65.95,48.57],[-65.5,48.68],[-65.53,49],[-65.31,49],[-65.2,49.23]]]}},{"type":"Feature","id":"2405","properties":{"id":"2405","name":"Bonaventure","regionAbbrev":"QC","pruid":"24","cdtype":"MRC"},"geometry":{"type":"Polygon","coordinates":[[[-64.96,48.33],[-65.5,48.68],[-66.28,48.48],[-66.23,48.24],[-66.03,48.26],[-65.81,48.12],[-65.4,48],[-65.03,48.11],[-64.96,48.33]]]}},{"type":"Feature","id":"2406","properties":{"id":"2406","name":"Avignon","regionAbbrev":"QC","pruid":"24","cdtype":"MRC"},"geometry":{"type":"Polygon","coordinates":[[[-66.03,48.26],[-66.22,48.25],[-66.28,48.48],[-66.98,48.3],[-66.88,48.14],[-67.28,48.03],[-67.38,48.2],[-67.67,48.12],[-67.58,48.05],[-67.61,47.94],[-67.37,47.84],[-66.92,47.98],[-66.48,48.12],[-66.13,48.09],[-66.03,48.26]]]}},{"type":"Feature","id":"2407","properties":{"id":"2407","name":"La Matapédia","regionAbbrev":"QC","pruid":"24","cdtype":"MRC"},"geometry":{"type":"Polygon","coordinates":[[[-66.28,48.62],[-66.54,48.79],[-67.13,48.54],[-67.42,48.7],[-67.56,48.62],[-67.79,48.72],[-67.98,48.55],[-67.62,48.21],[-67.67,48.12],[-67.38,48.2],[-67.28,48.03],[-66.88,48.14],[-66.98,48.3],[-65.95,48.57],[-66.1,48.67],[-66.28,48.62]]]}},{"type":"Feature","id":"2408","properties":{"id":"2408","name":"La Matanie","regionAbbrev":"QC","pruid":"24","cdtype":"MRC"},"geometry":{"type":"Polygon","coordinates":[[[-66.71,48.9],[-66.73,49.02],[-66.91,49.03],[-67.95,48.69],[-67.87,48.66],[-67.76,48.72],[-67.56,48.62],[-67.42,48.7],[-67.13,48.54],[-66.54,48.79],[-66.28,48.62],[-66.1,48.67],[-66.54,48.96],[-66.71,48.9]]]}},{"type":"Feature","id":"2409","properties":{"id":"2409","name":"La Mitis","regionAbbrev":"QC","pruid":"24","cdtype":"MRC"},"geometry":{"type":"Polygon","coordinates":[[[-67.95,48.69],[-68.43,48.53],[-68.26,48.29],[-67.95,48.1],[-67.95,48],[-67.6,48],[-67.68,48.13],[-67.62,48.21],[-67.98,48.55],[-67.87,48.66],[-67.95,48.69]]]}},{"type":"Feature","id":"2410","properties":{"id":"2410","name":"Rimouski-Neigette","regionAbbrev":"QC","pruid":"24","cdtype":"MRC"},"geometry":{"type":"Polygon","coordinates":[[[-68.43,48.53],[-68.97,48.27],[-68.38,47.88],[-68.12,47.92],[-68.12,48],[-67.95,48],[-67.95,48.1],[-68.26,48.29],[-68.43,48.53]]]}},{"type":"Feature","id":"2411","properties":{"id":"2411","name":"Les Basques","regionAbbrev":"QC","pruid":"24","cdtype":"MRC"},"geometry":{"type":"Polygon","coordinates":[[[-68.97,48.27],[-69.25,48.02],[-69.19,47.89],[-68.99,47.96],[-68.96,47.9],[-68.85,47.9],[-68.66,48.07],[-68.97,48.27]]]}},{"type":"Feature","id":"2412","properties":{"id":"2412","name":"Rivière-du-Loup","regionAbbrev":"QC","pruid":"24","cdtype":"MRC"},"geometry":{"type":"Polygon","coordinates":[[[-69.25,48.02],[-69.51,47.94],[-69.53,47.73],[-69.44,47.72],[-69.33,47.65],[-68.98,47.85],[-68.85,47.86],[-68.99,47.96],[-69.19,47.89],[-69.25,48.02]]]}},{"type":"Feature","id":"2413","properties":{"id":"2413","name":"Témiscouata","regionAbbrev":"QC","pruid":"24","cdtype":"MRC"},"geometry":{"type":"Polygon","coordinates":[[[-68.38,47.55],[-68.38,47.88],[-68.66,48.07],[-68.91,47.89],[-68.85,47.86],[-68.98,47.85],[-69.2,47.74],[-69.59,47.43],[-69.39,47.3],[-69.23,47.46],[-69.05,47.3],[-68.8,47.35],[-68.38,47.55]]]}},{"type":"Feature","id":"2414","properties":{"id":"2414","name":"Kamouraska","regionAbbrev":"QC","pruid":"24","cdtype":"MRC"},"geometry":{"type":"Polygon","coordinates":[[[-69.59,47.43],[-69.31,47.62],[-69.44,47.72],[-69.53,47.73],[-69.67,47.73],[-70.02,47.49],[-70.1,47.34],[-69.62,47.07],[-69.39,47.3],[-69.59,47.43]]]}},{"type":"Feature","id":"2415","properties":{"id":"2415","name":"Charlevoix-Est","regionAbbrev":"QC","pruid":"24","cdtype":"MRC"},"geometry":{"type":"Polygon","coordinates":[[[-69.71,48.13],[-69.96,48.06],[-70.26,48],[-70.53,48],[-70.53,47.72],[-70.21,47.51],[-69.8,47.92],[-69.71,48.13]]]}},{"type":"Feature","id":"2416","properties":{"id":"2416","name":"Charlevoix","regionAbbrev":"QC","pruid":"24","cdtype":"MRC"},"geometry":{"type":"Polygon","coordinates":[[[-70.53,47.72],[-70.53,48],[-71.41,48],[-70.71,47.26],[-70.62,47.23],[-70.5,47.44],[-70.21,47.51],[-70.53,47.72]]]}},{"type":"Feature","id":"2417","properties":{"id":"2417","name":"L'Islet","regionAbbrev":"QC","pruid":"24","cdtype":"MRC"},"geometry":{"type":"Polygon","coordinates":[[[-69.62,47.07],[-70.08,47.33],[-70.19,47.31],[-70.43,47.08],[-69.96,46.73],[-69.62,47.07]]]}},{"type":"Feature","id":"2418","properties":{"id":"2418","name":"Montmagny","regionAbbrev":"QC","pruid":"24","cdtype":"MRC"},"geometry":{"type":"Polygon","coordinates":[[[-69.96,46.73],[-70.4,47.06],[-70.75,46.93],[-70.7,46.81],[-70.58,46.84],[-70.3,46.68],[-70.1,46.53],[-69.96,46.73]]]}},{"type":"Feature","id":"2419","properties":{"id":"2419","name":"Bellechasse","regionAbbrev":"QC","pruid":"24","cdtype":"MRC"},"geometry":{"type":"Polygon","coordinates":[[[-70.7,46.81],[-71.01,46.74],[-71.15,46.65],[-70.62,46.39],[-70.58,46.55],[-70.32,46.66],[-70.58,46.84],[-70.7,46.81]]]}},{"type":"Feature","id":"2420","properties":{"id":"2420","name":"L'Île-d'Orléans","regionAbbrev":"QC","pruid":"24","cdtype":"MRC"},"geometry":{"type":"Polygon","coordinates":[[[-70.8,47.02],[-71.14,46.85],[-71,46.86],[-70.8,47.02]]]}},{"type":"Feature","id":"2421","properties":{"id":"2421","name":"La Côte-de-Beaupré","regionAbbrev":"QC","pruid":"24","cdtype":"MRC"},"geometry":{"type":"Polygon","coordinates":[[[-70.71,47.26],[-71.4,47.95],[-72.07,47.95],[-71.26,47.13],[-71.09,47.05],[-70.72,47.11],[-70.62,47.23],[-70.71,47.26]]]}},{"type":"Feature","id":"2422","properties":{"id":"2422","name":"La Jacques-Cartier","regionAbbrev":"QC","pruid":"24","cdtype":"MRC"},"geometry":{"type":"Polygon","coordinates":[[[-71.26,47.13],[-71.89,47.77],[-72.24,47.54],[-71.63,47.19],[-71.63,46.99],[-71.55,46.85],[-71.42,46.98],[-71.09,47.05],[-71.26,47.13]]]}},{"type":"Feature","id":"2423","properties":{"id":"2423","name":"Québec","regionAbbrev":"QC","pruid":"24","cdtype":"TÉ"},"geometry":{"type":"Polygon","coordinates":[[[-71.52,46.72],[-71.29,46.75],[-71.17,46.91],[-71.42,46.98],[-71.55,46.85],[-71.52,46.72]]]}},{"type":"Feature","id":"2425","properties":{"id":"2425","name":"Lévis","regionAbbrev":"QC","pruid":"24","cdtype":"TÉ"},"geometry":{"type":"Polygon","coordinates":[[[-71.01,46.74],[-71.06,46.83],[-71.5,46.69],[-71.33,46.57],[-71.22,46.65],[-71.21,46.61],[-71.13,46.72],[-71.01,46.74]]]}},{"type":"Feature","id":"2426","properties":{"id":"2426","name":"La Nouvelle-Beauce","regionAbbrev":"QC","pruid":"24","cdtype":"MRC"},"geometry":{"type":"Polygon","coordinates":[[[-71.23,46.48],[-71.09,46.35],[-70.69,46.41],[-70.74,46.49],[-71.08,46.63],[-71.21,46.61],[-71.22,46.65],[-71.33,46.57],[-71.19,46.53],[-71.23,46.48]]]}},{"type":"Feature","id":"2427","properties":{"id":"2427","name":"Robert-Cliche","regionAbbrev":"QC","pruid":"24","cdtype":"MRC"},"geometry":{"type":"Polygon","coordinates":[[[-70.86,46.06],[-70.58,46.33],[-70.66,46.42],[-70.76,46.36],[-71.15,46.34],[-70.86,46.06]]]}},{"type":"Feature","id":"2428","properties":{"id":"2428","name":"Les Etchemins","regionAbbrev":"QC","pruid":"24","cdtype":"MRC"},"geometry":{"type":"Polygon","coordinates":[[[-70.3,46.68],[-70.58,46.55],[-70.62,46.39],[-70.56,46.35],[-70.67,46.26],[-70.48,46.14],[-70.28,46.06],[-70.29,46.19],[-70.05,46.46],[-70.13,46.52],[-70.3,46.68]]]}},{"type":"Feature","id":"2429","properties":{"id":"2429","name":"Beauce-Sartigan","regionAbbrev":"QC","pruid":"24","cdtype":"MRC"},"geometry":{"type":"Polygon","coordinates":[[[-70.48,46.14],[-70.62,46.21],[-70.67,46.26],[-70.86,46.06],[-70.97,46.12],[-71.02,46.08],[-70.9,45.89],[-70.89,45.78],[-70.4,45.8],[-70.28,46.06],[-70.48,46.14]]]}},{"type":"Feature","id":"2430","properties":{"id":"2430","name":"Le Granit","regionAbbrev":"QC","pruid":"24","cdtype":"MRC"},"geometry":{"type":"Polygon","coordinates":[[[-71.39,45.77],[-71.21,45.64],[-71.13,45.25],[-70.8,45.43],[-70.48,45.79],[-70.89,45.78],[-70.9,45.89],[-71.18,45.82],[-71.39,45.77]]]}},{"type":"Feature","id":"2431","properties":{"id":"2431","name":"Les Appalaches","regionAbbrev":"QC","pruid":"24","cdtype":"MRC"},"geometry":{"type":"Polygon","coordinates":[[[-70.97,46.12],[-71.1,46.28],[-71.32,46.35],[-71.69,45.97],[-71.46,45.87],[-71.39,45.77],[-71.18,45.82],[-71.02,46.08],[-70.97,46.12]]]}},{"type":"Feature","id":"2432","properties":{"id":"2432","name":"L'Érable","regionAbbrev":"QC","pruid":"24","cdtype":"MRC"},"geometry":{"type":"Polygon","coordinates":[[[-71.51,46.34],[-71.76,46.36],[-71.88,46.45],[-71.97,46.39],[-71.99,46.25],[-71.82,46.14],[-71.63,46.03],[-71.37,46.27],[-71.51,46.34]]]}},{"type":"Feature","id":"2433","properties":{"id":"2433","name":"Lotbinière","regionAbbrev":"QC","pruid":"24","cdtype":"MRC"},"geometry":{"type":"Polygon","coordinates":[[[-71.5,46.69],[-71.85,46.67],[-72.04,46.56],[-71.76,46.36],[-71.51,46.34],[-71.32,46.35],[-71.23,46.48],[-71.19,46.53],[-71.5,46.69]]]}},{"type":"Feature","id":"2434","properties":{"id":"2434","name":"Portneuf","regionAbbrev":"QC","pruid":"24","cdtype":"MRC"},"geometry":{"type":"Polygon","coordinates":[[[-71.63,47.19],[-72.01,47.4],[-72.26,47.26],[-72.43,47.3],[-72.55,47.31],[-72.39,47.13],[-72.17,46.87],[-72.39,46.79],[-72.07,46.58],[-71.88,46.69],[-71.52,46.72],[-71.71,46.85],[-71.63,46.99],[-71.63,47.19]]]}},{"type":"Feature","id":"2435","properties":{"id":"2435","name":"Mékinac","regionAbbrev":"QC","pruid":"24","cdtype":"MRC"},"geometry":{"type":"Polygon","coordinates":[[[-73.25,47.17],[-73.74,47.5],[-73.92,47.47],[-74.03,47.18],[-73.78,47.09],[-73.65,46.94],[-73.13,46.83],[-73.04,46.92],[-72.91,46.79],[-72.7,46.65],[-72.49,46.61],[-72.29,46.72],[-72.39,46.79],[-72.17,46.87],[-72.39,47.13],[-72.54,47.18],[-72.71,47.06],[-72.9,47.22],[-73.25,47.17]]]}},{"type":"Feature","id":"2436","properties":{"id":"2436","name":"Shawinigan","regionAbbrev":"QC","pruid":"24","cdtype":"TÉ"},"geometry":{"type":"Polygon","coordinates":[[[-72.91,46.79],[-73.04,46.92],[-73.18,46.75],[-72.91,46.72],[-72.76,46.46],[-72.58,46.58],[-72.91,46.79]]]}},{"type":"Feature","id":"2437","properties":{"id":"2437","name":"Francheville","regionAbbrev":"QC","pruid":"24","cdtype":"CDR"},"geometry":{"type":"Polygon","coordinates":[[[-72.69,46.37],[-72.27,46.45],[-72.1,46.58],[-72.29,46.72],[-72.49,46.61],[-72.55,46.65],[-72.76,46.46],[-72.69,46.37]]]}},{"type":"Feature","id":"2438","properties":{"id":"2438","name":"Bécancour","regionAbbrev":"QC","pruid":"24","cdtype":"MRC"},"geometry":{"type":"Polygon","coordinates":[[[-71.88,46.45],[-72.05,46.56],[-72.6,46.28],[-72.49,46.19],[-72.2,46.19],[-72.01,46.32],[-71.97,46.39],[-71.88,46.45]]]}},{"type":"Feature","id":"2439","properties":{"id":"2439","name":"Arthabaska","regionAbbrev":"QC","pruid":"24","cdtype":"MRC"},"geometry":{"type":"Polygon","coordinates":[[[-71.99,46.25],[-72.01,46.32],[-72.15,46.11],[-72.31,45.94],[-72.09,45.8],[-72.03,45.85],[-71.77,45.89],[-71.46,45.87],[-71.69,45.97],[-71.63,46.03],[-71.69,46.07],[-71.82,46.14],[-71.99,46.25]]]}},{"type":"Feature","id":"2440","properties":{"id":"2440","name":"Les Sources","regionAbbrev":"QC","pruid":"24","cdtype":"MRC"},"geometry":{"type":"Polygon","coordinates":[[[-72.13,45.76],[-71.83,45.6],[-71.45,45.79],[-71.77,45.89],[-72.03,45.85],[-72.13,45.76]]]}},{"type":"Feature","id":"2441","properties":{"id":"2441","name":"Le Haut-Saint-François","regionAbbrev":"QC","pruid":"24","cdtype":"MRC"},"geometry":{"type":"Polygon","coordinates":[[[-71.83,45.45],[-71.82,45.31],[-71.61,45.24],[-71.13,45.24],[-71.21,45.61],[-71.44,45.8],[-71.63,45.57],[-71.83,45.45]]]}},{"type":"Feature","id":"2442","properties":{"id":"2442","name":"Le Val-Saint-François","regionAbbrev":"QC","pruid":"24","cdtype":"MRC"},"geometry":{"type":"Polygon","coordinates":[[[-71.63,45.57],[-72.02,45.7],[-72.13,45.76],[-72.31,45.69],[-72.24,45.65],[-72.36,45.59],[-72.46,45.38],[-72.25,45.37],[-72.24,45.45],[-72.11,45.39],[-71.98,45.44],[-72.04,45.47],[-71.99,45.52],[-71.83,45.45],[-71.63,45.57]]]}},{"type":"Feature","id":"2443","properties":{"id":"2443","name":"Sherbrooke","regionAbbrev":"QC","pruid":"24","cdtype":"TÉ"},"geometry":{"type":"Polygon","coordinates":[[[-72.11,45.3],[-71.9,45.36],[-71.82,45.32],[-71.8,45.41],[-71.9,45.51],[-72,45.51],[-72.04,45.47],[-71.98,45.44],[-72.11,45.3]]]}},{"type":"Feature","id":"2444","properties":{"id":"2444","name":"Coaticook","regionAbbrev":"QC","pruid":"24","cdtype":"MRC"},"geometry":{"type":"Polygon","coordinates":[[[-72.1,45.03],[-71.5,45.01],[-71.41,45.24],[-71.64,45.27],[-71.86,45.35],[-71.92,45.31],[-71.92,45.16],[-72.1,45.03]]]}},{"type":"Feature","id":"2445","properties":{"id":"2445","name":"Memphrémagog","regionAbbrev":"QC","pruid":"24","cdtype":"MRC"},"geometry":{"type":"Polygon","coordinates":[[[-72.11,45.39],[-72.24,45.45],[-72.25,45.37],[-72.46,45.38],[-72.46,45.31],[-72.4,45.31],[-72.4,45.16],[-72.48,45.16],[-72.49,45.01],[-72.27,45.1],[-72.1,45.03],[-71.92,45.16],[-71.92,45.31],[-71.86,45.35],[-72.11,45.3],[-72.11,45.39]]]}},{"type":"Feature","id":"2446","properties":{"id":"2446","name":"Brome-Missisquoi","regionAbbrev":"QC","pruid":"24","cdtype":"MRC"},"geometry":{"type":"Polygon","coordinates":[[[-72.49,45.01],[-72.4,45.28],[-72.67,45.35],[-72.88,45.26],[-73.09,45.02],[-72.49,45.01]]]}},{"type":"Feature","id":"2447","properties":{"id":"2447","name":"La Haute-Yamaska","regionAbbrev":"QC","pruid":"24","cdtype":"MRC"},"geometry":{"type":"Polygon","coordinates":[[[-72.46,45.31],[-72.45,45.49],[-72.61,45.54],[-72.8,45.54],[-72.67,45.35],[-72.46,45.31]]]}},{"type":"Feature","id":"2448","properties":{"id":"2448","name":"Acton","regionAbbrev":"QC","pruid":"24","cdtype":"MRC"},"geometry":{"type":"Polygon","coordinates":[[[-72.62,45.61],[-72.59,45.5],[-72.4,45.45],[-72.31,45.6],[-72.59,45.78],[-72.7,45.76],[-72.73,45.6],[-72.62,45.61]]]}},{"type":"Feature","id":"2449","properties":{"id":"2449","name":"Drummond","regionAbbrev":"QC","pruid":"24","cdtype":"MRC"},"geometry":{"type":"Polygon","coordinates":[[[-72.31,45.94],[-72.51,46.08],[-72.75,45.94],[-72.7,45.76],[-72.6,45.79],[-72.24,45.65],[-72.31,45.69],[-72.09,45.8],[-72.31,45.94]]]}},{"type":"Feature","id":"2450","properties":{"id":"2450","name":"Nicolet-Yamaska","regionAbbrev":"QC","pruid":"24","cdtype":"MRC"},"geometry":{"type":"MultiPolygon","coordinates":[[[[-72.96,46.09],[-72.95,46.1],[-72.96,46.1],[-72.96,46.09]]],[[[-72.96,46.1],[-72.97,46.1],[-72.96,46.09],[-72.96,46.1]]],[[[-72.15,46.11],[-72.49,46.19],[-72.4,46.02],[-72.15,46.11]]]]}},{"type":"Feature","id":"2451","properties":{"id":"2451","name":"Maskinongé","regionAbbrev":"QC","pruid":"24","cdtype":"MRC"},"geometry":{"type":"Polygon","coordinates":[[[-73.13,46.83],[-73.42,46.89],[-73.44,46.6],[-73.28,46.53],[-73.33,46.5],[-73.17,46.38],[-73.04,46.16],[-72.69,46.37],[-72.7,46.42],[-72.91,46.72],[-73.18,46.75],[-73.13,46.83]]]}},{"type":"Feature","id":"2452","properties":{"id":"2452","name":"D'Autray","regionAbbrev":"QC","pruid":"24","cdtype":"MRC"},"geometry":{"type":"MultiPolygon","coordinates":[[[[-73.03,46.14],[-73.05,46.13],[-73.04,46.12],[-73.03,46.14]]],[[[-73.17,46.38],[-73.46,46.59],[-73.35,46.19],[-73.41,46.07],[-73.39,45.91],[-73.31,45.85],[-73.19,46.07],[-73.04,46.16],[-73.17,46.38]]]]}},{"type":"Feature","id":"2453","properties":{"id":"2453","name":"Pierre-De Saurel","regionAbbrev":"QC","pruid":"24","cdtype":"MRC"},"geometry":{"type":"MultiPolygon","coordinates":[[[[-72.97,46.1],[-73.02,46.07],[-72.97,46.08],[-72.97,46.1]]],[[[-72.94,46.1],[-73.15,46.04],[-73.2,45.88],[-72.75,45.94],[-72.94,46.1]]]]}},{"type":"Feature","id":"2454","properties":{"id":"2454","name":"Les Maskoutains","regionAbbrev":"QC","pruid":"24","cdtype":"MRC"},"geometry":{"type":"Polygon","coordinates":[[[-72.73,45.6],[-72.68,45.74],[-72.83,45.85],[-72.9,45.91],[-73.06,45.75],[-73.07,45.48],[-72.8,45.54],[-72.62,45.61],[-72.73,45.6]]]}},{"type":"Feature","id":"2455","properties":{"id":"2455","name":"Rouville","regionAbbrev":"QC","pruid":"24","cdtype":"MRC"},"geometry":{"type":"Polygon","coordinates":[[[-72.88,45.26],[-72.82,45.46],[-73.12,45.45],[-73.23,45.54],[-73.28,45.47],[-73.22,45.36],[-73.05,45.39],[-72.88,45.26]]]}},{"type":"Feature","id":"2456","properties":{"id":"2456","name":"Le Haut-Richelieu","regionAbbrev":"QC","pruid":"24","cdtype":"MRC"},"geometry":{"type":"Polygon","coordinates":[[[-73.22,45.09],[-73.11,45.07],[-73.05,45.33],[-72.99,45.34],[-73.03,45.38],[-73.39,45.41],[-73.35,45.23],[-73.41,45.01],[-73.22,45.09]]]}},{"type":"Feature","id":"2457","properties":{"id":"2457","name":"La Vallée-du-Richelieu","regionAbbrev":"QC","pruid":"24","cdtype":"MRC"},"geometry":{"type":"Polygon","coordinates":[[[-73.06,45.75],[-73.23,45.54],[-73.07,45.48],[-73.06,45.75]]]}},{"type":"Feature","id":"2458","properties":{"id":"2458","name":"Longueuil","regionAbbrev":"QC","pruid":"24","cdtype":"TÉ"},"geometry":{"type":"Polygon","coordinates":[[[-73.29,45.55],[-73.53,45.52],[-73.39,45.41],[-73.29,45.55]]]}},{"type":"Feature","id":"2459","properties":{"id":"2459","name":"Marguerite-D'Youville","regionAbbrev":"QC","pruid":"24","cdtype":"MRC"},"geometry":{"type":"Polygon","coordinates":[[[-73.29,45.55],[-73.23,45.87],[-73.43,45.71],[-73.29,45.55]]]}},{"type":"Feature","id":"2460","properties":{"id":"2460","name":"L'Assomption","regionAbbrev":"QC","pruid":"24","cdtype":"MRC"},"geometry":{"type":"Polygon","coordinates":[[[-73.31,45.85],[-73.58,45.83],[-73.49,45.71],[-73.31,45.85]]]}},{"type":"Feature","id":"2461","properties":{"id":"2461","name":"Joliette","regionAbbrev":"QC","pruid":"24","cdtype":"MRC"},"geometry":{"type":"Polygon","coordinates":[[[-73.41,46.07],[-73.4,46.12],[-73.56,46.2],[-73.64,46.08],[-73.39,45.91],[-73.41,46.07]]]}},{"type":"Feature","id":"2462","properties":{"id":"2462","name":"Matawinie","regionAbbrev":"QC","pruid":"24","cdtype":"MRC"},"geometry":{"type":"Polygon","coordinates":[[[-74.03,47.18],[-73.96,47.39],[-74.48,47.74],[-74.89,47.76],[-74.54,47.51],[-74.49,47.22],[-74.41,47.1],[-74.49,46.61],[-74.34,46.55],[-74.48,46.45],[-74.41,46.3],[-74.18,46.25],[-74.03,46.15],[-73.96,46.07],[-73.98,45.98],[-73.66,46.01],[-73.56,46.21],[-73.47,46.11],[-73.37,46.14],[-73.35,46.19],[-73.46,46.59],[-73.33,46.5],[-73.28,46.53],[-73.44,46.6],[-73.42,46.89],[-73.65,46.94],[-73.78,47.09],[-74.03,47.18]]]}},{"type":"Feature","id":"2463","properties":{"id":"2463","name":"Montcalm","regionAbbrev":"QC","pruid":"24","cdtype":"MRC"},"geometry":{"type":"Polygon","coordinates":[[[-73.81,45.82],[-73.46,45.9],[-73.58,46.04],[-73.98,45.98],[-73.81,45.82]]]}},{"type":"Feature","id":"2464","properties":{"id":"2464","name":"Les Moulins","regionAbbrev":"QC","pruid":"24","cdtype":"MRC"},"geometry":{"type":"Polygon","coordinates":[[[-73.49,45.71],[-73.85,45.72],[-73.75,45.67],[-73.49,45.71]]]}},{"type":"Feature","id":"2465","properties":{"id":"2465","name":"Laval","regionAbbrev":"QC","pruid":"24","cdtype":"TÉ"},"geometry":{"type":"Polygon","coordinates":[[[-73.53,45.7],[-73.73,45.68],[-73.89,45.53],[-73.77,45.51],[-73.53,45.7]]]}},{"type":"Feature","id":"2466","properties":{"id":"2466","name":"Montréal","regionAbbrev":"QC","pruid":"24","cdtype":"TÉ"},"geometry":{"type":"MultiPolygon","coordinates":[[[[-73.53,45.52],[-73.53,45.5],[-73.52,45.5],[-73.53,45.52]],[[-73.53,45.51],[-73.53,45.52],[-73.52,45.5],[-73.53,45.51]],[[-73.52,45.5],[-73.53,45.5],[-73.53,45.51],[-73.52,45.5]]],[[[-73.48,45.7],[-73.97,45.43],[-73.59,45.47],[-73.48,45.7]]]]}},{"type":"Feature","id":"2467","properties":{"id":"2467","name":"Roussillon","regionAbbrev":"QC","pruid":"24","cdtype":"MRC"},"geometry":{"type":"Polygon","coordinates":[[[-73.39,45.41],[-73.69,45.42],[-73.83,45.33],[-73.46,45.29],[-73.39,45.41]]]}},{"type":"Feature","id":"2468","properties":{"id":"2468","name":"Les Jardins-de-Napierville","regionAbbrev":"QC","pruid":"24","cdtype":"MRC"},"geometry":{"type":"Polygon","coordinates":[[[-73.41,45.01],[-73.37,45.31],[-73.67,45.21],[-73.67,45.1],[-73.69,45],[-73.41,45.01]]]}},{"type":"Feature","id":"2469","properties":{"id":"2469","name":"Le Haut-Saint-Laurent","regionAbbrev":"QC","pruid":"24","cdtype":"MRC"},"geometry":{"type":"Polygon","coordinates":[[[-73.67,45.1],[-73.83,45.21],[-74.02,45.15],[-74.32,45.17],[-74.47,45.03],[-73.69,45],[-73.67,45.1]]]}},{"type":"Feature","id":"2470","properties":{"id":"2470","name":"Beauharnois-Salaberry","regionAbbrev":"QC","pruid":"24","cdtype":"MRC"},"geometry":{"type":"Polygon","coordinates":[[[-73.83,45.33],[-74.18,45.2],[-74.12,45.15],[-73.67,45.21],[-73.83,45.33]]]}},{"type":"Feature","id":"2471","properties":{"id":"2471","name":"Vaudreuil-Soulanges","regionAbbrev":"QC","pruid":"24","cdtype":"MRC"},"geometry":{"type":"Polygon","coordinates":[[[-74.34,45.21],[-73.95,45.33],[-74.34,45.5],[-74.47,45.3],[-74.34,45.21]]]}},{"type":"Feature","id":"2472","properties":{"id":"2472","name":"Deux-Montagnes","regionAbbrev":"QC","pruid":"24","cdtype":"MRC"},"geometry":{"type":"Polygon","coordinates":[[[-73.84,45.58],[-73.88,45.6],[-73.94,45.62],[-74.07,45.52],[-73.84,45.58]]]}},{"type":"Feature","id":"2473","properties":{"id":"2473","name":"Thérèse-De Blainville","regionAbbrev":"QC","pruid":"24","cdtype":"MRC"},"geometry":{"type":"Polygon","coordinates":[[[-73.85,45.72],[-73.84,45.58],[-73.75,45.67],[-73.85,45.72]]]}},{"type":"Feature","id":"2474","properties":{"id":"2474","name":"Mirabel","regionAbbrev":"QC","pruid":"24","cdtype":"TÉ"},"geometry":{"type":"Polygon","coordinates":[[[-74.07,45.52],[-73.9,45.61],[-73.89,45.75],[-73.95,45.79],[-74.24,45.7],[-74.24,45.55],[-74.07,45.52]]]}},{"type":"Feature","id":"2475","properties":{"id":"2475","name":"La Rivière-du-Nord","regionAbbrev":"QC","pruid":"24","cdtype":"MRC"},"geometry":{"type":"Polygon","coordinates":[[[-73.81,45.82],[-74.09,45.94],[-74.09,45.83],[-74.1,45.79],[-74.18,45.8],[-74.21,45.67],[-73.81,45.82]]]}},{"type":"Feature","id":"2476","properties":{"id":"2476","name":"Argenteuil","regionAbbrev":"QC","pruid":"24","cdtype":"MRC"},"geometry":{"type":"Polygon","coordinates":[[[-74.44,45.75],[-74.5,45.91],[-74.71,45.93],[-74.81,45.64],[-74.63,45.64],[-74.31,45.51],[-74.24,45.55],[-74.27,45.68],[-74.18,45.8],[-74.1,45.79],[-74.42,45.85],[-74.44,45.75]]]}},{"type":"Feature","id":"2477","properties":{"id":"2477","name":"Les Pays-d'en-Haut","regionAbbrev":"QC","pruid":"24","cdtype":"MRC"},"geometry":{"type":"Polygon","coordinates":[[[-73.96,46.07],[-74.25,45.95],[-74.41,46.02],[-74.44,45.75],[-74.42,45.85],[-74.09,45.83],[-74.09,45.94],[-73.96,46.07]]]}},{"type":"Feature","id":"2478","properties":{"id":"2478","name":"Les Laurentides","regionAbbrev":"QC","pruid":"24","cdtype":"MRC"},"geometry":{"type":"Polygon","coordinates":[[[-74.18,46.25],[-74.41,46.3],[-74.48,46.45],[-74.65,46.35],[-75.04,46.31],[-75.09,46.1],[-74.86,46.06],[-74.8,45.94],[-74.44,45.91],[-74.41,46.02],[-74.25,45.95],[-74.03,46.15],[-74.18,46.25]]]}},{"type":"Feature","id":"2479","properties":{"id":"2479","name":"Antoine-Labelle","regionAbbrev":"QC","pruid":"24","cdtype":"MRC"},"geometry":{"type":"Polygon","coordinates":[[[-74.54,47.51],[-74.89,47.76],[-75.54,47.76],[-75.41,47.59],[-75.31,47.55],[-75.48,47.28],[-75.63,47.18],[-75.65,47.28],[-75.8,47.32],[-76.1,47.19],[-76.13,46.92],[-75.75,46.84],[-75.71,46.31],[-75.82,46.31],[-75.76,46.02],[-75.7,46.02],[-75.41,45.97],[-75.12,46.22],[-75.04,46.31],[-74.65,46.35],[-74.34,46.55],[-74.49,46.61],[-74.41,47.1],[-74.49,47.22],[-74.54,47.51]]]}},{"type":"Feature","id":"2480","properties":{"id":"2480","name":"Papineau","regionAbbrev":"QC","pruid":"24","cdtype":"MRC"},"geometry":{"type":"Polygon","coordinates":[[[-74.86,46.06],[-75.09,46.11],[-75.12,46.22],[-75.41,45.97],[-75.8,45.98],[-75.74,45.83],[-75.51,45.85],[-75.49,45.71],[-75.37,45.71],[-75.35,45.54],[-74.81,45.64],[-74.8,45.94],[-74.86,46.06]]]}},{"type":"Feature","id":"2481","properties":{"id":"2481","name":"Gatineau","regionAbbrev":"QC","pruid":"24","cdtype":"TÉ"},"geometry":{"type":"Polygon","coordinates":[[[-75.36,45.6],[-75.72,45.55],[-75.78,45.46],[-75.91,45.48],[-75.9,45.4],[-75.82,45.37],[-75.35,45.54],[-75.36,45.6]]]}},{"type":"Feature","id":"2482","properties":{"id":"2482","name":"Les Collines-de-l'Outaouais","regionAbbrev":"QC","pruid":"24","cdtype":"MRC"},"geometry":{"type":"Polygon","coordinates":[[[-75.49,45.71],[-75.51,45.82],[-76.15,45.75],[-76.15,45.8],[-76.33,45.8],[-76.3,45.46],[-76.09,45.51],[-75.9,45.4],[-75.91,45.48],[-75.78,45.46],[-75.72,45.55],[-75.36,45.6],[-75.49,45.71]]]}},{"type":"Feature","id":"2483","properties":{"id":"2483","name":"La Vallée-de-la-Gatineau","regionAbbrev":"QC","pruid":"24","cdtype":"MRC"},"geometry":{"type":"Polygon","coordinates":[[[-75.52,47.76],[-75.52,47.85],[-75.72,47.85],[-75.79,47.67],[-76.23,47.73],[-76.57,47.6],[-76.58,47.29],[-77,47.29],[-77,47],[-76.8,47],[-76.8,46.64],[-76.61,46.65],[-76.68,46.58],[-76.52,46.42],[-76.5,46.34],[-76.6,46.32],[-76.32,46.27],[-76.32,46.02],[-76.15,46.02],[-76.15,45.75],[-75.72,45.78],[-75.8,45.98],[-75.7,46.02],[-75.76,46.02],[-75.82,46.31],[-75.71,46.31],[-75.75,46.84],[-76.13,46.92],[-76.09,47.19],[-75.84,47.31],[-75.65,47.28],[-75.63,47.18],[-75.47,47.28],[-75.31,47.55],[-75.41,47.59],[-75.52,47.76]]]}},{"type":"Feature","id":"2484","properties":{"id":"2484","name":"Pontiac","regionAbbrev":"QC","pruid":"24","cdtype":"MRC"},"geometry":{"type":"Polygon","coordinates":[[[-77.43,47.14],[-77.43,47.29],[-77.93,47.27],[-77.86,47.23],[-77.86,46.66],[-77.74,46.41],[-77.84,46.31],[-77.85,46.21],[-77.57,46.16],[-77.28,46.02],[-77.19,45.86],[-76.99,45.79],[-76.78,45.87],[-76.66,45.56],[-76.3,45.46],[-76.33,45.8],[-76.15,45.8],[-76.15,46.02],[-76.32,46.02],[-76.32,46.27],[-76.6,46.32],[-76.5,46.34],[-76.66,46.52],[-76.67,46.63],[-76.61,46.65],[-76.8,46.64],[-76.8,47],[-77,47],[-77,47.15],[-77.43,47.14]]]}},{"type":"Feature","id":"2485","properties":{"id":"2485","name":"Témiscamingue","regionAbbrev":"QC","pruid":"24","cdtype":"MRC"},"geometry":{"type":"Polygon","coordinates":[[[-77.42,47.7],[-78.65,47.7],[-78.65,47.88],[-79.39,47.85],[-79.39,47.91],[-79.52,47.91],[-79.51,47.54],[-79.59,47.43],[-79.43,47.25],[-79.43,47.08],[-78.99,46.55],[-78.71,46.33],[-77.85,46.21],[-77.84,46.31],[-77.74,46.41],[-77.86,46.66],[-77.86,47.23],[-77.93,47.27],[-77.6,47.4],[-77.42,47.7]]]}},{"type":"Feature","id":"2486","properties":{"id":"2486","name":"Rouyn-Noranda","regionAbbrev":"QC","pruid":"24","cdtype":"TÉ"},"geometry":{"type":"Polygon","coordinates":[[[-78.65,48.43],[-78.65,48.55],[-79.08,48.56],[-79.08,48.43],[-79.52,48.43],[-79.52,47.91],[-79.39,47.91],[-79.39,47.85],[-78.65,47.88],[-78.65,47.7],[-78.22,47.7],[-78.31,48],[-78.3,48.34],[-78.43,48.24],[-78.65,48.43]]]}},{"type":"Feature","id":"2487","properties":{"id":"2487","name":"Abitibi-Ouest","regionAbbrev":"QC","pruid":"24","cdtype":"MRC"},"geometry":{"type":"Polygon","coordinates":[[[-79.08,48.56],[-78.64,48.57],[-78.64,49],[-79.52,49.01],[-79.52,48.43],[-79.08,48.43],[-79.08,48.56]]]}},{"type":"Feature","id":"2488","properties":{"id":"2488","name":"Abitibi","regionAbbrev":"QC","pruid":"24","cdtype":"MRC"},"geometry":{"type":"Polygon","coordinates":[[[-77.08,48.73],[-77.06,49],[-78.64,49],[-78.65,48.43],[-78.43,48.24],[-78.32,48.35],[-78.22,48.26],[-77.56,48.29],[-77.56,48.5],[-77.13,48.58],[-77.08,48.73]]]}},{"type":"Feature","id":"2489","properties":{"id":"2489","name":"La Vallée-de-l'Or","regionAbbrev":"QC","pruid":"24","cdtype":"MRC"},"geometry":{"type":"Polygon","coordinates":[[[-75.52,47.85],[-75.53,49],[-77.06,49],[-77.08,48.73],[-77.14,48.58],[-77.56,48.5],[-77.56,48.29],[-78.22,48.26],[-78.3,48.34],[-78.31,48],[-78.22,47.7],[-77.42,47.7],[-77.6,47.4],[-77.93,47.27],[-77.43,47.29],[-77.43,47.14],[-77,47.15],[-77,47.29],[-76.58,47.29],[-76.57,47.6],[-76.23,47.73],[-75.79,47.67],[-75.77,47.82],[-75.52,47.85]]]}},{"type":"Feature","id":"2490","properties":{"id":"2490","name":"La Tuque","regionAbbrev":"QC","pruid":"24","cdtype":"TÉ"},"geometry":{"type":"Polygon","coordinates":[[[-73.02,48],[-74.46,48.96],[-74.51,49],[-75.53,49],[-75.52,47.76],[-74.51,47.76],[-73.92,47.47],[-73.74,47.5],[-73.25,47.17],[-72.9,47.22],[-72.71,47.06],[-72.54,47.18],[-72.55,47.31],[-72.43,47.3],[-72.14,47.41],[-72.24,47.54],[-71.89,47.77],[-72.12,48],[-73.02,48]]]}},{"type":"Feature","id":"2491","properties":{"id":"2491","name":"Le Domaine-du-Roy","regionAbbrev":"QC","pruid":"24","cdtype":"MRC"},"geometry":{"type":"Polygon","coordinates":[[[-73.66,50.02],[-73.85,50.01],[-74.26,49.51],[-74.39,49.47],[-74.43,49.33],[-74.31,49.26],[-74.24,49.29],[-74.24,49.14],[-74.33,48.93],[-74.44,48.93],[-73.02,48],[-72.07,48],[-71.97,48.05],[-71.96,48.25],[-71.98,48.39],[-72.1,48.73],[-72.32,48.68],[-72.53,48.75],[-73.06,48.96],[-73.14,49.15],[-73.34,49.31],[-73.48,49.54],[-73.66,50.02]]]}},{"type":"Feature","id":"2492","properties":{"id":"2492","name":"Maria-Chapdelaine","regionAbbrev":"QC","pruid":"24","cdtype":"MRC"},"geometry":{"type":"Polygon","coordinates":[[[-70.88,52.28],[-71.14,52.17],[-71.39,51.85],[-71.57,51.81],[-71.58,51.5],[-71.86,51.35],[-72.22,51.03],[-72.57,50.89],[-73.15,50.75],[-73.46,50.37],[-73.77,50.22],[-73.66,50.02],[-73.48,49.54],[-73.34,49.31],[-73.14,49.15],[-73.06,48.96],[-72.53,48.75],[-72.32,48.68],[-72.06,48.76],[-71.86,48.74],[-71.77,48.83],[-71.86,48.96],[-71.74,48.93],[-71.78,48.85],[-71.68,48.76],[-71.51,48.77],[-71.34,48.99],[-71.17,49.49],[-71.16,49.83],[-71.36,50.41],[-71.24,50.6],[-71.33,51.02],[-71.51,51.23],[-71.43,51.61],[-71.31,51.71],[-71.1,52.12],[-70.88,52.28]]]}},{"type":"Feature","id":"2493","properties":{"id":"2493","name":"Lac-Saint-Jean-Est","regionAbbrev":"QC","pruid":"24","cdtype":"MRC"},"geometry":{"type":"Polygon","coordinates":[[[-71.77,48.83],[-71.86,48.96],[-71.77,48.83],[-71.86,48.74],[-72.11,48.74],[-71.98,48.39],[-71.96,48.25],[-71.97,48.05],[-72.12,48],[-72.07,47.95],[-71.38,47.95],[-71.64,48.19],[-71.37,48.78],[-71.32,48.77],[-71.46,48.85],[-71.51,48.77],[-71.66,48.75],[-71.77,48.83]]]}},{"type":"Feature","id":"2494","properties":{"id":"2494","name":"Le Saguenay-et-son-Fjord","regionAbbrev":"QC","pruid":"24","cdtype":"CDR"},"geometry":{"type":"Polygon","coordinates":[[[-70.01,48.36],[-70.02,52.62],[-70.18,52.59],[-70.29,52.35],[-70.86,52.26],[-71.07,52.14],[-71.43,51.61],[-71.51,51.23],[-71.33,51.02],[-71.24,50.6],[-71.36,50.41],[-71.16,49.83],[-71.17,49.49],[-71.27,49.1],[-71.46,48.85],[-71.32,48.77],[-71.37,48.78],[-71.64,48.19],[-71.43,48],[-70.26,48],[-69.96,48.06],[-70.08,48.26],[-70.01,48.36]]]}},{"type":"Feature","id":"2495","properties":{"id":"2495","name":"La Haute-Côte-Nord","regionAbbrev":"QC","pruid":"24","cdtype":"MRC"},"geometry":{"type":"Polygon","coordinates":[[[-69.44,49.91],[-69.51,50],[-70.03,50],[-70.01,48.36],[-70.08,48.26],[-69.71,48.13],[-69.43,48.3],[-69.23,48.57],[-68.76,48.94],[-68.79,49.06],[-69.15,49.08],[-69.14,49.6],[-69.27,49.67],[-69.44,49.91]]]}},{"type":"Feature","id":"2496","properties":{"id":"2496","name":"Manicouagan","regionAbbrev":"QC","pruid":"24","cdtype":"MRC"},"geometry":{"type":"Polygon","coordinates":[[[-67.85,51.4],[-67.92,51.56],[-70.02,51.56],[-70.03,50],[-69.51,50],[-69.44,49.91],[-69.27,49.67],[-69.14,49.6],[-69.15,49.08],[-68.79,49.06],[-68.76,48.94],[-68.6,49.05],[-68.19,49.1],[-68.15,49.27],[-67.38,49.32],[-67.23,49.59],[-67.58,49.59],[-67.52,49.83],[-67.79,50.5],[-67.74,50.92],[-67.64,51.01],[-67.92,51.3],[-67.85,51.4]]]}},{"type":"Feature","id":"2497","properties":{"id":"2497","name":"Sept-Rivières--Caniapiscau","regionAbbrev":"QC","pruid":"24","cdtype":"CDR"},"geometry":{"type":"MultiPolygon","coordinates":[[[[-66.74,54.81],[-66.65,54.86],[-66.77,55],[-67.22,55],[-66.67,54.71],[-66.74,54.81]]],[[[-63.59,54.9],[-63.56,55],[-66.26,55],[-65.85,54.93],[-65.65,54.75],[-65.3,54.82],[-65.09,54.97],[-64.56,54.71],[-64.18,54.72],[-64.05,54.6],[-63.71,54.62],[-63.82,54.82],[-63.59,54.9]]],[[[-67.28,54.59],[-67.07,54.67],[-67.38,54.95],[-67.42,55],[-70,55],[-70.02,51.56],[-67.92,51.56],[-67.85,51.4],[-67.92,51.3],[-67.64,51.01],[-67.74,50.92],[-67.79,50.5],[-67.52,49.83],[-67.58,49.59],[-67.23,49.59],[-67.15,49.81],[-66.93,50],[-66.45,50.29],[-66.09,50.19],[-65.95,50.29],[-65.54,50.27],[-65.5,50.37],[-65.5,52.11],[-66.09,52.09],[-66.38,52.15],[-66.34,52.36],[-66.42,52.86],[-66.46,53.06],[-66.65,52.78],[-67.03,52.75],[-67.16,52.82],[-67.24,52.98],[-66.99,53.08],[-66.89,53.41],[-67.04,53.53],[-67.32,53.55],[-67.5,53.84],[-67.76,54.09],[-67.62,54.2],[-67.77,54.44],[-67.28,54.59]]]]}},{"type":"Feature","id":"2498","properties":{"id":"2498","name":"Minganie--Le Golfe-du-Saint-Laurent","regionAbbrev":"QC","pruid":"24","cdtype":"CDR"},"geometry":{"type":"MultiPolygon","coordinates":[[[[-60.51,50.2],[-60.51,50.21],[-60.52,50.21],[-60.51,50.2]]],[[[-59.22,50.65],[-59.22,50.64],[-59.21,50.64],[-59.22,50.65]]],[[[-60.4,50.22],[-60.4,50.21],[-60.39,50.21],[-60.4,50.22]]],[[[-59.99,50.25],[-59.99,50.24],[-59.98,50.24],[-59.99,50.25]]],[[[-59.99,50.25],[-60,50.24],[-59.99,50.24],[-59.99,50.25]]],[[[-60.26,50.22],[-60.27,50.21],[-60.26,50.21],[-60.26,50.22]]],[[[-59.46,50.49],[-59.47,50.49],[-59.46,50.48],[-59.46,50.49]]],[[[-60.75,50.21],[-60.76,50.2],[-60.75,50.2],[-60.75,50.21]]],[[[-59.98,50.24],[-59.99,50.24],[-60,50.23],[-59.98,50.24]]],[[[-58.42,51.17],[-58.43,51.17],[-58.42,51.16],[-58.42,51.17]]],[[[-59.47,50.53],[-59.49,50.53],[-59.48,50.52],[-59.47,50.53]]],[[[-58.46,51.15],[-58.48,51.14],[-58.47,51.13],[-58.46,51.15]]],[[[-59.4,50.64],[-59.41,50.64],[-59.4,50.61],[-59.4,50.64]]],[[[-59.11,50.75],[-59.13,50.74],[-59.1,50.74],[-59.11,50.75]]],[[[-59.29,50.67],[-59.3,50.66],[-59.28,50.65],[-59.29,50.67]]],[[[-62.18,49.4],[-62.69,49.64],[-64.15,49.95],[-64.52,49.86],[-63.82,49.64],[-63.6,49.39],[-63.08,49.23],[-62.25,49.06],[-61.83,49.06],[-61.67,49.13],[-61.9,49.35],[-62.18,49.4]]],[[[-65.54,50.27],[-64.88,50.26],[-64.45,50.32],[-64.17,50.26],[-63.82,50.3],[-63.4,50.2],[-63,50.31],[-61.8,50.2],[-61.74,50.09],[-61.3,50.19],[-61.06,50.18],[-60.51,50.25],[-60.29,50.22],[-60.15,50.29],[-60.19,50.21],[-60.15,50.2],[-60.02,50.28],[-59.95,50.25],[-59.79,50.46],[-59.58,50.47],[-59.43,50.66],[-59.34,50.65],[-59.32,50.71],[-59.23,50.68],[-59.21,50.72],[-58.95,50.82],[-58.83,51.02],[-58.43,51.31],[-58.02,51.3],[-57.24,51.51],[-57.11,51.42],[-57.11,52],[-63.8,52],[-63.64,52.05],[-63.84,52.31],[-64.11,52.39],[-64.25,52.28],[-64.17,52.12],[-64.36,52.01],[-64.27,51.74],[-64.55,51.57],[-64.71,51.76],[-64.95,51.72],[-65.4,51.9],[-65.5,52.11],[-65.5,50.37],[-65.54,50.27]]]]}},{"type":"Feature","id":"2499","properties":{"id":"2499","name":"Nord-du-Québec","regionAbbrev":"QC","pruid":"24","cdtype":"CDR"},"geometry":{"type":"MultiPolygon","coordinates":[[[[-65.14,60.06],[-65.15,60.06],[-65.14,60.05],[-65.14,60.06]]],[[[-77.9,59.51],[-77.9,59.5],[-77.89,59.51],[-77.9,59.51]]],[[[-77.81,61.63],[-77.82,61.63],[-77.81,61.62],[-77.81,61.63]]],[[[-69.08,59.07],[-69.07,59.07],[-69.08,59.08],[-69.08,59.07]]],[[[-72.87,62.14],[-73.55,62.38],[-73.67,62.48],[-74.35,62.26],[-74.75,62.21],[-75.34,62.32],[-75.56,62.27],[-76.66,62.43],[-77.42,62.58],[-78.09,62.36],[-78.16,62.01],[-78,61.71],[-77.71,61.54],[-77.83,61.05],[-78.23,60.78],[-77.84,60.8],[-77.84,60.64],[-77.44,60.12],[-77.19,60.05],[-77.46,59.92],[-77.28,59.8],[-77.81,59.71],[-77.89,59.51],[-77.77,59.32],[-78.24,59.11],[-78.47,58.92],[-78.56,58.79],[-78.43,58.54],[-78.39,58.59],[-77.98,58.34],[-77.58,58.22],[-77.22,58.02],[-76.93,57.77],[-76.66,57.41],[-76.55,57.1],[-76.52,56.45],[-76.69,56.05],[-77.78,55.26],[-78.32,55.04],[-79.76,54.63],[-79.54,54.46],[-79.48,54.29],[-79.18,54.08],[-79,53.84],[-79.08,53.74],[-79.09,53.71],[-79.07,53.59],[-78.9,53.22],[-78.99,53.02],[-78.72,52.78],[-78.77,52.55],[-78.5,52.48],[-78.58,52.1],[-79.04,51.76],[-78.93,51.65],[-78.98,51.46],[-79.54,51.55],[-79.52,49.01],[-74.51,49],[-74.44,48.93],[-74.33,48.93],[-74.24,49.28],[-74.43,49.32],[-74.39,49.47],[-74.26,49.51],[-74.18,49.68],[-73.92,49.88],[-73.79,50.07],[-73.77,50.22],[-73.46,50.37],[-73.15,50.75],[-72.57,50.89],[-72.22,51.03],[-71.86,51.35],[-71.58,51.5],[-71.57,51.81],[-71.38,51.85],[-71.14,52.17],[-70.88,52.28],[-70.8,52.23],[-70.29,52.35],[-70.18,52.59],[-70.05,52.65],[-70,52.92],[-70,55],[-67.42,55],[-67.47,55.06],[-67.37,55.09],[-67.22,55],[-66.63,54.98],[-66.67,55.18],[-66.5,55.21],[-66.26,55],[-63.56,55],[-63.6,55.13],[-63.68,55.27],[-63.32,55.41],[-63.69,55.51],[-63.67,55.79],[-64.03,56.07],[-63.86,56.21],[-64.15,56.3],[-63.87,56.44],[-64.15,56.7],[-64.01,56.78],[-63.74,57.22],[-63.77,57.59],[-64.07,57.77],[-64.22,58.04],[-64.22,58.25],[-63.81,58.49],[-64.1,58.56],[-64.05,58.7],[-63.47,58.76],[-63.71,58.89],[-64.14,58.75],[-64.46,58.98],[-64.51,59.42],[-64.94,59.57],[-64.81,59.73],[-64.92,60.06],[-64.86,60.26],[-65.14,60.05],[-65.54,59.75],[-65.52,59.48],[-65.43,59.41],[-65.55,59.39],[-65.51,59.1],[-65.69,59.06],[-66.07,58.83],[-66.34,58.85],[-66.61,58.55],[-66.94,58.51],[-67.38,58.26],[-67.74,58.26],[-67.71,58.45],[-68.27,58.56],[-68.35,58.78],[-68.76,58.92],[-69.39,58.87],[-69.81,58.58],[-70.01,58.73],[-69.73,58.96],[-69.44,59.02],[-69.25,59.33],[-69.62,59.39],[-69.75,59.51],[-69.5,59.67],[-69.71,59.96],[-69.58,60.22],[-69.83,60.5],[-69.7,60.7],[-69.36,60.81],[-69.68,61.02],[-70.08,60.9],[-70.13,61.09],[-70.55,61.05],[-70.99,61.13],[-71.43,61.12],[-72.21,61.87],[-72.57,61.95],[-72.87,62.14]]]]}},{"type":"Feature","id":"3501","properties":{"id":"3501","name":"Stormont, Dundas and Glengarry","regionAbbrev":"ON","pruid":"35","cdtype":"UC"},"geometry":{"type":"Polygon","coordinates":[[[-74.44,45.39],[-74.58,45.51],[-74.99,45.28],[-75.59,45.08],[-75.36,44.8],[-74.95,45.02],[-74.62,45.04],[-74.34,45.21],[-74.47,45.3],[-74.44,45.39]]]}},{"type":"Feature","id":"3502","properties":{"id":"3502","name":"Prescott and Russell","regionAbbrev":"ON","pruid":"35","cdtype":"UC"},"geometry":{"type":"Polygon","coordinates":[[[-74.44,45.39],[-74.38,45.57],[-74.63,45.63],[-75.24,45.59],[-75.34,45.54],[-75.25,45.36],[-75.35,45.18],[-74.99,45.28],[-74.58,45.51],[-74.44,45.39]]]}},{"type":"Feature","id":"3506","properties":{"id":"3506","name":"Ottawa","regionAbbrev":"ON","pruid":"35","cdtype":"CDR"},"geometry":{"type":"Polygon","coordinates":[[[-75.25,45.36],[-75.33,45.51],[-75.68,45.46],[-75.82,45.37],[-76.2,45.52],[-76.35,45.41],[-75.82,44.96],[-75.63,45.13],[-75.59,45.08],[-75.35,45.18],[-75.25,45.36]]]}},{"type":"Feature","id":"3507","properties":{"id":"3507","name":"Leeds and Grenville","regionAbbrev":"ON","pruid":"35","cdtype":"UC"},"geometry":{"type":"MultiPolygon","coordinates":[[[[-76.15,44.3],[-76.16,44.3],[-76.16,44.29],[-76.15,44.3]]],[[[-75.36,44.8],[-75.61,45.11],[-75.89,44.87],[-76.07,44.89],[-76.4,44.79],[-76.53,44.72],[-76.25,44.5],[-76.23,44.31],[-75.94,44.38],[-75.36,44.8]]]]}},{"type":"Feature","id":"3509","properties":{"id":"3509","name":"Lanark","regionAbbrev":"ON","pruid":"35","cdtype":"CTY"},"geometry":{"type":"Polygon","coordinates":[[[-75.89,44.87],[-75.82,44.95],[-76.35,45.41],[-76.77,45.14],[-76.53,44.72],[-76.4,44.79],[-76.07,44.89],[-75.89,44.87]]]}},{"type":"Feature","id":"3510","properties":{"id":"3510","name":"Frontenac","regionAbbrev":"ON","pruid":"35","cdtype":"CTY"},"geometry":{"type":"Polygon","coordinates":[[[-76.53,44.72],[-76.79,45.18],[-76.94,45.21],[-77.14,45.1],[-77.07,44.96],[-77.22,44.92],[-77.12,44.78],[-76.92,44.64],[-76.61,44.21],[-76.24,44.31],[-76.25,44.5],[-76.53,44.72]]]}},{"type":"Feature","id":"3511","properties":{"id":"3511","name":"Lennox and Addington","regionAbbrev":"ON","pruid":"35","cdtype":"CTY"},"geometry":{"type":"Polygon","coordinates":[[[-77.22,44.92],[-77.07,44.97],[-77.22,45.24],[-77.54,45.14],[-77.21,44.57],[-77.06,44.42],[-77.14,44.4],[-77.02,44.19],[-76.63,44.22],[-76.92,44.64],[-77.12,44.78],[-77.22,44.92]]]}},{"type":"Feature","id":"3512","properties":{"id":"3512","name":"Hastings","regionAbbrev":"ON","pruid":"35","cdtype":"CTY"},"geometry":{"type":"Polygon","coordinates":[[[-77.69,45.44],[-78.18,45.31],[-77.65,44.27],[-77.66,44.04],[-77.38,44.16],[-77.05,44.19],[-77.14,44.4],[-77.06,44.42],[-77.31,44.73],[-77.69,45.44]]]}},{"type":"Feature","id":"3513","properties":{"id":"3513","name":"Prince Edward","regionAbbrev":"ON","pruid":"35","cdtype":"CDR"},"geometry":{"type":"Polygon","coordinates":[[[-77.61,44.01],[-77.27,43.91],[-77.14,44.01],[-77.39,44.14],[-77.61,44.01]]]}},{"type":"Feature","id":"3514","properties":{"id":"3514","name":"Northumberland","regionAbbrev":"ON","pruid":"35","cdtype":"CTY"},"geometry":{"type":"Polygon","coordinates":[[[-77.65,44.27],[-77.73,44.44],[-77.91,44.39],[-78.22,44.14],[-78.51,44.08],[-78.44,43.91],[-77.74,44.01],[-77.66,44.04],[-77.65,44.27]]]}},{"type":"Feature","id":"3515","properties":{"id":"3515","name":"Peterborough","regionAbbrev":"ON","pruid":"35","cdtype":"CTY"},"geometry":{"type":"Polygon","coordinates":[[[-77.73,44.44],[-77.96,44.9],[-78.14,44.92],[-78.65,44.79],[-78.43,44.29],[-78.58,44.25],[-78.51,44.08],[-78.22,44.14],[-77.91,44.39],[-77.73,44.44]]]}},{"type":"Feature","id":"3516","properties":{"id":"3516","name":"Kawartha Lakes","regionAbbrev":"ON","pruid":"35","cdtype":"CDR"},"geometry":{"type":"Polygon","coordinates":[[[-78.82,44.75],[-78.93,44.99],[-79.12,44.95],[-79.06,44.84],[-79.21,44.8],[-78.92,44.15],[-78.52,44.1],[-78.58,44.25],[-78.43,44.29],[-78.49,44.47],[-78.66,44.79],[-78.82,44.75]]]}},{"type":"Feature","id":"3518","properties":{"id":"3518","name":"Durham","regionAbbrev":"ON","pruid":"35","cdtype":"RM"},"geometry":{"type":"Polygon","coordinates":[[[-78.92,44.15],[-79.08,44.5],[-79.25,44.45],[-79.33,44.22],[-79.15,43.81],[-78.44,43.91],[-78.52,44.1],[-78.92,44.15]]]}},{"type":"Feature","id":"3519","properties":{"id":"3519","name":"York","regionAbbrev":"ON","pruid":"35","cdtype":"RM"},"geometry":{"type":"Polygon","coordinates":[[[-79.25,44.45],[-79.51,44.42],[-79.56,44.08],[-79.78,43.99],[-79.64,43.75],[-79.17,43.86],[-79.33,44.22],[-79.25,44.45]]]}},{"type":"Feature","id":"3520","properties":{"id":"3520","name":"Toronto","regionAbbrev":"ON","pruid":"35","cdtype":"CDR"},"geometry":{"type":"Polygon","coordinates":[[[-79.15,43.81],[-79.17,43.86],[-79.64,43.75],[-79.54,43.58],[-79.32,43.63],[-79.15,43.81]]]}},{"type":"Feature","id":"3521","properties":{"id":"3521","name":"Peel","regionAbbrev":"ON","pruid":"35","cdtype":"RM"},"geometry":{"type":"Polygon","coordinates":[[[-80.14,43.86],[-79.61,43.48],[-79.54,43.59],[-79.71,43.87],[-79.78,43.99],[-80.14,43.86]]]}},{"type":"Feature","id":"3522","properties":{"id":"3522","name":"Dufferin","regionAbbrev":"ON","pruid":"35","cdtype":"CTY"},"geometry":{"type":"Polygon","coordinates":[[[-79.95,43.95],[-80.03,44.29],[-80.36,44.17],[-80.37,44.04],[-80.44,44.03],[-80.4,43.86],[-80.25,43.76],[-80.08,43.92],[-79.95,43.95]]]}},{"type":"Feature","id":"3523","properties":{"id":"3523","name":"Wellington","regionAbbrev":"ON","pruid":"35","cdtype":"CTY"},"geometry":{"type":"Polygon","coordinates":[[[-80.4,43.86],[-80.44,44.03],[-80.99,43.99],[-80.95,43.82],[-80.87,43.7],[-80.61,43.59],[-80.56,43.69],[-80.27,43.39],[-80.08,43.42],[-80.03,43.47],[-80.16,43.56],[-79.97,43.73],[-80.14,43.86],[-80.25,43.76],[-80.4,43.86]]]}},{"type":"Feature","id":"3524","properties":{"id":"3524","name":"Halton","regionAbbrev":"ON","pruid":"35","cdtype":"RM"},"geometry":{"type":"Polygon","coordinates":[[[-79.89,43.29],[-79.8,43.3],[-79.63,43.48],[-79.95,43.72],[-80.16,43.56],[-79.86,43.35],[-79.89,43.29]]]}},{"type":"Feature","id":"3525","properties":{"id":"3525","name":"Hamilton","regionAbbrev":"ON","pruid":"35","cdtype":"CDR"},"geometry":{"type":"Polygon","coordinates":[[[-79.86,43.35],[-80.03,43.47],[-80.25,43.33],[-80.2,43.21],[-79.75,43.05],[-79.62,43.23],[-79.79,43.3],[-79.88,43.27],[-79.86,43.35]]]}},{"type":"Feature","id":"3526","properties":{"id":"3526","name":"Niagara","regionAbbrev":"ON","pruid":"35","cdtype":"RM"},"geometry":{"type":"Polygon","coordinates":[[[-79.75,43.05],[-79.38,42.86],[-79.1,42.84],[-78.92,42.93],[-79.08,43.08],[-79.62,43.23],[-79.75,43.05]]]}},{"type":"Feature","id":"3528","properties":{"id":"3528","name":"Haldimand-Norfolk","regionAbbrev":"ON","pruid":"35","cdtype":"CDR"},"geometry":{"type":"MultiPolygon","coordinates":[[[[-80.32,42.59],[-80.32,42.58],[-80.31,42.59],[-80.32,42.59]]],[[[-80.4,42.59],[-80.41,42.59],[-80.4,42.58],[-80.4,42.59]]],[[[-80.72,42.62],[-80.45,42.62],[-80.22,42.78],[-79.44,42.88],[-79.51,42.96],[-79.8,43.07],[-79.98,43.13],[-80.54,42.98],[-80.51,42.88],[-80.74,42.82],[-80.72,42.62]]]]}},{"type":"Feature","id":"3529","properties":{"id":"3529","name":"Brant","regionAbbrev":"ON","pruid":"35","cdtype":"CDR"},"geometry":{"type":"Polygon","coordinates":[[[-80.2,43.21],[-80.47,43.27],[-80.44,43.18],[-80.61,43.15],[-80.54,42.98],[-79.98,43.13],[-80.2,43.21]]]}},{"type":"Feature","id":"3530","properties":{"id":"3530","name":"Waterloo","regionAbbrev":"ON","pruid":"35","cdtype":"RM"},"geometry":{"type":"Polygon","coordinates":[[[-80.47,43.27],[-80.19,43.34],[-80.41,43.58],[-80.56,43.69],[-80.61,43.59],[-80.75,43.65],[-80.87,43.5],[-80.74,43.41],[-80.73,43.31],[-80.5,43.35],[-80.47,43.27]]]}},{"type":"Feature","id":"3531","properties":{"id":"3531","name":"Perth","regionAbbrev":"ON","pruid":"35","cdtype":"CTY"},"geometry":{"type":"Polygon","coordinates":[[[-80.87,43.7],[-81.09,43.81],[-81.15,43.61],[-81.44,43.42],[-81.36,43.26],[-81.22,43.2],[-80.74,43.35],[-80.87,43.5],[-80.75,43.65],[-80.87,43.7]]]}},{"type":"Feature","id":"3532","properties":{"id":"3532","name":"Oxford","regionAbbrev":"ON","pruid":"35","cdtype":"CTY"},"geometry":{"type":"Polygon","coordinates":[[[-80.44,43.18],[-80.5,43.35],[-80.73,43.31],[-80.74,43.35],[-81.13,43.23],[-80.99,42.99],[-80.92,43],[-80.88,42.83],[-80.74,42.82],[-80.51,42.88],[-80.61,43.15],[-80.44,43.18]]]}},{"type":"Feature","id":"3534","properties":{"id":"3534","name":"Elgin","regionAbbrev":"ON","pruid":"35","cdtype":"CTY"},"geometry":{"type":"Polygon","coordinates":[[[-80.72,42.62],[-80.72,42.79],[-80.89,42.86],[-80.9,42.91],[-81.12,42.89],[-81.83,42.61],[-81.67,42.47],[-81.26,42.66],[-80.72,42.62]]]}},{"type":"Feature","id":"3536","properties":{"id":"3536","name":"Chatham-Kent","regionAbbrev":"ON","pruid":"35","cdtype":"CDR"},"geometry":{"type":"MultiPolygon","coordinates":[[[[-82.42,42.39],[-82.41,42.38],[-82.41,42.39],[-82.42,42.39]]],[[[-81.87,42.29],[-81.88,42.28],[-81.87,42.28],[-81.87,42.29]]],[[[-81.87,42.28],[-81.88,42.28],[-81.88,42.27],[-81.87,42.28]]],[[[-81.86,42.29],[-81.87,42.29],[-81.87,42.28],[-81.86,42.29]]],[[[-82.41,42.39],[-82.41,42.4],[-82.42,42.39],[-82.41,42.39]]],[[[-81.84,42.65],[-82.48,42.63],[-82.4,42.53],[-82.46,42.06],[-82.09,42.25],[-81.85,42.26],[-81.67,42.47],[-81.84,42.65]],[[-81.87,42.29],[-81.86,42.29],[-81.87,42.28],[-81.87,42.29]],[[-81.87,42.29],[-81.86,42.29],[-81.87,42.28],[-81.87,42.29]]]]}},{"type":"Feature","id":"3537","properties":{"id":"3537","name":"Essex","regionAbbrev":"ON","pruid":"35","cdtype":"CTY"},"geometry":{"type":"Polygon","coordinates":[[[-82.44,42.32],[-83.06,42.32],[-83.12,42.06],[-82.92,41.98],[-82.61,42.03],[-82.44,42.32]]]}},{"type":"Feature","id":"3538","properties":{"id":"3538","name":"Lambton","regionAbbrev":"ON","pruid":"35","cdtype":"CTY"},"geometry":{"type":"MultiPolygon","coordinates":[[[[-82.47,42.88],[-82.46,42.88],[-82.47,42.89],[-82.47,42.88]]],[[[-82.47,42.88],[-82.46,42.88],[-82.47,42.89],[-82.47,42.88]]],[[[-81.84,42.65],[-81.82,43.21],[-82.02,43.22],[-82.18,43.06],[-82.42,43],[-82.58,42.51],[-82.4,42.53],[-82.48,42.63],[-81.84,42.65]]]]}},{"type":"Feature","id":"3539","properties":{"id":"3539","name":"Middlesex","regionAbbrev":"ON","pruid":"35","cdtype":"CTY"},"geometry":{"type":"Polygon","coordinates":[[[-81.13,43.23],[-81.23,43.2],[-81.43,43.29],[-81.81,43.22],[-81.83,42.61],[-81.48,42.78],[-80.9,42.91],[-81.13,43.23]]]}},{"type":"Feature","id":"3540","properties":{"id":"3540","name":"Huron","regionAbbrev":"ON","pruid":"35","cdtype":"CTY"},"geometry":{"type":"Polygon","coordinates":[[[-80.95,43.82],[-80.99,43.99],[-81.38,43.91],[-81.75,44.05],[-81.71,43.4],[-81.77,43.24],[-81.36,43.26],[-81.44,43.42],[-81.15,43.61],[-81.09,43.81],[-80.95,43.82]]]}},{"type":"Feature","id":"3541","properties":{"id":"3541","name":"Bruce","regionAbbrev":"ON","pruid":"35","cdtype":"CTY"},"geometry":{"type":"Polygon","coordinates":[[[-81.14,44.74],[-80.96,44.96],[-81.25,44.99],[-81.3,45.25],[-81.66,45.27],[-81.29,44.81],[-81.28,44.6],[-81.6,44.33],[-81.76,44.07],[-81.38,43.91],[-80.99,43.99],[-81.14,44.74]]]}},{"type":"Feature","id":"3542","properties":{"id":"3542","name":"Grey","regionAbbrev":"ON","pruid":"35","cdtype":"CTY"},"geometry":{"type":"Polygon","coordinates":[[[-80.29,44.53],[-80.59,44.61],[-80.98,44.81],[-81.14,44.74],[-80.99,43.99],[-80.37,44.04],[-80.36,44.17],[-80.23,44.25],[-80.29,44.53]]]}},{"type":"Feature","id":"3543","properties":{"id":"3543","name":"Simcoe","regionAbbrev":"ON","pruid":"35","cdtype":"CTY"},"geometry":{"type":"Polygon","coordinates":[[[-79.64,44.9],[-79.78,44.72],[-79.98,44.67],[-80.07,44.48],[-80.29,44.53],[-80.23,44.25],[-80.03,44.29],[-79.95,43.95],[-79.56,44.08],[-79.51,44.42],[-79.08,44.52],[-79.21,44.79],[-79.39,44.77],[-79.64,44.9]]]}},{"type":"Feature","id":"3544","properties":{"id":"3544","name":"Muskoka","regionAbbrev":"ON","pruid":"35","cdtype":"DM"},"geometry":{"type":"MultiPolygon","coordinates":[[[[-80,45.03],[-80.01,45.02],[-80,45.02],[-80,45.03]]],[[[-80.01,45.03],[-80.01,45.02],[-80,45.02],[-80.01,45.03]]],[[[-79.85,44.91],[-79.85,44.9],[-79.84,44.9],[-79.85,44.91]]],[[[-79.81,44.88],[-79.83,44.89],[-79.84,44.89],[-79.81,44.88]]],[[[-80.01,45.03],[-79.91,44.99],[-79.84,44.9],[-79.78,44.92],[-79.83,44.87],[-79.75,44.79],[-79.64,44.9],[-79.39,44.77],[-79.06,44.84],[-79.12,44.95],[-78.93,44.99],[-79,45.11],[-78.84,45.15],[-78.97,45.38],[-78.86,45.41],[-78.92,45.53],[-79.67,45.33],[-79.61,45.21],[-80.05,45.09],[-80.01,45.03]]]]}},{"type":"Feature","id":"3546","properties":{"id":"3546","name":"Haliburton","regionAbbrev":"ON","pruid":"35","cdtype":"CTY"},"geometry":{"type":"Polygon","coordinates":[[[-78.82,44.75],[-77.96,44.91],[-78.15,45.25],[-78.31,45.56],[-78.97,45.38],[-78.84,45.15],[-79,45.11],[-78.82,44.75]]]}},{"type":"Feature","id":"3547","properties":{"id":"3547","name":"Renfrew","regionAbbrev":"ON","pruid":"35","cdtype":"CTY"},"geometry":{"type":"Polygon","coordinates":[[[-77.57,46.16],[-78.07,46.25],[-78.41,46.27],[-78.32,46.1],[-77.89,46.06],[-77.69,46.11],[-77.5,45.76],[-77.84,45.67],[-77.85,45.4],[-77.69,45.44],[-77.54,45.14],[-77.22,45.24],[-77.14,45.1],[-76.94,45.21],[-76.77,45.14],[-76.3,45.45],[-76.66,45.56],[-76.78,45.87],[-76.99,45.79],[-77.19,45.86],[-77.28,46.02],[-77.57,46.16]]]}},{"type":"Feature","id":"3548","properties":{"id":"3548","name":"Nipissing","regionAbbrev":"ON","pruid":"35","cdtype":"DIS"},"geometry":{"type":"Polygon","coordinates":[[[-79.63,47.06],[-79.63,47.23],[-80.27,47.23],[-80.29,46.71],[-80.31,46.11],[-79.37,46.24],[-79.06,45.77],[-78.86,45.41],[-78.31,45.56],[-78.18,45.31],[-77.85,45.4],[-77.84,45.67],[-77.5,45.76],[-77.69,46.11],[-77.89,46.06],[-78.32,46.1],[-78.4,46.29],[-78.71,46.33],[-78.99,46.55],[-79.41,47.06],[-79.63,47.06]]]}},{"type":"Feature","id":"3549","properties":{"id":"3549","name":"Parry Sound","regionAbbrev":"ON","pruid":"35","cdtype":"DIS"},"geometry":{"type":"MultiPolygon","coordinates":[[[[-80.57,45.64],[-80.58,45.63],[-80.57,45.63],[-80.57,45.64]]],[[[-80.42,45.38],[-80.42,45.37],[-80.41,45.37],[-80.42,45.38]]],[[[-80.57,45.63],[-80.58,45.63],[-80.57,45.62],[-80.57,45.63]]],[[[-80.06,45.13],[-80.07,45.13],[-80.07,45.12],[-80.06,45.13]]],[[[-80.6,45.68],[-80.61,45.68],[-80.6,45.67],[-80.6,45.68]]],[[[-80.47,45.56],[-80.48,45.56],[-80.47,45.55],[-80.47,45.56]]],[[[-80.45,45.54],[-80.46,45.53],[-80.45,45.53],[-80.45,45.54]]],[[[-80.15,45.23],[-80.15,45.22],[-80.14,45.22],[-80.15,45.23]]],[[[-80.46,45.53],[-80.48,45.52],[-80.45,45.53],[-80.46,45.53]]],[[[-80.43,45.54],[-80.45,45.53],[-80.43,45.53],[-80.43,45.54]]],[[[-80.06,45.19],[-80.08,45.18],[-80.06,45.18],[-80.06,45.19]]],[[[-80.43,45.57],[-80.46,45.56],[-80.43,45.56],[-80.43,45.57]]],[[[-80.54,45.65],[-80.57,45.64],[-80.54,45.63],[-80.54,45.65]]],[[[-79.37,46.24],[-80.11,46.15],[-80.07,46.12],[-80.21,46.05],[-80.58,46.02],[-80.56,45.89],[-80.64,45.77],[-80.49,45.62],[-80.5,45.56],[-80.42,45.58],[-80.4,45.46],[-80.08,45.4],[-79.97,45.12],[-79.61,45.21],[-79.67,45.33],[-78.93,45.53],[-79.06,45.77],[-79.37,46.24]]]]}},{"type":"Feature","id":"3551","properties":{"id":"3551","name":"Manitoulin","regionAbbrev":"ON","pruid":"35","cdtype":"DIS"},"geometry":{"type":"MultiPolygon","coordinates":[[[[-81.63,46.09],[-81.64,46.09],[-81.63,46.08],[-81.63,46.09]]],[[[-81.64,46.09],[-81.64,46.08],[-81.63,46.08],[-81.64,46.09]]],[[[-81.94,45.99],[-82.29,45.99],[-82.59,45.85],[-83.18,45.96],[-83.23,45.88],[-82.52,45.75],[-82.08,45.55],[-81.84,45.51],[-81.58,45.8],[-81.94,45.99]]]]}},{"type":"Feature","id":"3552","properties":{"id":"3552","name":"Sudbury","regionAbbrev":"ON","pruid":"35","cdtype":"DIS"},"geometry":{"type":"MultiPolygon","coordinates":[[[[-80.8,45.94],[-80.81,45.95],[-80.81,45.93],[-80.8,45.94]]],[[[-81.01,45.95],[-81.03,45.93],[-80.99,45.92],[-81.01,45.95]]],[[[-81.07,48.1],[-81.86,48.13],[-81.86,48.45],[-84.01,48.45],[-83.97,47.24],[-82.58,47.24],[-82.58,46.98],[-81.95,46.98],[-81.94,46.63],[-82.07,46.63],[-82.06,46.18],[-81.62,46.12],[-81.49,45.97],[-81.14,45.92],[-80.81,45.96],[-80.56,45.89],[-80.58,46.02],[-80.31,46.11],[-80.29,46.71],[-80.27,47.32],[-81.07,47.32],[-81.07,48.1]],[[-80.82,46.97],[-80.56,46.88],[-80.69,46.62],[-80.69,46.36],[-81.29,46.38],[-81.57,46.28],[-81.57,46.5],[-81.44,46.72],[-81.18,46.72],[-81.07,46.89],[-80.82,46.97]]]]}},{"type":"Feature","id":"3553","properties":{"id":"3553","name":"Greater Sudbury / Grand Sudbury","regionAbbrev":"ON","pruid":"35","cdtype":"CDR"},"geometry":{"type":"Polygon","coordinates":[[[-80.82,46.97],[-81.07,46.89],[-81.18,46.72],[-81.44,46.72],[-81.57,46.5],[-81.57,46.28],[-81.29,46.38],[-80.69,46.36],[-80.69,46.62],[-80.56,46.88],[-80.82,46.97]]]}},{"type":"Feature","id":"3554","properties":{"id":"3554","name":"Timiskaming","regionAbbrev":"ON","pruid":"35","cdtype":"DIS"},"geometry":{"type":"Polygon","coordinates":[[[-79.51,47.54],[-79.52,48.26],[-81.86,48.28],[-81.86,48.1],[-81.07,48.1],[-81.07,47.32],[-80.27,47.32],[-80.27,47.23],[-79.63,47.23],[-79.63,47.06],[-79.41,47.06],[-79.43,47.25],[-79.59,47.43],[-79.51,47.54]]]}},{"type":"Feature","id":"3556","properties":{"id":"3556","name":"Cochrane","regionAbbrev":"ON","pruid":"35","cdtype":"DIS"},"geometry":{"type":"Polygon","coordinates":[[[-81.86,48.28],[-79.52,48.28],[-79.52,51.46],[-79.68,51.41],[-79.78,51.15],[-80.11,51.29],[-80.4,51.33],[-80.69,51.85],[-81.08,52.06],[-81.34,52.1],[-81.55,52.29],[-82.33,52.09],[-82.6,51.93],[-82.95,51.87],[-83.24,51.66],[-83.29,51.53],[-83.9,51.31],[-84.3,51.24],[-84.48,51.11],[-85,51.29],[-85.05,51.4],[-85.46,51.65],[-85.9,51.62],[-86.15,51.75],[-86.35,51.75],[-86.39,51.62],[-86.55,51.52],[-86.55,49.97],[-85.33,49.97],[-85.33,49.71],[-84.49,49.71],[-84.48,49.45],[-83.64,49.45],[-83.64,49.19],[-82.64,49.19],[-82.64,48.45],[-81.86,48.45],[-81.86,48.28]]]}},{"type":"Feature","id":"3557","properties":{"id":"3557","name":"Algoma","regionAbbrev":"ON","pruid":"35","cdtype":"DIS"},"geometry":{"type":"MultiPolygon","coordinates":[[[[-83.02,46.18],[-83.03,46.19],[-83.03,46.18],[-83.02,46.18]]],[[[-82.32,46.19],[-82.34,46.18],[-82.33,46.18],[-82.32,46.19]]],[[[-83.02,46.18],[-83.03,46.18],[-83.04,46.17],[-83.02,46.18]]],[[[-83.04,46.17],[-83.03,46.19],[-83.05,46.17],[-83.04,46.17]]],[[[-83.64,49.45],[-84.48,49.48],[-84.49,49.71],[-85.33,49.71],[-85.33,47.95],[-84.84,47.95],[-85.04,47.6],[-84.58,47.3],[-84.79,46.98],[-84.35,46.88],[-84.59,46.53],[-84.11,46.53],[-84.13,46.37],[-83.06,46.17],[-82.32,46.19],[-82.06,46.18],[-82.07,46.63],[-81.94,46.63],[-81.95,46.98],[-82.58,46.98],[-82.58,47.24],[-83.97,47.24],[-84.01,48.45],[-82.64,48.45],[-82.64,49.19],[-83.64,49.19],[-83.64,49.45]]]]}},{"type":"Feature","id":"3558","properties":{"id":"3558","name":"Thunder Bay","regionAbbrev":"ON","pruid":"35","cdtype":"DIS"},"geometry":{"type":"MultiPolygon","coordinates":[[[[-88.37,48.49],[-88.38,48.47],[-88.37,48.47],[-88.37,48.49]]],[[[-86.55,49.97],[-86.55,51.5],[-87.52,51.25],[-87.97,51.49],[-88.37,51.48],[-88.83,51.56],[-88.99,51.51],[-89.32,51.43],[-89.58,51.25],[-90.39,51.07],[-90.62,51.13],[-90.93,51.02],[-90.96,48.23],[-90.76,48.1],[-90.19,48.12],[-89.9,47.99],[-89.57,48],[-89.33,48.11],[-89.25,48.37],[-89.14,48.48],[-88.77,48.57],[-88.55,48.77],[-88.3,48.76],[-88.6,48.48],[-88.56,48.41],[-88.2,48.59],[-88.09,48.78],[-88.26,48.96],[-87.54,48.88],[-87.27,48.76],[-86.45,48.74],[-86.25,48.58],[-86.24,48.43],[-85.98,48.08],[-85.73,47.93],[-85.33,47.95],[-85.33,49.97],[-86.55,49.97]]]]}},{"type":"Feature","id":"3559","properties":{"id":"3559","name":"Rainy River","regionAbbrev":"ON","pruid":"35","cdtype":"DIS"},"geometry":{"type":"MultiPolygon","coordinates":[[[[-94.59,49.37],[-94.6,49.37],[-94.59,49.36],[-94.59,49.37]]],[[[-94.68,49.37],[-94.67,49.36],[-94.66,49.37],[-94.68,49.37]]],[[[-94.59,49.36],[-94.6,49.36],[-94.59,49.35],[-94.59,49.36]]],[[[-94.58,49.36],[-94.58,49.37],[-94.59,49.37],[-94.58,49.36]]],[[[-94.42,49.2],[-94.43,49.2],[-94.41,49.19],[-94.42,49.2]]],[[[-94.5,49.23],[-94.52,49.2],[-94.43,49.2],[-94.5,49.23]]],[[[-94.2,49.27],[-94.3,49.22],[-94.2,49.2],[-94.2,49.27]]],[[[-92.93,49.11],[-93.83,49.11],[-93.83,49],[-94.23,49],[-94.23,49.05],[-94.58,48.95],[-94.69,48.78],[-94.53,48.7],[-93.84,48.63],[-93.54,48.53],[-93.36,48.71],[-93.35,48.9],[-93.19,48.78],[-93.28,48.67],[-92.91,48.62],[-92.45,48.46],[-92.47,48.35],[-92.03,48.36],[-91.7,48.21],[-91.64,48.1],[-91.43,48.05],[-90.96,48.23],[-90.97,49.02],[-92.94,49.02],[-92.93,49.11]]]]}},{"type":"Feature","id":"3560","properties":{"id":"3560","name":"Kenora","regionAbbrev":"ON","pruid":"35","cdtype":"DIS"},"geometry":{"type":"MultiPolygon","coordinates":[[[[-94.89,49.57],[-94.9,49.56],[-94.89,49.56],[-94.89,49.57]]],[[[-94.86,49.37],[-94.86,49.38],[-94.87,49.38],[-94.86,49.37]]],[[[-94.58,49.77],[-94.58,49.76],[-94.57,49.76],[-94.58,49.77]]],[[[-94.87,49.39],[-94.88,49.38],[-94.87,49.38],[-94.87,49.39]]],[[[-94.87,49.39],[-94.87,49.38],[-94.86,49.38],[-94.87,49.39]]],[[[-94.06,49.34],[-94.07,49.33],[-94.06,49.33],[-94.06,49.34]]],[[[-94.48,49.52],[-94.48,49.51],[-94.47,49.51],[-94.48,49.52]]],[[[-94.63,49.64],[-94.62,49.65],[-94.64,49.64],[-94.63,49.64]]],[[[-94.14,49.35],[-94.15,49.35],[-94.15,49.34],[-94.14,49.35]]],[[[-94.22,49.44],[-94.24,49.44],[-94.22,49.43],[-94.22,49.44]]],[[[-94.84,49.39],[-94.86,49.37],[-94.85,49.37],[-94.84,49.39]]],[[[-94.06,49.34],[-94.07,49.35],[-94.07,49.33],[-94.06,49.34]]],[[[-94.53,49.81],[-94.55,49.81],[-94.53,49.8],[-94.53,49.81]]],[[[-94.22,49.47],[-94.63,49.47],[-94.7,49.36],[-94.56,49.37],[-94.56,49.28],[-94.2,49.27],[-94.2,49.2],[-94.07,49.24],[-94.23,49.32],[-94.2,49.38],[-94.22,49.47]]],[[[-82.25,53.18],[-82.11,53.27],[-82.22,53.59],[-82.12,53.77],[-82.19,53.98],[-82.42,54.21],[-82.45,54.36],[-82.2,54.8],[-82.31,55.05],[-82.67,55.18],[-83.34,55.2],[-83.89,55.29],[-84.54,55.22],[-85.13,55.26],[-85.9,55.66],[-86.27,55.71],[-86.9,55.91],[-87.36,55.95],[-87.66,56.11],[-87.98,56.47],[-88.98,56.85],[-90.63,55.83],[-93.64,53.74],[-95.15,52.84],[-95.12,49.62],[-94.88,49.57],[-94.93,49.68],[-94.45,49.7],[-94.42,49.61],[-94.33,49.51],[-93.83,49.43],[-94.07,49.37],[-94.04,49.24],[-94.09,49.12],[-94.23,49],[-93.83,49],[-93.83,49.11],[-92.93,49.11],[-92.94,49.02],[-90.97,49.02],[-90.96,50.96],[-90.91,51.04],[-90.62,51.13],[-90.39,51.07],[-89.58,51.25],[-89.32,51.43],[-88.99,51.51],[-88.83,51.56],[-88.37,51.48],[-87.97,51.49],[-87.52,51.25],[-86.82,51.4],[-86.48,51.54],[-86.39,51.62],[-86.38,51.73],[-86.26,51.77],[-85.9,51.62],[-85.46,51.65],[-85.05,51.4],[-85,51.29],[-84.48,51.11],[-84.3,51.24],[-83.9,51.31],[-83.29,51.53],[-83.24,51.66],[-82.95,51.87],[-82.6,51.93],[-82.33,52.09],[-82.09,52.12],[-81.51,52.32],[-81.6,52.4],[-81.94,52.78],[-82.26,52.97],[-82.25,53.18]],[[-94.43,49.67],[-94.42,49.67],[-94.43,49.66],[-94.43,49.67]]]]}},{"type":"Feature","id":"4601","properties":{"id":"4601","name":"Division No. 1","regionAbbrev":"MB","pruid":"46","cdtype":"CDR"},"geometry":{"type":"Polygon","coordinates":[[[-96.52,50.69],[-96.58,50.75],[-96.6,50.66],[-96.54,50.53],[-96.45,50.33],[-96.35,50.33],[-96.37,49.27],[-96.78,49.27],[-96.79,49],[-95.23,49],[-95.15,49.18],[-95.15,49.59],[-95.15,50.4],[-95.53,50.48],[-95.95,50.48],[-96.33,50.55],[-96.52,50.69]]]}},{"type":"Feature","id":"4602","properties":{"id":"4602","name":"Division No. 2","regionAbbrev":"MB","pruid":"46","cdtype":"CDR"},"geometry":{"type":"Polygon","coordinates":[[[-96.37,49.8],[-97.04,49.8],[-97.22,49.71],[-97.16,49.62],[-97.25,49.53],[-97.16,49.53],[-97.26,49],[-96.79,49],[-96.78,49.27],[-96.37,49.27],[-96.37,49.8]]]}},{"type":"Feature","id":"4603","properties":{"id":"4603","name":"Division No. 3","regionAbbrev":"MB","pruid":"46","cdtype":"CDR"},"geometry":{"type":"Polygon","coordinates":[[[-97.16,49.53],[-97.73,49.53],[-97.73,49.62],[-98.41,49.62],[-98.41,49.27],[-98.27,49],[-97.26,49],[-97.16,49.53]]]}},{"type":"Feature","id":"4604","properties":{"id":"4604","name":"Division No. 4","regionAbbrev":"MB","pruid":"46","cdtype":"CDR"},"geometry":{"type":"Polygon","coordinates":[[[-98.41,49.53],[-99.36,49.53],[-99.36,49.22],[-99.48,49],[-98.27,49],[-98.41,49.27],[-98.41,49.53]]]}},{"type":"Feature","id":"4605","properties":{"id":"4605","name":"Division No. 5","regionAbbrev":"MB","pruid":"46","cdtype":"CDR"},"geometry":{"type":"Polygon","coordinates":[[[-99.36,49.53],[-101.39,49.53],[-101.36,49],[-99.48,49],[-99.36,49.22],[-99.36,49.53]]]}},{"type":"Feature","id":"4606","properties":{"id":"4606","name":"Division No. 6","regionAbbrev":"MB","pruid":"46","cdtype":"CDR"},"geometry":{"type":"Polygon","coordinates":[[[-100.48,50.06],[-101.45,50.06],[-101.42,49.53],[-100.46,49.53],[-100.48,50.06]]]}},{"type":"Feature","id":"4607","properties":{"id":"4607","name":"Division No. 7","regionAbbrev":"MB","pruid":"46","cdtype":"CDR"},"geometry":{"type":"Polygon","coordinates":[[[-99.25,50.24],[-99.66,50.24],[-99.66,50.06],[-100.48,50.06],[-100.46,49.53],[-99.1,49.53],[-99.11,50.06],[-99.25,50.24]]]}},{"type":"Feature","id":"4608","properties":{"id":"4608","name":"Division No. 8","regionAbbrev":"MB","pruid":"46","cdtype":"CDR"},"geometry":{"type":"Polygon","coordinates":[[[-98.71,50.6],[-99,50.64],[-99.42,50.64],[-99.4,50.24],[-99.25,50.24],[-99.11,50.06],[-99.1,49.53],[-98.41,49.53],[-98.41,49.8],[-98.55,49.8],[-98.6,50.31],[-98.52,50.4],[-98.64,50.59],[-98.71,50.6]]]}},{"type":"Feature","id":"4609","properties":{"id":"4609","name":"Division No. 9","regionAbbrev":"MB","pruid":"46","cdtype":"CDR"},"geometry":{"type":"Polygon","coordinates":[[[-98.01,50.07],[-98.01,50.3],[-98.32,50.19],[-98.56,50.24],[-98.55,49.8],[-98.41,49.8],[-98.41,49.62],[-97.73,49.62],[-97.73,49.8],[-97.87,50.03],[-98.01,50.07]]]}},{"type":"Feature","id":"4610","properties":{"id":"4610","name":"Division No. 10","regionAbbrev":"MB","pruid":"46","cdtype":"CDR"},"geometry":{"type":"Polygon","coordinates":[[[-97.44,49.92],[-97.72,50.04],[-97.87,50.03],[-97.73,49.8],[-97.73,49.53],[-97.25,49.53],[-97.16,49.62],[-97.22,49.81],[-97.44,49.92]]]}},{"type":"Feature","id":"4611","properties":{"id":"4611","name":"Division No. 11","regionAbbrev":"MB","pruid":"46","cdtype":"CDR"},"geometry":{"type":"Polygon","coordinates":[[[-97.22,49.71],[-97.08,49.75],[-96.96,49.9],[-97.15,49.99],[-97.23,49.92],[-97.44,49.92],[-97.22,49.81],[-97.22,49.71]]]}},{"type":"Feature","id":"4612","properties":{"id":"4612","name":"Division No. 12","regionAbbrev":"MB","pruid":"46","cdtype":"CDR"},"geometry":{"type":"Polygon","coordinates":[[[-96.35,50.28],[-96.54,50.28],[-96.68,50.24],[-96.7,50.06],[-96.85,50.06],[-97,49.97],[-97.03,49.92],[-96.96,49.89],[-97.03,49.87],[-97.03,49.8],[-96.37,49.8],[-96.35,50.28]]]}},{"type":"Feature","id":"4613","properties":{"id":"4613","name":"Division No. 13","regionAbbrev":"MB","pruid":"46","cdtype":"CDR"},"geometry":{"type":"Polygon","coordinates":[[[-96.54,50.53],[-96.57,50.45],[-96.7,50.39],[-96.89,50.4],[-96.95,50.49],[-97.11,50.51],[-97.12,50.06],[-97.18,50.06],[-96.85,50.06],[-96.7,50.06],[-96.63,50.28],[-96.35,50.28],[-96.45,50.33],[-96.54,50.53]]]}},{"type":"Feature","id":"4614","properties":{"id":"4614","name":"Division No. 14","regionAbbrev":"MB","pruid":"46","cdtype":"CDR"},"geometry":{"type":"Polygon","coordinates":[[[-97.12,50.06],[-97.11,50.45],[-97.11,50.51],[-97.46,50.51],[-97.6,50.33],[-97.98,50.33],[-98.01,50.07],[-97.74,50.06],[-97.47,49.92],[-97.23,49.92],[-97.18,50.06],[-97.12,50.06]]]}},{"type":"Feature","id":"4615","properties":{"id":"4615","name":"Division No. 15","regionAbbrev":"MB","pruid":"46","cdtype":"CDR"},"geometry":{"type":"Polygon","coordinates":[[[-100.1,50.72],[-100.53,50.73],[-100.53,50.59],[-101.48,50.59],[-101.45,50.06],[-99.66,50.06],[-99.66,50.24],[-99.4,50.24],[-99.42,50.64],[-99.83,50.59],[-100.1,50.72]]]}},{"type":"Feature","id":"4616","properties":{"id":"4616","name":"Division No. 16","regionAbbrev":"MB","pruid":"46","cdtype":"CDR"},"geometry":{"type":"Polygon","coordinates":[[[-101.26,51.45],[-101.27,51.62],[-101.57,51.57],[-101.51,50.59],[-100.53,50.59],[-100.67,50.77],[-100.95,50.86],[-100.98,51.26],[-100.98,51.45],[-101.26,51.45]]]}},{"type":"Feature","id":"4617","properties":{"id":"4617","name":"Division No. 17","regionAbbrev":"MB","pruid":"46","cdtype":"CDR"},"geometry":{"type":"Polygon","coordinates":[[[-98.87,51.07],[-99.12,51.45],[-99.43,51.54],[-99.83,51.57],[-100,51.88],[-99.99,51.72],[-100.72,51.71],[-100.7,51.36],[-100.98,51.36],[-100.98,51.26],[-100.95,50.86],[-100.67,50.77],[-100.1,50.72],[-99.83,50.59],[-99,50.64],[-98.71,50.6],[-98.87,50.89],[-98.86,51.06],[-98.87,51.07]]]}},{"type":"Feature","id":"4618","properties":{"id":"4618","name":"Division No. 18","regionAbbrev":"MB","pruid":"46","cdtype":"CDR"},"geometry":{"type":"Polygon","coordinates":[[[-98.54,51.71],[-98.74,51.89],[-98.88,51.76],[-98.73,51.57],[-98.82,51.38],[-98.75,51.15],[-98.86,51.06],[-98.87,50.89],[-98.53,50.42],[-98.6,50.31],[-98.5,50.2],[-98.25,50.2],[-97.98,50.33],[-97.6,50.33],[-97.46,50.51],[-96.95,50.49],[-97,50.68],[-96.8,50.96],[-96.26,51.19],[-96.53,51.44],[-96.93,51.3],[-97.46,51.3],[-97.46,51.22],[-98.14,51.21],[-98.16,51.36],[-98.44,51.45],[-98.54,51.71]]]}},{"type":"Feature","id":"4619","properties":{"id":"4619","name":"Division No. 19","regionAbbrev":"MB","pruid":"46","cdtype":"CDR"},"geometry":{"type":"Polygon","coordinates":[[[-94.27,53.38],[-97.62,53.38],[-97.59,53.27],[-97.33,53],[-101.67,53],[-101.67,52.8],[-101.31,52.81],[-100.95,52.84],[-100.94,52.67],[-100.75,52.23],[-100.61,52.06],[-100.11,51.98],[-100.14,51.89],[-100,51.88],[-99.83,51.57],[-99.43,51.54],[-99.12,51.45],[-98.87,51.07],[-98.75,51.15],[-98.82,51.38],[-98.73,51.57],[-98.88,51.76],[-98.74,51.89],[-98.54,51.71],[-98.44,51.45],[-98.16,51.36],[-98.14,51.21],[-97.46,51.22],[-97.46,51.3],[-96.93,51.3],[-96.53,51.44],[-96.26,51.19],[-96.8,50.96],[-97,50.68],[-96.89,50.4],[-96.58,50.44],[-96.63,50.55],[-96.58,50.55],[-96.6,50.66],[-96.58,50.75],[-96.52,50.69],[-96.33,50.55],[-95.95,50.48],[-95.53,50.48],[-95.15,50.4],[-95.15,52.84],[-94.27,53.38]]]}},{"type":"Feature","id":"4620","properties":{"id":"4620","name":"Division No. 20","regionAbbrev":"MB","pruid":"46","cdtype":"CDR"},"geometry":{"type":"Polygon","coordinates":[[[-101.31,52.81],[-101.67,52.8],[-101.57,51.57],[-101.26,51.62],[-101.26,51.45],[-100.98,51.45],[-100.98,51.36],[-100.7,51.36],[-100.72,51.71],[-100.04,51.71],[-100.14,51.89],[-100.11,51.98],[-100.61,52.06],[-100.75,52.23],[-100.94,52.67],[-100.95,52.84],[-101.31,52.81]]]}},{"type":"Feature","id":"4621","properties":{"id":"4621","name":"Division No. 21","regionAbbrev":"MB","pruid":"46","cdtype":"CDR"},"geometry":{"type":"Polygon","coordinates":[[[-98.95,53.75],[-99.02,55.63],[-101.96,55.62],[-101.7,53.02],[-97.33,53],[-97.59,53.27],[-97.73,53.54],[-98.08,53.75],[-98.46,53.85],[-98.95,53.75]]]}},{"type":"Feature","id":"4622","properties":{"id":"4622","name":"Division No. 22","regionAbbrev":"MB","pruid":"46","cdtype":"CDR"},"geometry":{"type":"Polygon","coordinates":[[[-91.65,55.16],[-95,55.18],[-95,56.34],[-99.03,56.33],[-98.95,53.75],[-98.63,53.84],[-98.27,53.83],[-97.81,53.6],[-97.63,53.38],[-94.27,53.38],[-93.63,53.75],[-91.65,55.16]]]}},{"type":"Feature","id":"4623","properties":{"id":"4623","name":"Division No. 23","regionAbbrev":"MB","pruid":"46","cdtype":"CDR"},"geometry":{"type":"MultiPolygon","coordinates":[[[[-94.64,58.94],[-94.65,58.94],[-94.64,58.93],[-94.64,58.94]]],[[[-94.63,58.94],[-94.64,58.93],[-94.63,58.93],[-94.63,58.94]]],[[[-94.65,58.94],[-94.65,58.93],[-94.64,58.93],[-94.65,58.94]]],[[[-94.65,58.93],[-94.64,58.93],[-94.64,58.94],[-94.65,58.93]]],[[[-94.63,58.94],[-94.64,58.93],[-94.62,58.94],[-94.63,58.94]]],[[[-94.7,58.89],[-94.69,58.9],[-94.71,58.89],[-94.7,58.89]]],[[[-94.63,58.93],[-94.65,58.93],[-94.62,58.92],[-94.63,58.93]]],[[[-94.6,58.93],[-94.61,58.94],[-94.63,58.94],[-94.6,58.93]]],[[[-94.8,59.01],[-94.84,59.24],[-94.71,59.38],[-94.84,59.6],[-94.83,60],[-102,60],[-101.96,55.62],[-99.02,55.63],[-99.03,56.33],[-95,56.34],[-95,55.18],[-91.65,55.16],[-88.98,56.85],[-89.95,57],[-90.39,57.18],[-90.88,57.27],[-92.27,57],[-92.55,57.1],[-92.42,57.35],[-92.73,57.8],[-92.87,58.17],[-93.11,58.48],[-93.17,58.72],[-93.54,58.78],[-94.21,58.8],[-94.43,58.7],[-94.74,58.88],[-94.66,58.93],[-94.8,59.01]]]]}},{"type":"Feature","id":"4701","properties":{"id":"4701","name":"Division No. 1","regionAbbrev":"SK","pruid":"47","cdtype":"CDR"},"geometry":{"type":"Polygon","coordinates":[[[-101.45,50.06],[-103.22,50.05],[-103.21,49],[-101.36,49],[-101.45,50.06]]]}},{"type":"Feature","id":"4702","properties":{"id":"4702","name":"Division No. 2","regionAbbrev":"SK","pruid":"47","cdtype":"CDR"},"geometry":{"type":"Polygon","coordinates":[[[-103.23,50.05],[-105.26,50.05],[-105.23,49.39],[-105.21,49],[-103.21,49],[-103.23,50.05]]]}},{"type":"Feature","id":"4703","properties":{"id":"4703","name":"Division No. 3","regionAbbrev":"SK","pruid":"47","cdtype":"CDR"},"geometry":{"type":"Polygon","coordinates":[[[-105.28,50.05],[-107.64,50.05],[-107.62,49.26],[-107.22,49.26],[-107.21,49],[-105.21,49],[-105.23,49.39],[-105.28,50.05]]]}},{"type":"Feature","id":"4704","properties":{"id":"4704","name":"Division No. 4","regionAbbrev":"SK","pruid":"47","cdtype":"CDR"},"geometry":{"type":"Polygon","coordinates":[[[-108.89,50.31],[-109.3,50.31],[-109.28,50.05],[-109.69,50.14],[-110,50.13],[-110.01,49],[-107.21,49],[-107.22,49.26],[-107.62,49.26],[-107.64,50.05],[-108.87,50.05],[-108.89,50.31]]]}},{"type":"Feature","id":"4705","properties":{"id":"4705","name":"Division No. 5","regionAbbrev":"SK","pruid":"47","cdtype":"CDR"},"geometry":{"type":"Polygon","coordinates":[[[-101.54,51.13],[-103.13,51.12],[-103.27,51.12],[-103.23,50.05],[-101.45,50.06],[-101.54,51.13]]]}},{"type":"Feature","id":"4706","properties":{"id":"4706","name":"Division No. 6","regionAbbrev":"SK","pruid":"47","cdtype":"CDR"},"geometry":{"type":"Polygon","coordinates":[[[-104.8,51.1],[-105.64,51.1],[-105.61,50.73],[-105.31,50.57],[-105.28,50.05],[-103.23,50.05],[-103.27,51.12],[-104.52,51.1],[-104.52,51.18],[-104.8,51.1]]]}},{"type":"Feature","id":"4707","properties":{"id":"4707","name":"Division No. 7","regionAbbrev":"SK","pruid":"47","cdtype":"CDR"},"geometry":{"type":"Polygon","coordinates":[[[-106.86,51.27],[-107.27,51.27],[-107.68,51.27],[-107.68,51.01],[-107.82,51.01],[-107.81,50.68],[-107.65,50.49],[-107.64,50.05],[-105.28,50.05],[-105.31,50.57],[-105.61,50.73],[-105.64,51.1],[-106.63,51.1],[-106.86,51.27]]]}},{"type":"Feature","id":"4708","properties":{"id":"4708","name":"Division No. 8","regionAbbrev":"SK","pruid":"47","cdtype":"CDR"},"geometry":{"type":"Polygon","coordinates":[[[-107.69,51.36],[-109.49,51.36],[-110.01,51.36],[-110.01,50.13],[-109.69,50.14],[-109.28,50.05],[-109.3,50.31],[-108.89,50.31],[-108.87,50.05],[-107.64,50.05],[-107.65,50.49],[-107.81,50.68],[-107.82,51.01],[-107.68,51.01],[-107.69,51.36]]]}},{"type":"Feature","id":"4709","properties":{"id":"4709","name":"Division No. 9","regionAbbrev":"SK","pruid":"47","cdtype":"CDR"},"geometry":{"type":"Polygon","coordinates":[[[-101.54,51.13],[-101.61,52.32],[-103.17,52.32],[-103.29,52.32],[-103.27,51.12],[-101.54,51.13]]]}},{"type":"Feature","id":"4710","properties":{"id":"4710","name":"Division No. 10","regionAbbrev":"SK","pruid":"47","cdtype":"CDR"},"geometry":{"type":"Polygon","coordinates":[[[-105,52.14],[-104.96,51.36],[-104.82,51.36],[-104.8,51.14],[-104.52,51.18],[-104.52,51.1],[-103.27,51.12],[-103.29,52.14],[-105,52.14]]]}},{"type":"Feature","id":"4711","properties":{"id":"4711","name":"Division No. 11","regionAbbrev":"SK","pruid":"47","cdtype":"CDR"},"geometry":{"type":"Polygon","coordinates":[[[-106.34,52.44],[-107.11,52.39],[-107.3,52.35],[-107.29,52.14],[-106.86,52.14],[-106.75,51.94],[-106.73,51.83],[-106.81,51.72],[-107.05,51.59],[-107.09,51.43],[-106.76,51.15],[-106.63,51.1],[-104.8,51.1],[-104.82,51.36],[-104.96,51.36],[-105,52.14],[-106.43,52.14],[-106.34,52.44]]]}},{"type":"Feature","id":"4712","properties":{"id":"4712","name":"Division No. 12","regionAbbrev":"SK","pruid":"47","cdtype":"CDR"},"geometry":{"type":"Polygon","coordinates":[[[-107.3,52.35],[-108.04,52.58],[-108.32,52.76],[-108.37,52.86],[-108.76,53],[-108.76,52.67],[-108.45,52.41],[-108.41,51.88],[-108.55,51.88],[-108.54,51.36],[-107.69,51.36],[-107.69,51.27],[-106.86,51.27],[-107.09,51.45],[-107.05,51.59],[-106.73,51.82],[-106.75,51.94],[-106.86,52.14],[-107.29,52.14],[-107.3,52.35]]]}},{"type":"Feature","id":"4713","properties":{"id":"4713","name":"Division No. 13","regionAbbrev":"SK","pruid":"47","cdtype":"CDR"},"geometry":{"type":"Polygon","coordinates":[[[-109.2,53.02],[-109.74,53.03],[-110.01,52.86],[-110.01,51.36],[-108.54,51.36],[-108.55,51.88],[-108.41,51.88],[-108.45,52.41],[-108.76,52.67],[-108.91,52.87],[-109.2,53.02]]]}},{"type":"Feature","id":"4714","properties":{"id":"4714","name":"Division No. 14","regionAbbrev":"SK","pruid":"47","cdtype":"CDR"},"geometry":{"type":"Polygon","coordinates":[[[-103.04,53.78],[-103.42,53.64],[-103.63,53.64],[-103.64,53.8],[-105.13,53.8],[-105.07,53.24],[-104.64,53.23],[-104.58,52.14],[-103.29,52.14],[-103.29,52.32],[-101.64,52.32],[-101.74,53.71],[-103.04,53.71],[-103.04,53.78]]]}},{"type":"Feature","id":"4715","properties":{"id":"4715","name":"Division No. 15","regionAbbrev":"SK","pruid":"47","cdtype":"CDR"},"geometry":{"type":"Polygon","coordinates":[[[-105.07,53.24],[-105.1,53.71],[-105.13,53.98],[-106,53.98],[-106,53.54],[-106.04,53.2],[-106.22,53.16],[-106.44,52.93],[-106.84,52.67],[-106.98,52.41],[-106.34,52.44],[-106.43,52.14],[-104.58,52.14],[-104.64,53.23],[-105.07,53.24]]]}},{"type":"Feature","id":"4716","properties":{"id":"4716","name":"Division No. 16","regionAbbrev":"SK","pruid":"47","cdtype":"CDR"},"geometry":{"type":"Polygon","coordinates":[[[-106,53.54],[-106,54.32],[-106.6,54.33],[-106.75,54.32],[-106.75,54.15],[-107.35,54.15],[-107.34,53.98],[-107.79,53.98],[-107.92,53.63],[-108.16,53.63],[-108.17,53.5],[-108.24,53.44],[-108.2,53.1],[-108.18,52.93],[-108.45,52.93],[-108.35,52.85],[-108.36,52.78],[-108.05,52.58],[-107.85,52.56],[-107.41,52.35],[-107.04,52.37],[-106.84,52.67],[-106.44,52.93],[-106.22,53.16],[-106.04,53.2],[-106,53.54]]]}},{"type":"Feature","id":"4717","properties":{"id":"4717","name":"Division No. 17","regionAbbrev":"SK","pruid":"47","cdtype":"CDR"},"geometry":{"type":"Polygon","coordinates":[[[-108.65,54.52],[-108.81,54.49],[-109.53,54.5],[-110.01,54.65],[-110.01,52.86],[-109.78,53.02],[-109.63,53.05],[-109.2,53.02],[-108.91,52.87],[-108.76,53],[-108.45,52.9],[-108.18,52.93],[-108.2,53.1],[-108.24,53.44],[-108.17,53.5],[-108.16,53.63],[-107.92,53.63],[-107.79,53.98],[-107.34,53.98],[-107.35,54.15],[-107.95,54.15],[-107.97,54.59],[-108.42,54.59],[-108.65,54.52]]]}},{"type":"Feature","id":"4718","properties":{"id":"4718","name":"Division No. 18","regionAbbrev":"SK","pruid":"47","cdtype":"CDR"},"geometry":{"type":"Polygon","coordinates":[[[-102,60],[-109.64,60],[-110,60],[-110.01,54.65],[-109.61,54.51],[-109.15,54.49],[-108.65,54.52],[-108.42,54.59],[-107.97,54.59],[-107.95,54.15],[-106.75,54.15],[-106.75,54.32],[-106.01,54.33],[-106,53.98],[-105.13,53.98],[-105.13,53.8],[-103.64,53.8],[-103.63,53.63],[-103.04,53.78],[-103.04,53.71],[-101.77,53.71],[-101.89,55.11],[-102,55.81],[-102,60]]]}},{"type":"Feature","id":"4801","properties":{"id":"4801","name":"Division No. 1","regionAbbrev":"AB","pruid":"48","cdtype":"CDR"},"geometry":{"type":"Polygon","coordinates":[[[-110.28,50.7],[-111.18,50.7],[-111.39,50.7],[-111.37,50.14],[-111.7,49.93],[-111.63,49.53],[-111.9,49.57],[-111.89,49.35],[-111.75,49.26],[-111.44,49.26],[-111.34,49],[-110.01,49],[-110,50.83],[-110.08,50.8],[-110.05,50.73],[-110.28,50.61],[-110.28,50.7]]]}},{"type":"Feature","id":"4802","properties":{"id":"4802","name":"Division No. 2","regionAbbrev":"AB","pruid":"48","cdtype":"CDR"},"geometry":{"type":"Polygon","coordinates":[[[-111.81,50.84],[-111.93,51.01],[-112.09,51.13],[-112.24,51.21],[-112.24,51.1],[-112.64,50.92],[-112.49,50.64],[-112.37,50.62],[-112.17,50.42],[-112.43,50.31],[-112.81,50.08],[-113.28,50.05],[-113.28,49.91],[-112.78,49.55],[-112.7,49.17],[-112.41,49.17],[-112.41,49],[-111.34,49],[-111.44,49.26],[-111.75,49.26],[-111.89,49.35],[-111.9,49.57],[-111.63,49.53],[-111.7,49.93],[-111.37,50.14],[-111.39,50.77],[-111.57,50.77],[-111.81,50.84]]]}},{"type":"Feature","id":"4803","properties":{"id":"4803","name":"Division No. 3","regionAbbrev":"AB","pruid":"48","cdtype":"CDR"},"geometry":{"type":"Polygon","coordinates":[[[-113.56,50.41],[-114.21,50.4],[-114.21,50.31],[-114.07,50.31],[-114,49.84],[-114.34,49.87],[-114.29,49.54],[-114.51,49.57],[-114.59,49.4],[-114.4,49.21],[-114.17,49.16],[-114.07,49],[-112.41,49],[-112.41,49.17],[-112.7,49.17],[-112.78,49.55],[-113.28,49.91],[-113.3,50.18],[-113.53,50.33],[-113.56,50.41]]]}},{"type":"Feature","id":"4804","properties":{"id":"4804","name":"Division No. 4","regionAbbrev":"AB","pruid":"48","cdtype":"CDR"},"geometry":{"type":"Polygon","coordinates":[[[-110.36,52.23],[-111.15,52.23],[-111.29,51.97],[-112.05,51.96],[-111.99,51.88],[-112.11,51.59],[-112.25,51.42],[-112.51,51.37],[-112,51.09],[-111.92,50.97],[-111.97,50.93],[-111.81,50.84],[-111.57,50.77],[-111.39,50.77],[-111.39,50.7],[-110.28,50.7],[-110.28,50.61],[-110.19,50.63],[-110,50.83],[-110.01,52.06],[-110.36,52.11],[-110.36,52.23]]]}},{"type":"Feature","id":"4805","properties":{"id":"4805","name":"Division No. 5","regionAbbrev":"AB","pruid":"48","cdtype":"CDR"},"geometry":{"type":"Polygon","coordinates":[[[-112.91,51.97],[-113.48,51.95],[-113.64,51.95],[-113.74,51.78],[-113.64,51.68],[-113.66,51.45],[-113.38,51.45],[-113.38,51.24],[-113.63,51.13],[-113.6,50.57],[-113.53,50.33],[-113.31,50.19],[-113.28,50.05],[-112.81,50.08],[-112.43,50.31],[-112.17,50.42],[-112.37,50.62],[-112.49,50.64],[-112.64,50.92],[-112.24,51.1],[-112.24,51.22],[-112.51,51.4],[-112.25,51.42],[-112.11,51.59],[-112.13,51.8],[-112.37,51.88],[-112.98,51.93],[-112.91,51.97]]]}},{"type":"Feature","id":"4806","properties":{"id":"4806","name":"Division No. 6","regionAbbrev":"AB","pruid":"48","cdtype":"CDR"},"geometry":{"type":"Polygon","coordinates":[[[-113.66,51.45],[-113.64,51.66],[-113.74,51.75],[-113.71,51.9],[-114.17,51.88],[-114.48,51.94],[-114.99,51.89],[-114.71,51.65],[-114.72,51.21],[-114.51,51.19],[-114.7,51.16],[-114.7,50.97],[-114.56,50.89],[-114.53,50.55],[-114.51,50.37],[-114.21,50.31],[-114.21,50.4],[-113.56,50.41],[-113.6,50.57],[-113.63,51.13],[-113.38,51.24],[-113.38,51.45],[-113.66,51.45]]]}},{"type":"Feature","id":"4807","properties":{"id":"4807","name":"Division No. 7","regionAbbrev":"AB","pruid":"48","cdtype":"CDR"},"geometry":{"type":"Polygon","coordinates":[[[-110.01,52.86],[-110.46,52.96],[-110.62,53.09],[-111.03,53.06],[-111.43,53.15],[-111.41,52.93],[-112.33,53.02],[-112.36,52.68],[-112.68,52.58],[-112.78,52.49],[-113.03,52.46],[-113.07,52.23],[-112.91,51.99],[-112.98,51.93],[-112.15,51.85],[-111.99,51.88],[-112.05,51.95],[-112,51.97],[-111.29,51.97],[-111.15,52.23],[-110.36,52.23],[-110.36,52.11],[-110.01,52.06],[-110.01,52.86]]]}},{"type":"Feature","id":"4808","properties":{"id":"4808","name":"Division No. 8","regionAbbrev":"AB","pruid":"48","cdtype":"CDR"},"geometry":{"type":"Polygon","coordinates":[[[-113.29,52.84],[-114.53,52.89],[-114.58,52.71],[-114.65,52.6],[-114.53,52.45],[-114.43,52.13],[-114.5,52.07],[-114.45,51.91],[-113.83,51.88],[-113.48,51.98],[-112.91,51.97],[-113.09,52.32],[-113.03,52.46],[-113.15,52.58],[-113.05,52.62],[-113.29,52.84]]]}},{"type":"Feature","id":"4809","properties":{"id":"4809","name":"Division No. 9","regionAbbrev":"AB","pruid":"48","cdtype":"CDR"},"geometry":{"type":"Polygon","coordinates":[[[-115.15,52.84],[-116.61,52.84],[-116.83,52.76],[-116.9,52.54],[-117.09,52.26],[-116.71,52.06],[-116.51,51.81],[-116.09,51.92],[-115.57,51.62],[-114.99,51.62],[-114.96,51.69],[-114.99,51.89],[-114.5,51.94],[-114.5,52.07],[-114.43,52.13],[-114.53,52.45],[-114.65,52.6],[-114.58,52.84],[-115.02,52.84],[-115.15,52.84]]]}},{"type":"Feature","id":"4810","properties":{"id":"4810","name":"Division No. 10","regionAbbrev":"AB","pruid":"48","cdtype":"CDR"},"geometry":{"type":"Polygon","coordinates":[[[-112.23,54.06],[-112.55,54],[-112.8,54.06],[-112.95,53.89],[-112.95,53.48],[-112.84,53.37],[-113.18,53.21],[-113.05,52.84],[-113.05,52.62],[-113.15,52.58],[-112.78,52.49],[-112.68,52.58],[-112.36,52.68],[-112.33,53.02],[-111.41,52.93],[-111.43,53.15],[-111.03,53.06],[-110.62,53.09],[-110.46,52.96],[-110.01,52.86],[-110.01,53.89],[-110.26,53.87],[-110.38,53.72],[-111.02,53.8],[-111.38,53.75],[-111.6,53.9],[-111.97,53.91],[-112.23,54.06]]]}},{"type":"Feature","id":"4811","properties":{"id":"4811","name":"Division No. 11","regionAbbrev":"AB","pruid":"48","cdtype":"CDR"},"geometry":{"type":"Polygon","coordinates":[[[-112.84,53.98],[-113.69,53.99],[-113.87,53.9],[-114.12,53.6],[-114.8,53.6],[-114.81,53.72],[-115.01,53.61],[-115.11,53.37],[-115.61,53.37],[-115.6,52.84],[-115.15,52.84],[-115.02,52.84],[-114.15,52.89],[-113.29,52.84],[-113.05,52.84],[-113.18,53.21],[-112.84,53.37],[-112.95,53.48],[-112.95,53.89],[-112.84,53.98]]]}},{"type":"Feature","id":"4812","properties":{"id":"4812","name":"Division No. 12","regionAbbrev":"AB","pruid":"48","cdtype":"CDR"},"geometry":{"type":"Polygon","coordinates":[[[-111.93,55.94],[-112.64,55.99],[-112.68,55.9],[-112.6,55.73],[-112.79,55.64],[-112.78,55.47],[-112.31,55.46],[-112.31,55.11],[-112.45,55.02],[-112.43,54.59],[-112.6,54.33],[-112.85,54.21],[-112.84,54.05],[-112.47,53.99],[-112.23,54.06],[-111.97,53.91],[-111.6,53.9],[-111.38,53.75],[-111.02,53.8],[-110.38,53.72],[-110.26,53.87],[-110.01,53.89],[-110,55.55],[-111.4,55.55],[-111.41,55.98],[-111.93,55.94]]]}},{"type":"Feature","id":"4813","properties":{"id":"4813","name":"Division No. 13","regionAbbrev":"AB","pruid":"48","cdtype":"CDR"},"geometry":{"type":"Polygon","coordinates":[[[-112.31,55.11],[-112.31,55.46],[-112.75,55.46],[-112.68,55.31],[-112.89,55.08],[-113.36,55.02],[-113.67,54.94],[-113.69,54.59],[-114.32,54.59],[-114.22,54.85],[-115.07,54.85],[-115.06,54.5],[-115.97,54.5],[-115.97,54.41],[-116.25,54.33],[-116.25,54.26],[-116.7,54.12],[-116.53,53.98],[-115.87,53.98],[-115.78,53.82],[-114.98,53.79],[-114.81,53.72],[-114.8,53.6],[-114.12,53.6],[-113.87,53.9],[-113.78,53.99],[-112.84,53.98],[-112.85,54.21],[-112.6,54.33],[-112.43,54.59],[-112.45,55.02],[-112.31,55.11]]]}},{"type":"Feature","id":"4814","properties":{"id":"4814","name":"Division No. 14","regionAbbrev":"AB","pruid":"48","cdtype":"CDR"},"geometry":{"type":"Polygon","coordinates":[[[-119.78,53.89],[-120,53.81],[-119.93,53.61],[-119.78,53.49],[-119.54,53.43],[-119.04,53.42],[-118.36,53.46],[-118.21,53.33],[-118.09,53.37],[-117.96,53.33],[-117.49,53.04],[-117.55,52.97],[-116.9,52.65],[-116.83,52.76],[-116.61,52.84],[-115.6,52.84],[-115.61,53.37],[-115.11,53.37],[-115.01,53.61],[-114.98,53.79],[-115.78,53.82],[-115.87,53.98],[-116.53,53.98],[-116.7,54.12],[-116.84,54],[-117.28,54.06],[-118.07,53.92],[-118.13,53.81],[-119.49,53.85],[-119.78,53.89]]]}},{"type":"Feature","id":"4815","properties":{"id":"4815","name":"Division No. 15","regionAbbrev":"AB","pruid":"48","cdtype":"CDR"},"geometry":{"type":"Polygon","coordinates":[[[-119.04,53.42],[-119.54,53.43],[-119.36,53.34],[-119.26,53.18],[-119.02,53.23],[-118.73,53.12],[-118.29,52.68],[-118.26,52.45],[-118.04,52.4],[-117.82,52.23],[-117.38,52.14],[-117.01,51.89],[-116.75,51.81],[-116.6,51.66],[-116.28,51.46],[-116.27,51.31],[-116.01,51.22],[-116.01,51.13],[-115.75,51.07],[-115.63,50.98],[-115.56,50.89],[-115.21,50.53],[-115.02,50.58],[-114.77,50.36],[-114.63,49.73],[-114.7,49.55],[-114.51,49.57],[-114.29,49.54],[-114.34,49.87],[-114,49.84],[-114.07,50.31],[-114.39,50.31],[-114.53,50.4],[-114.53,50.55],[-114.56,50.89],[-114.7,50.97],[-114.51,51.19],[-114.72,51.21],[-114.7,51.62],[-114.78,51.71],[-114.96,51.69],[-114.99,51.62],[-115.57,51.62],[-116.09,51.92],[-116.51,51.81],[-116.71,52.06],[-117.09,52.26],[-116.9,52.54],[-116.9,52.65],[-117.55,52.97],[-117.49,53.04],[-117.7,53.18],[-118.05,53.36],[-118.21,53.33],[-118.36,53.46],[-119.04,53.42]]]}},{"type":"Feature","id":"4816","properties":{"id":"4816","name":"Division No. 16","regionAbbrev":"AB","pruid":"48","cdtype":"CDR"},"geometry":{"type":"Polygon","coordinates":[[[-110,55.55],[-110,60],[-115.57,60],[-115.56,59.48],[-114,59.47],[-114,57.38],[-113.09,57.38],[-112.77,57.29],[-112.72,56.43],[-112.51,56.2],[-112.64,55.99],[-111.93,55.94],[-111.41,55.98],[-111.4,55.55],[-110,55.55]]]}},{"type":"Feature","id":"4817","properties":{"id":"4817","name":"Division No. 17","regionAbbrev":"AB","pruid":"48","cdtype":"CDR"},"geometry":{"type":"Polygon","coordinates":[[[-114,57.38],[-114,58.87],[-114,59.47],[-115.56,59.48],[-115.57,60],[-120,60],[-120,56.15],[-119.64,56.17],[-119.16,56.31],[-118.9,56.13],[-118,56.16],[-118,56.25],[-117.26,56.27],[-117.53,55.99],[-116.98,55.94],[-116.79,55.72],[-116.77,55.37],[-116.92,55.37],[-116.92,55.11],[-116.75,54.85],[-115.98,54.85],[-115.96,54.5],[-115.06,54.5],[-115.07,54.85],[-114.22,54.85],[-114.32,54.59],[-113.69,54.59],[-113.67,54.94],[-113.36,55.02],[-112.89,55.08],[-112.68,55.31],[-112.8,55.51],[-112.79,55.64],[-112.6,55.73],[-112.68,55.9],[-112.63,56.08],[-112.51,56.2],[-112.72,56.43],[-112.77,57.29],[-113.09,57.38],[-114,57.38]]]}},{"type":"Feature","id":"4818","properties":{"id":"4818","name":"Division No. 18","regionAbbrev":"AB","pruid":"48","cdtype":"CDR"},"geometry":{"type":"Polygon","coordinates":[[[-117.7,55.56],[-118.2,55.55],[-118.28,55.14],[-119.42,55.01],[-119.99,54.75],[-120,53.94],[-119.78,53.89],[-119.49,53.85],[-118.13,53.81],[-118.06,53.92],[-117.28,54.06],[-116.84,54],[-116.74,54.11],[-116.29,54.23],[-116.25,54.33],[-115.97,54.41],[-115.98,54.85],[-116.75,54.85],[-116.92,55.11],[-116.92,55.37],[-117.54,55.37],[-117.72,55.61],[-117.7,55.56]]]}},{"type":"Feature","id":"4819","properties":{"id":"4819","name":"Division No. 19","regionAbbrev":"AB","pruid":"48","cdtype":"CDR"},"geometry":{"type":"Polygon","coordinates":[[[-119.64,56.17],[-119.99,56.15],[-120,54.74],[-119.42,55.01],[-118.28,55.14],[-118.2,55.55],[-117.7,55.56],[-117.72,55.61],[-117.54,55.37],[-116.77,55.37],[-116.79,55.72],[-116.98,55.94],[-117.53,55.99],[-117.26,56.27],[-118,56.25],[-118,56.16],[-118.9,56.13],[-119.16,56.31],[-119.64,56.17]]]}},{"type":"Feature","id":"5901","properties":{"id":"5901","name":"East Kootenay","regionAbbrev":"BC","pruid":"59","cdtype":"RD"},"geometry":{"type":"Polygon","coordinates":[[[-116.01,51.22],[-116.26,51.22],[-116.26,51.14],[-116.32,50.95],[-116.73,50.88],[-116.8,50.73],[-116.58,50.65],[-116.72,50.46],[-116.56,50.21],[-116.5,50.06],[-116.7,49.87],[-116.59,49.72],[-116.67,49.47],[-116.3,49.52],[-116.03,49.2],[-116.03,49],[-114.07,49],[-114.16,49.15],[-114.4,49.21],[-114.59,49.4],[-114.7,49.55],[-114.63,49.73],[-114.77,50.36],[-115.02,50.58],[-115.21,50.53],[-115.56,50.89],[-115.65,51],[-116.01,51.13],[-116.01,51.22]]]}},{"type":"Feature","id":"5903","properties":{"id":"5903","name":"Central Kootenay","regionAbbrev":"BC","pruid":"59","cdtype":"RD"},"geometry":{"type":"Polygon","coordinates":[[[-117.03,50.96],[-117.26,51.05],[-117.49,50.88],[-117.24,50.52],[-117.5,50.46],[-117.64,50.55],[-117.98,50.53],[-118.18,50.49],[-118.26,50.33],[-118.24,50.2],[-118.29,50.1],[-118.5,50.03],[-118.37,49.82],[-118.29,49.79],[-118.25,49.36],[-118.18,49.25],[-117.7,49.27],[-117.47,49.18],[-117.47,49],[-116.03,49],[-116.03,49.2],[-116.3,49.52],[-116.67,49.47],[-116.59,49.72],[-116.7,49.87],[-116.5,50.06],[-116.56,50.21],[-116.72,50.46],[-116.58,50.65],[-117.04,50.82],[-117.03,50.96]]]}},{"type":"Feature","id":"5905","properties":{"id":"5905","name":"Kootenay Boundary","regionAbbrev":"BC","pruid":"59","cdtype":"RD"},"geometry":{"type":"Polygon","coordinates":[[[-118.3,49.81],[-119.11,49.79],[-119.38,49.68],[-119.3,49.39],[-119.18,49.31],[-119.29,49],[-117.47,49],[-117.47,49.18],[-117.7,49.27],[-118.18,49.25],[-118.27,49.42],[-118.24,49.64],[-118.3,49.81]]]}},{"type":"Feature","id":"5907","properties":{"id":"5907","name":"Okanagan-Similkameen","regionAbbrev":"BC","pruid":"59","cdtype":"RD"},"geometry":{"type":"Polygon","coordinates":[[[-120.49,49.77],[-120.92,49.76],[-120.96,49.61],[-121.08,49.52],[-120.99,49.27],[-120.86,49.13],[-120.97,49.1],[-120.83,49.04],[-120.85,49],[-119.29,49],[-119.18,49.31],[-119.3,49.39],[-119.35,49.64],[-119.48,49.74],[-119.7,49.78],[-119.84,49.71],[-119.98,49.77],[-120.33,49.91],[-120.49,49.77]]]}},{"type":"Feature","id":"5909","properties":{"id":"5909","name":"Fraser Valley","regionAbbrev":"BC","pruid":"59","cdtype":"RD"},"geometry":{"type":"Polygon","coordinates":[[[-121.86,50.05],[-122.07,50.13],[-122.71,50.15],[-122.79,50.13],[-122.68,49.98],[-122.87,49.82],[-122.82,49.57],[-122.61,49.54],[-122.6,49.35],[-122.41,49.35],[-122.46,49],[-120.83,49.03],[-120.97,49.1],[-120.86,49.13],[-120.99,49.27],[-121.08,49.52],[-120.96,49.67],[-121.21,49.78],[-121.32,50.05],[-121.86,50.05]]]}},{"type":"Feature","id":"5915","properties":{"id":"5915","name":"Greater Vancouver","regionAbbrev":"BC","pruid":"59","cdtype":"RD"},"geometry":{"type":"Polygon","coordinates":[[[-122.61,49.54],[-122.96,49.55],[-123.24,49.48],[-123.14,49.2],[-123.17,49.02],[-122.46,49],[-122.41,49.35],[-122.6,49.35],[-122.61,49.54]]]}},{"type":"Feature","id":"5917","properties":{"id":"5917","name":"Capital","regionAbbrev":"BC","pruid":"59","cdtype":"RD"},"geometry":{"type":"MultiPolygon","coordinates":[[[[-123.25,48.44],[-123.25,48.43],[-123.24,48.44],[-123.25,48.44]]],[[[-124.28,48.72],[-124.49,48.63],[-124.5,48.54],[-123.65,48.31],[-123.54,48.32],[-123.69,48.62],[-123.82,48.57],[-124.14,48.64],[-124.28,48.72]]]]}},{"type":"Feature","id":"5919","properties":{"id":"5919","name":"Cowichan Valley","regionAbbrev":"BC","pruid":"59","cdtype":"RD"},"geometry":{"type":"Polygon","coordinates":[[[-124.52,49.05],[-124.64,49.01],[-124.55,48.9],[-124.85,48.68],[-124.76,48.61],[-124.5,48.54],[-124.49,48.63],[-124.28,48.72],[-124.14,48.64],[-123.82,48.57],[-123.69,48.62],[-123.59,48.85],[-123.76,49.06],[-124.38,48.98],[-124.5,49.03],[-124.52,49.05]]]}},{"type":"Feature","id":"5921","properties":{"id":"5921","name":"Nanaimo","regionAbbrev":"BC","pruid":"59","cdtype":"RD"},"geometry":{"type":"Polygon","coordinates":[[[-124.73,49.4],[-124.92,49.43],[-124.97,49.43],[-124.7,49.28],[-124.7,49.18],[-124.52,49.05],[-124.5,49.03],[-124.38,48.98],[-123.77,49.06],[-123.95,49.23],[-124.73,49.4]]]}},{"type":"Feature","id":"5923","properties":{"id":"5923","name":"Alberni-Clayoquot","regionAbbrev":"BC","pruid":"59","cdtype":"RD"},"geometry":{"type":"Polygon","coordinates":[[[-126.56,49.54],[-126.26,49.35],[-126.08,49.39],[-125.76,49.11],[-125.54,48.92],[-125.36,49.04],[-125.03,48.96],[-125.1,48.72],[-124.85,48.67],[-124.55,48.91],[-124.64,49.01],[-124.7,49.18],[-124.7,49.28],[-125.03,49.49],[-125.23,49.49],[-125.5,49.48],[-126.33,49.61],[-126.56,49.54]]]}},{"type":"Feature","id":"5924","properties":{"id":"5924","name":"Strathcona","regionAbbrev":"BC","pruid":"59","cdtype":"RD"},"geometry":{"type":"MultiPolygon","coordinates":[[[[-127.55,50.1],[-127.56,50.1],[-127.56,50.09],[-127.55,50.1]]],[[[-127.56,50.1],[-127.56,50.09],[-127.55,50.09],[-127.56,50.1]]],[[[-127.54,50.11],[-127.55,50.09],[-127.52,50.1],[-127.54,50.11]]],[[[-126.67,49.86],[-126.96,49.84],[-126.83,49.62],[-126.61,49.59],[-126.67,49.86]]],[[[-124.69,51.2],[-124.8,51.31],[-125.21,51.39],[-125.27,51.38],[-125.2,51.32],[-125.33,51.25],[-125.25,50.96],[-125.5,50.9],[-125.61,50.61],[-125.86,50.64],[-125.66,50.43],[-125.4,50.47],[-124.83,50.31],[-124.58,50.42],[-124.6,50.66],[-124.31,50.86],[-124.11,50.79],[-123.86,50.71],[-123.71,50.85],[-123.87,50.95],[-124.18,51.13],[-124.69,51.2]]],[[[-127.31,50.23],[-127.63,50.21],[-127.26,49.97],[-127,49.85],[-126.67,49.86],[-126.56,49.54],[-126.33,49.61],[-125.5,49.48],[-125.38,49.55],[-125.55,49.79],[-125.33,49.92],[-125.44,50.33],[-125.94,50.37],[-126.11,50.45],[-125.99,50.36],[-126,50.28],[-126.47,49.91],[-126.65,50.09],[-126.97,50.24],[-127.31,50.23]]]]}},{"type":"Feature","id":"5926","properties":{"id":"5926","name":"Comox Valley","regionAbbrev":"BC","pruid":"59","cdtype":"RD"},"geometry":{"type":"Polygon","coordinates":[[[-125.33,49.92],[-125.55,49.79],[-125.23,49.49],[-124.97,49.43],[-124.73,49.4],[-125.12,49.87],[-125.33,49.92]]]}},{"type":"Feature","id":"5927","properties":{"id":"5927","name":"Powell River","regionAbbrev":"BC","pruid":"59","cdtype":"RD"},"geometry":{"type":"Polygon","coordinates":[[[-124.11,50.79],[-124.31,50.86],[-124.6,50.66],[-124.58,50.42],[-124.59,50.25],[-124.84,50.06],[-124.53,49.8],[-124.27,49.74],[-124.04,49.84],[-124.07,50],[-124.15,50.06],[-124.18,50.22],[-123.91,50.36],[-124,50.51],[-123.74,50.54],[-123.73,50.7],[-123.86,50.71],[-124.11,50.79]]]}},{"type":"Feature","id":"5929","properties":{"id":"5929","name":"Sunshine Coast","regionAbbrev":"BC","pruid":"59","cdtype":"RD"},"geometry":{"type":"Polygon","coordinates":[[[-123.91,50.36],[-124.18,50.22],[-124.15,50.06],[-124.07,50],[-124,49.82],[-124.04,49.61],[-123.96,49.51],[-123.53,49.38],[-123.28,49.58],[-123.27,49.77],[-123.47,49.91],[-123.55,49.92],[-123.58,50.17],[-123.7,50.23],[-123.91,50.36]]]}},{"type":"Feature","id":"5931","properties":{"id":"5931","name":"Squamish-Lillooet","regionAbbrev":"BC","pruid":"59","cdtype":"RD"},"geometry":{"type":"Polygon","coordinates":[[[-122.71,51.16],[-123.07,51.22],[-123.24,51],[-123.76,50.88],[-123.71,50.85],[-123.73,50.7],[-123.74,50.54],[-124,50.5],[-123.87,50.3],[-123.58,50.17],[-123.55,49.92],[-123.47,49.91],[-123.27,49.77],[-123.28,49.58],[-123.25,49.48],[-122.82,49.57],[-122.87,49.82],[-122.68,49.98],[-122.79,50.13],[-122.26,50.12],[-122.3,50.25],[-122.13,50.43],[-121.87,50.42],[-121.77,50.75],[-121.63,51],[-122.17,50.99],[-122.71,51.16]]]}},{"type":"Feature","id":"5933","properties":{"id":"5933","name":"Thompson-Nicola","regionAbbrev":"BC","pruid":"59","cdtype":"RD"},"geometry":{"type":"Polygon","coordinates":[[[-119.95,52.71],[-120.14,52.88],[-120.24,52.86],[-120.31,52.86],[-120.34,52.79],[-120.24,52.62],[-120.54,52.47],[-120.53,52.33],[-120.31,52.14],[-120.22,51.83],[-120.56,51.66],[-120.56,51.43],[-121.12,51.44],[-121.42,51.38],[-121.53,51.55],[-121.89,51.52],[-122.56,51.49],[-122.64,51.41],[-122.67,51.27],[-122.17,50.99],[-121.63,51],[-121.77,50.75],[-121.87,50.42],[-122.13,50.43],[-122.3,50.25],[-122.26,50.12],[-121.86,50.05],[-121.32,50.05],[-121.21,49.78],[-121.12,49.61],[-120.96,49.67],[-120.95,49.76],[-120.49,49.77],[-120.33,49.91],[-120.07,49.84],[-119.76,50.05],[-119.83,50.18],[-119.68,50.26],[-119.72,50.32],[-119.65,50.57],[-119.46,50.84],[-119.54,50.98],[-119.44,51.22],[-118.95,51.46],[-119.01,51.69],[-118.99,51.93],[-118.89,51.95],[-118.85,52.05],[-118.8,52.18],[-118.79,52.31],[-119.06,52.63],[-119.52,52.63],[-119.95,52.71]]]}},{"type":"Feature","id":"5935","properties":{"id":"5935","name":"Central Okanagan","regionAbbrev":"BC","pruid":"59","cdtype":"RD"},"geometry":{"type":"Polygon","coordinates":[[[-119.47,50.15],[-119.83,50.18],[-119.76,50.05],[-120.06,49.87],[-119.97,49.82],[-119.98,49.77],[-119.84,49.71],[-119.56,49.76],[-119.37,49.68],[-118.8,49.97],[-118.87,50.05],[-119.17,50.05],[-119.47,50.15]]]}},{"type":"Feature","id":"5937","properties":{"id":"5937","name":"North Okanagan","regionAbbrev":"BC","pruid":"59","cdtype":"RD"},"geometry":{"type":"Polygon","coordinates":[[[-118.27,50.89],[-118.61,50.92],[-118.86,50.76],[-119.18,50.75],[-119.18,50.53],[-119.32,50.42],[-119.58,50.45],[-119.72,50.32],[-119.68,50.26],[-119.47,50.15],[-119.17,50.05],[-118.81,50.02],[-118.81,49.96],[-119.06,49.81],[-118.3,49.81],[-118.37,49.82],[-118.5,50.03],[-118.4,50.03],[-118.25,50.17],[-118.26,50.33],[-118.18,50.49],[-118.27,50.89]]]}},{"type":"Feature","id":"5939","properties":{"id":"5939","name":"Columbia-Shuswap","regionAbbrev":"BC","pruid":"59","cdtype":"RD"},"geometry":{"type":"Polygon","coordinates":[[[-116.75,51.81],[-117.01,51.89],[-117.38,52.14],[-117.82,52.23],[-118.04,52.4],[-118.49,52.31],[-118.68,52.15],[-118.85,52.05],[-118.89,51.95],[-118.99,51.93],[-119.01,51.69],[-118.95,51.46],[-119.44,51.22],[-119.54,50.98],[-119.46,50.84],[-119.65,50.57],[-119.58,50.45],[-119.32,50.42],[-119.18,50.53],[-119.18,50.75],[-118.86,50.76],[-118.61,50.92],[-118.27,50.89],[-118.21,50.69],[-117.98,50.53],[-117.64,50.55],[-117.5,50.46],[-117.24,50.52],[-117.49,50.88],[-117.35,51.04],[-117.16,51.04],[-117.03,50.96],[-117.04,50.82],[-116.73,50.88],[-116.32,50.95],[-116.26,51.14],[-116.26,51.22],[-116.28,51.46],[-116.6,51.66],[-116.75,51.81]]]}},{"type":"Feature","id":"5941","properties":{"id":"5941","name":"Cariboo","regionAbbrev":"BC","pruid":"59","cdtype":"RD"},"geometry":{"type":"Polygon","coordinates":[[[-125,53],[-126.61,53],[-126.65,52.94],[-126.59,52.88],[-126.34,52.52],[-125.86,52.63],[-125.75,52.48],[-125.48,52.4],[-125.46,52.19],[-125.58,52.06],[-125.51,51.87],[-125.24,51.75],[-125.33,51.4],[-124.89,51.33],[-124.69,51.2],[-124.18,51.13],[-123.87,50.95],[-123.76,50.88],[-123.24,51],[-123.07,51.22],[-122.71,51.16],[-122.67,51.27],[-122.64,51.41],[-122.41,51.52],[-121.53,51.55],[-121.42,51.38],[-121.12,51.44],[-120.56,51.43],[-120.56,51.66],[-120.22,51.83],[-120.31,52.14],[-120.53,52.33],[-120.54,52.47],[-120.24,52.62],[-120.33,52.83],[-120.17,52.86],[-120.16,52.92],[-120.49,53.05],[-120.71,53.26],[-120.98,53.28],[-121.01,53.43],[-122.28,53.46],[-122.35,53.37],[-122.77,53.39],[-122.97,53.28],[-123.29,53.28],[-123.3,53.47],[-124,53.48],[-124.52,53.39],[-125,53.45],[-125,53]]]}},{"type":"Feature","id":"5943","properties":{"id":"5943","name":"Mount Waddington","regionAbbrev":"BC","pruid":"59","cdtype":"RD"},"geometry":{"type":"MultiPolygon","coordinates":[[[[-126.64,50.77],[-126.65,50.76],[-126.63,50.77],[-126.64,50.77]]],[[[-126.11,50.45],[-126.87,50.53],[-127.91,50.87],[-128.43,50.79],[-128.25,50.57],[-127.94,50.46],[-127.98,50.32],[-127.72,50.24],[-127.31,50.23],[-126.97,50.24],[-126.65,50.09],[-126.47,49.91],[-126,50.28],[-125.99,50.36],[-126.11,50.45]]],[[[-125.72,52.01],[-125.88,51.97],[-126,51.73],[-125.91,51.61],[-126.11,51.46],[-126.44,51.49],[-126.92,51.24],[-127.44,51.23],[-127.74,51.15],[-127.48,51.16],[-127.4,51.13],[-126.92,51.19],[-127.13,51.12],[-127.55,51.13],[-127.52,51.01],[-127.27,50.91],[-126.9,50.89],[-127.04,50.96],[-126.9,50.89],[-126.57,50.83],[-126.17,50.88],[-126.18,50.67],[-125.86,50.64],[-125.61,50.61],[-125.5,50.9],[-125.25,50.96],[-125.33,51.25],[-125.33,51.4],[-125.24,51.75],[-125.51,51.87],[-125.72,52.01]]]]}},{"type":"Feature","id":"5945","properties":{"id":"5945","name":"Central Coast","regionAbbrev":"BC","pruid":"59","cdtype":"RD"},"geometry":{"type":"MultiPolygon","coordinates":[[[[-128.24,51.95],[-128.25,51.93],[-128.23,51.93],[-128.24,51.95]]],[[[-127.9,51.93],[-127.64,52.14],[-127.2,52.35],[-127.27,52.44],[-127.62,52.27],[-127.77,52.24],[-127.9,51.93]]],[[[-127.22,53.25],[-127.48,53.14],[-127.3,52.91],[-127.35,52.81],[-127.49,52.69],[-128.13,52.69],[-128.18,52.48],[-127.76,52.27],[-127.33,52.43],[-127.24,52.53],[-127.22,52.39],[-126.99,52.33],[-126.9,52.2],[-126.66,52.04],[-126.67,51.96],[-127.03,52.31],[-127.18,52.31],[-127.38,52.1],[-127.88,51.9],[-127.89,51.69],[-127.56,51.48],[-127.78,51.16],[-126.92,51.24],[-126.44,51.49],[-126.11,51.46],[-125.91,51.61],[-126,51.72],[-125.88,51.97],[-125.72,52.01],[-125.58,52.06],[-125.46,52.19],[-125.48,52.4],[-125.76,52.48],[-125.86,52.63],[-126.34,52.52],[-126.59,52.88],[-126.65,53.03],[-126.84,53.11],[-127.01,53.08],[-127.1,53.23],[-127.22,53.25]]]]}},{"type":"Feature","id":"5947","properties":{"id":"5947","name":"Skeena-Queen Charlotte","regionAbbrev":"BC","pruid":"59","cdtype":"RD"},"geometry":{"type":"MultiPolygon","coordinates":[[[[-130.64,54.13],[-130.64,54.12],[-130.63,54.12],[-130.64,54.13]]],[[[-132.45,53.33],[-132.44,53.32],[-132.43,53.32],[-132.45,53.33]]],[[[-130.4,53.51],[-130.41,53.49],[-130.4,53.5],[-130.4,53.51]]],[[[-130.61,53.86],[-130.23,53.95],[-130.42,54.1],[-130.61,53.86]]],[[[-130.54,53.63],[-130.55,53.55],[-130.3,53.51],[-130.41,53.47],[-130.12,53.34],[-129.96,53.17],[-129.76,53.2],[-129.99,53.45],[-130.54,53.63]]],[[[-130.22,53.91],[-130.21,53.72],[-129.83,53.39],[-129.5,53.21],[-129.42,53.41],[-129.84,53.72],[-130.22,53.91]]],[[[-132.57,53.1],[-132.14,52.74],[-131.84,52.56],[-131.31,52.15],[-131.42,52.47],[-131.68,52.53],[-131.96,53.04],[-132.57,53.1]]],[[[-130.22,54.73],[-130.39,54.63],[-130.45,54.63],[-130.49,54.36],[-130.05,54.15],[-130.11,53.95],[-129.9,53.77],[-129.71,53.71],[-129.69,53.65],[-129.76,53.67],[-129.65,53.57],[-129.27,53.36],[-129.23,53.63],[-129.37,53.8],[-129.37,54.36],[-129.69,54.53],[-129.71,54.74],[-130.22,54.73]]],[[[-132.35,53.67],[-132.13,53.84],[-132.18,54.02],[-132.44,54.1],[-133.03,54.17],[-133.15,53.91],[-133.01,53.67],[-132.51,53.15],[-131.97,53.28],[-131.88,53.77],[-131.71,53.98],[-131.79,54.07],[-132.2,54.05],[-132.09,53.9],[-132.14,53.7],[-132.35,53.67]]]]}},{"type":"Feature","id":"5949","properties":{"id":"5949","name":"Kitimat-Stikine","regionAbbrev":"BC","pruid":"59","cdtype":"RD"},"geometry":{"type":"MultiPolygon","coordinates":[[[[-129.09,53.29],[-129.2,52.95],[-129.01,52.7],[-128.6,52.61],[-128.52,52.94],[-128.58,53.09],[-128.91,53.3],[-129.09,53.29]]],[[[-129,57.16],[-128.94,59],[-131.01,59],[-131,58],[-133.07,58],[-132.05,57.04],[-132.12,56.87],[-131.87,56.81],[-131.83,56.6],[-131.58,56.61],[-130.1,56.12],[-129.99,55.92],[-130.13,55.76],[-130.11,55.56],[-129.77,55.47],[-129.66,55.43],[-130.22,54.73],[-129.71,54.74],[-129.69,54.53],[-129.37,54.36],[-129.37,53.8],[-129.23,53.63],[-128.99,53.54],[-128.85,53.27],[-128.58,53.13],[-128.44,52.82],[-128.11,52.76],[-128.25,52.57],[-128.18,52.48],[-128.13,52.69],[-127.49,52.69],[-127.35,52.81],[-127.3,52.91],[-127.48,53.14],[-127.3,53.22],[-127.26,53.3],[-127.43,53.49],[-127.77,53.56],[-128,54],[-127.53,54.38],[-127.78,54.47],[-127.8,55],[-126.94,55],[-126.64,55.12],[-127.71,55.71],[-127.95,55.69],[-128.19,55.91],[-128.49,55.94],[-128.36,56],[-128.28,56.25],[-127.98,56.52],[-128.19,56.74],[-128.69,56.88],[-128.73,57.04],[-129,57.16]]]]}},{"type":"Feature","id":"5951","properties":{"id":"5951","name":"Bulkley-Nechako","regionAbbrev":"BC","pruid":"59","cdtype":"RD"},"geometry":{"type":"Polygon","coordinates":[[[-124.44,56],[-128.25,56],[-128.49,55.94],[-128.19,55.91],[-127.95,55.69],[-127.71,55.71],[-126.64,55.12],[-126.94,55],[-127.8,55],[-127.78,54.47],[-127.53,54.38],[-128,54],[-127.77,53.56],[-127.43,53.49],[-127.22,53.25],[-127.1,53.23],[-127.01,53.08],[-126.84,53.11],[-126.75,52.99],[-125,53],[-125,53.45],[-124.74,53.35],[-124.52,53.39],[-124,53.48],[-123.28,53.47],[-123.3,53.63],[-123.42,53.97],[-123.62,54.04],[-123.53,54.29],[-123.93,54.36],[-123.78,54.66],[-123.9,54.86],[-124.05,54.94],[-124,55.03],[-123.69,54.92],[-123.56,54.95],[-123.41,55.04],[-123.41,55.23],[-123.74,55.29],[-123.86,55.34],[-123.93,55.55],[-124.05,55.54],[-124.17,55.67],[-124.31,55.71],[-124.44,56]]]}},{"type":"Feature","id":"5953","properties":{"id":"5953","name":"Fraser-Fort George","regionAbbrev":"BC","pruid":"59","cdtype":"RD"},"geometry":{"type":"Polygon","coordinates":[[[-123.37,55.86],[-123.84,55.98],[-123.76,55.74],[-123.98,55.61],[-123.88,55.5],[-123.91,55.43],[-123.74,55.29],[-123.41,55.23],[-123.4,55.1],[-123.42,55.03],[-123.66,54.92],[-123.81,55.04],[-124,55.03],[-124.05,54.94],[-123.9,54.86],[-123.78,54.66],[-123.93,54.36],[-123.53,54.29],[-123.62,54.04],[-123.42,53.97],[-123.3,53.63],[-123.31,53.28],[-122.97,53.28],[-122.77,53.39],[-122.35,53.37],[-122.28,53.46],[-121.01,53.43],[-120.98,53.28],[-120.71,53.26],[-120.49,53.05],[-120.16,52.92],[-119.95,52.71],[-119.52,52.63],[-119.06,52.63],[-118.95,52.39],[-118.79,52.31],[-118.8,52.18],[-118.68,52.15],[-118.49,52.31],[-118.26,52.45],[-118.29,52.68],[-118.73,53.12],[-119.02,53.23],[-119.26,53.18],[-119.39,53.36],[-119.67,53.37],[-119.78,53.49],[-119.93,53.61],[-120.07,53.98],[-120.17,54.12],[-120.53,54.14],[-120.78,54.4],[-121.07,54.45],[-121.12,54.55],[-121.4,54.53],[-121.52,54.65],[-121.52,54.8],[-122.25,55.14],[-122.39,55.34],[-122.99,55.4],[-123.14,55.73],[-123.37,55.86]]]}},{"type":"Feature","id":"5955","properties":{"id":"5955","name":"Peace River","regionAbbrev":"BC","pruid":"59","cdtype":"RD"},"geometry":{"type":"Polygon","coordinates":[[[-126.29,57.85],[-126.7,58.03],[-126.98,57.96],[-126.85,57.79],[-126.98,57.76],[-126.78,57.58],[-127.06,57.51],[-127.49,57.32],[-127.48,57.2],[-127.72,57.13],[-127.72,57.01],[-127.54,56.97],[-127.62,56.85],[-127.22,56.75],[-127.1,56.61],[-126.81,56.68],[-126.49,56.66],[-126.23,56.65],[-126.14,56.58],[-126.2,56.47],[-126.19,56.34],[-125.61,56.15],[-125.12,56.3],[-124.66,56.12],[-124.48,56.13],[-124.33,55.74],[-124.04,55.54],[-123.93,55.55],[-123.96,55.62],[-123.76,55.74],[-123.84,55.98],[-123.37,55.86],[-123.14,55.73],[-122.99,55.4],[-122.39,55.34],[-122.25,55.14],[-121.52,54.8],[-121.52,54.65],[-121.12,54.55],[-121.07,54.45],[-120.78,54.4],[-120.53,54.14],[-120.17,54.12],[-120.07,53.98],[-120,53.8],[-120,58],[-124.98,57.98],[-125.17,58.02],[-125.74,57.86],[-125.84,57.98],[-126.29,57.85]]]}},{"type":"Feature","id":"5957","properties":{"id":"5957","name":"Stikine","regionAbbrev":"BC","pruid":"59","cdtype":"REG"},"geometry":{"type":"Polygon","coordinates":[[[-127.73,59.9],[-127.73,60],[-135.4,60],[-139.05,60],[-138.71,59.91],[-138.61,59.76],[-137.6,59.24],[-137.5,58.98],[-136.82,59.16],[-136.58,59.17],[-136.36,59.6],[-135.48,59.8],[-135.03,59.56],[-134.96,59.28],[-134.48,59.13],[-134.26,58.86],[-133.84,58.73],[-133.07,58],[-131,58],[-131.01,59],[-128.94,59],[-129,57.16],[-128.73,57.04],[-128.69,56.88],[-128.19,56.74],[-127.98,56.52],[-128.28,56.25],[-128.36,56],[-124.44,56],[-124.48,56.13],[-124.66,56.12],[-125.12,56.3],[-125.61,56.15],[-126.19,56.34],[-126.2,56.47],[-126.14,56.53],[-126.17,56.61],[-126.49,56.66],[-126.67,56.77],[-127.07,56.61],[-127.22,56.75],[-127.62,56.85],[-127.54,56.97],[-127.71,56.99],[-127.73,57.11],[-127.48,57.2],[-127.49,57.32],[-127.06,57.51],[-126.79,57.57],[-126.87,57.63],[-126.84,57.68],[-126.98,57.76],[-126.85,57.79],[-126.97,57.93],[-126.95,57.99],[-126.7,58.03],[-126.29,57.85],[-125.84,57.98],[-125.74,57.86],[-125.2,58.02],[-124.97,58.02],[-124.83,58.21],[-125.44,58.34],[-125.86,58.41],[-126.59,58.58],[-127.06,58.85],[-126.98,59.11],[-127.19,59.15],[-127.48,59.52],[-127.8,59.7],[-127.73,59.9]]]}},{"type":"Feature","id":"5959","properties":{"id":"5959","name":"Northern Rockies","regionAbbrev":"BC","pruid":"59","cdtype":"RD"},"geometry":{"type":"Polygon","coordinates":[[[-120,60],[-127.71,60],[-127.73,59.9],[-127.8,59.7],[-127.48,59.52],[-127.19,59.15],[-126.98,59.11],[-127.06,58.85],[-126.59,58.58],[-125.86,58.41],[-125.44,58.34],[-124.83,58.21],[-124.95,58],[-120,58],[-120,60]]]}},{"type":"Feature","id":"6001","properties":{"id":"6001","name":"Yukon","regionAbbrev":"YT","pruid":"60","cdtype":"TER"},"geometry":{"type":"Polygon","coordinates":[[[-136.47,68.87],[-137.94,69.07],[-139.06,69.47],[-139.94,69.61],[-141.01,69.65],[-141.02,69.5],[-141,60.31],[-139.97,60.18],[-139.68,60.34],[-139.05,60.35],[-139.18,60.08],[-139.06,60],[-123.79,60],[-124.12,60.21],[-124.6,60.69],[-124.54,60.94],[-125.26,60.77],[-125.83,60.88],[-126.81,60.76],[-127.1,61.46],[-127.77,61.59],[-128.25,61.94],[-128.55,62.12],[-128.73,62.04],[-129.24,62.14],[-129.28,62.4],[-129.74,62.84],[-129.61,63.07],[-130.16,63.24],[-129.87,63.37],[-130.1,63.75],[-130.78,63.98],[-130.97,64.13],[-131.07,64.27],[-131.03,64.3],[-131.15,64.4],[-131.37,64.45],[-131.62,64.35],[-132.04,64.7],[-132.63,64.83],[-132.34,65.06],[-132.75,65.23],[-132.28,65.46],[-132.17,65.6],[-132.6,65.86],[-132.35,65.95],[-132.66,66.02],[-132.91,65.88],[-133.13,66.03],[-133.66,65.96],[-133.55,66.26],[-133.84,66.32],[-133.69,66.53],[-133.76,66.8],[-134.12,66.96],[-136.16,67],[-136.09,67.3],[-136.24,67.61],[-136.45,67.65],[-136.47,68.87]]]}},{"type":"Feature","id":"6101","properties":{"id":"6101","name":"Region 1","regionAbbrev":"NT","pruid":"61","cdtype":"REG"},"geometry":{"type":"MultiPolygon","coordinates":[[[[-123.25,69.49],[-123.25,69.48],[-123.24,69.49],[-123.25,69.49]]],[[[-130.65,69.46],[-130.66,69.46],[-130.67,69.45],[-130.65,69.46]]],[[[-136.1,69],[-136.03,68.95],[-135.97,68.95],[-136.1,69]]],[[[-109.84,76.51],[-110.39,76.43],[-109.83,76.25],[-109.84,76.51]]],[[[-109.84,72.73],[-109.84,72.96],[-110.51,72.85],[-109.84,72.73]]],[[[-114.25,78.01],[-115.11,77.95],[-114.29,77.71],[-113.55,77.83],[-114.25,78.01]]],[[[-117.71,76.13],[-118.71,75.89],[-119.41,75.61],[-118.58,75.5],[-117.92,75.74],[-117.44,76.09],[-117.71,76.13]]],[[[-109.83,78.3],[-109.85,78.67],[-110.73,78.71],[-111.47,78.55],[-112.28,78.55],[-113.22,78.41],[-113.15,78.27],[-111.29,78.42],[-110.71,78.3],[-109.83,78.3]]],[[[-109.83,77.94],[-109.84,78.11],[-111.8,78.06],[-113.21,77.92],[-113.2,77.52],[-112.03,77.33],[-110.25,77.5],[-109.83,77.94]]],[[[-122.64,76.34],[-122.43,76.13],[-121.24,75.98],[-121.08,76.14],[-119.91,75.85],[-119.04,76.09],[-118.94,76.27],[-118.05,76.42],[-117.47,76.27],[-116.93,76.35],[-116.96,76.57],[-116.05,76.62],[-115.94,76.9],[-116.4,77.15],[-115.34,77.31],[-116.42,77.56],[-117.13,77.46],[-116.99,77.29],[-118.81,77.36],[-120.09,77.01],[-120.66,76.71],[-121.19,76.7],[-121.45,76.46],[-122.64,76.34]]],[[[-111.3,75.58],[-111.68,75.92],[-112.45,76.06],[-112.98,76.27],[-113.98,76.2],[-114.17,76.48],[-114.83,76.51],[-115.88,76.36],[-116.61,76.12],[-116.81,75.8],[-117.67,75.25],[-115.69,74.97],[-115.04,74.96],[-114.38,75.09],[-113.91,75.05],[-112.68,75.14],[-111.86,75.14],[-111.61,75],[-112.85,74.98],[-114.08,74.79],[-114.45,74.68],[-113.76,74.47],[-113.2,74.41],[-111.67,74.5],[-109.83,74.88],[-109.83,75.53],[-111.3,75.58]]],[[[-118.77,74.21],[-120.13,74.28],[-121.46,74.56],[-124.52,74.33],[-124.46,74.08],[-123.85,73.84],[-124.05,73.53],[-124.41,73.4],[-124.87,73.1],[-124.38,72.98],[-124.97,72.78],[-125.25,72.46],[-125.66,72.19],[-125.75,72],[-125.27,71.97],[-123.97,71.67],[-123.62,71.49],[-123.43,71.22],[-122.78,71.09],[-122.09,71.28],[-121.84,71.42],[-121.38,71.38],[-120.47,71.57],[-120.16,72.1],[-119.29,72.37],[-119.09,72.65],[-115.29,73.49],[-116.65,74.01],[-117.62,74.25],[-118.77,74.21]]],[[[-114.2,72.7],[-113.93,72.82],[-113.93,73.13],[-114.2,73.33],[-114.71,73.38],[-117.32,72.93],[-117.62,72.78],[-118.5,72.51],[-118.09,72.24],[-118.58,72.17],[-119.05,71.92],[-119.07,71.66],[-118.04,71.68],[-117.81,71.56],[-118.15,71.38],[-117.42,71.38],[-115.6,71.57],[-116.24,71.37],[-117.19,71.2],[-117.81,71.17],[-118.41,71],[-117.56,70.6],[-116.28,70.64],[-115.57,70.57],[-113.82,70.72],[-112.85,70.55],[-112.15,70.51],[-111.97,70.39],[-112.53,70.2],[-114.51,70.32],[-116.12,70.22],[-117.37,70.03],[-117.26,69.79],[-116.99,69.69],[-116.47,69.7],[-117.02,70],[-112.83,70],[-109.86,70],[-109.85,72.44],[-110.69,72.58],[-111.07,72.39],[-112.07,72.27],[-111.43,72.47],[-111.19,72.73],[-113.02,73.01],[-113.61,72.78],[-114.2,72.7]]],[[[-120.61,68.62],[-120.76,69.61],[-121.4,69.77],[-122.95,69.83],[-123.15,69.77],[-123.17,69.49],[-123.78,69.31],[-123.98,69.4],[-124.45,69.48],[-124.04,69.68],[-124.51,69.73],[-124.34,70],[-124.6,70.07],[-125.46,69.52],[-125.89,69.38],[-126.7,69.74],[-126.87,69.99],[-127.35,70.34],[-128.02,70.57],[-128.21,70.38],[-128.04,70.27],[-127.61,70.25],[-127.34,70.15],[-127.6,70.22],[-128.33,70.13],[-128.32,69.94],[-129.05,69.69],[-129.14,69.84],[-130.34,69.68],[-130.63,69.41],[-131.18,69.47],[-131.73,69.37],[-132.1,69.2],[-132.89,69.03],[-132.95,68.78],[-133.52,68.84],[-133.02,69.02],[-132.87,69.21],[-132.29,69.28],[-132.04,69.51],[-131.05,69.63],[-129.54,69.99],[-130.13,70.08],[-130.4,70.14],[-132.5,69.61],[-132.93,69.64],[-133.04,69.39],[-133.9,69.32],[-133.88,69.5],[-134.26,69.56],[-135.32,69.41],[-136.01,69.2],[-135.78,68.96],[-135.14,68.64],[-136.13,68.87],[-136.47,68.89],[-136.45,67.65],[-136.24,67.61],[-136.09,67.3],[-136.16,67],[-134.12,66.96],[-133.76,66.8],[-133.69,66.53],[-133.84,66.32],[-133.55,66.26],[-133.66,65.96],[-133.13,66.03],[-132.91,65.88],[-132.35,65.95],[-132.6,65.86],[-132.17,65.6],[-132.28,65.46],[-132.75,65.23],[-132.34,65.06],[-132.63,64.83],[-132.04,64.7],[-131.62,64.35],[-131.3,64.45],[-131.07,64.36],[-131.03,64.3],[-130.82,64.29],[-131.1,65.86],[-131.57,65.91],[-132.07,66.07],[-132.07,66.61],[-130.38,66.79],[-130.45,67.55],[-126.95,67.68],[-120.63,67.78],[-120.61,68.62]]]]}},{"type":"Feature","id":"6102","properties":{"id":"6102","name":"Region 2","regionAbbrev":"NT","pruid":"61","cdtype":"REG"},"geometry":{"type":"Polygon","coordinates":[[[-120.63,67.78],[-126.95,67.68],[-130.45,67.55],[-130.38,66.79],[-132.07,66.61],[-132.07,66.07],[-131.57,65.91],[-131.1,65.86],[-130.82,64.29],[-131.07,64.27],[-130.97,64.13],[-130.78,63.98],[-130.1,63.75],[-129.87,63.37],[-130.16,63.24],[-129.61,63.07],[-129.74,62.84],[-129.28,62.4],[-129.24,62.14],[-128.73,62.04],[-128.55,62.12],[-128.49,62.12],[-126.58,62.77],[-126.32,63.32],[-125.89,63.49],[-124.21,63.95],[-122.02,63.95],[-121.48,64.09],[-120.66,64.09],[-120,63.97],[-120,64.56],[-119.15,65.05],[-119.57,65.06],[-119.44,65.36],[-118.1,65.36],[-117.74,66.38],[-116.63,66.8],[-117.07,66.93],[-118.59,67.2],[-120.63,67.78]]]}},{"type":"Feature","id":"6103","properties":{"id":"6103","name":"Region 3","regionAbbrev":"NT","pruid":"61","cdtype":"REG"},"geometry":{"type":"Polygon","coordinates":[[[-117.42,64.54],[-117.73,64.69],[-118.08,65],[-118.19,65.13],[-118.41,65.07],[-118.39,64.93],[-118.78,64.87],[-118.66,64.65],[-118.38,64.66],[-117.94,64.43],[-117.83,63.74],[-118.31,63.72],[-118.71,63.62],[-118.77,63.23],[-117.87,63.06],[-116.86,63.08],[-116.42,62.97],[-116.18,62.7],[-115.6,62.82],[-115.25,63.19],[-114.82,63.26],[-114.79,63.48],[-114.41,64.08],[-113.95,64.1],[-112.59,64.47],[-112.53,64.62],[-113.26,64.71],[-114.27,64.33],[-115.31,64.15],[-115.72,64.31],[-115.72,64.65],[-116.03,64.6],[-117.42,64.54]]]}},{"type":"Feature","id":"6104","properties":{"id":"6104","name":"Region 4","regionAbbrev":"NT","pruid":"61","cdtype":"REG"},"geometry":{"type":"Polygon","coordinates":[[[-120.66,64.09],[-121.48,64.09],[-122.02,63.95],[-124.21,63.95],[-125.89,63.49],[-126.32,63.32],[-126.58,62.77],[-128.49,62.12],[-128.25,61.94],[-127.77,61.59],[-127.1,61.46],[-126.81,60.76],[-125.83,60.88],[-125.26,60.77],[-124.54,60.94],[-124.6,60.69],[-124.12,60.21],[-123.79,60],[-116.98,60],[-116.38,60.37],[-116.35,60.65],[-115.9,60.75],[-115.6,60.73],[-114.83,61.68],[-119.99,62.82],[-120,63.97],[-120.66,64.09]]]}},{"type":"Feature","id":"6105","properties":{"id":"6105","name":"Region 5","regionAbbrev":"NT","pruid":"61","cdtype":"REG"},"geometry":{"type":"Polygon","coordinates":[[[-109,62.79],[-110.05,62.92],[-110.64,62.92],[-111.46,62.68],[-111.73,62.37],[-112.42,62.08],[-113.54,61.98],[-114.83,61.68],[-115.6,60.73],[-115.9,60.75],[-116.35,60.65],[-116.38,60.37],[-116.98,60],[-102,60],[-102,62.56],[-106.72,62.76],[-109,62.79]]]}},{"type":"Feature","id":"6106","properties":{"id":"6106","name":"Region 6","regionAbbrev":"NT","pruid":"61","cdtype":"REG"},"geometry":{"type":"Polygon","coordinates":[[[-112.58,65.45],[-114.31,66.05],[-116.63,66.8],[-117.74,66.38],[-118.1,65.36],[-119.44,65.36],[-119.57,65.06],[-119.15,65.05],[-120,64.56],[-119.99,62.82],[-114.83,61.68],[-113.54,61.98],[-112.42,62.08],[-111.73,62.37],[-111.46,62.68],[-110.64,62.92],[-109.68,62.89],[-109,62.79],[-106.72,62.76],[-102,62.56],[-102,64.19],[-105.02,64.48],[-108.84,64.73],[-110.54,65.45],[-112.58,65.45]],[[-118.78,64.87],[-118.41,65.07],[-118.19,65.13],[-117.99,64.88],[-117.42,64.54],[-116.03,64.6],[-115.72,64.65],[-115.72,64.31],[-115.31,64.15],[-114.27,64.33],[-113.26,64.71],[-112.53,64.62],[-112.59,64.47],[-113.95,64.1],[-114.41,64.08],[-114.79,63.48],[-114.82,63.26],[-115.25,63.19],[-115.6,62.82],[-116.18,62.7],[-116.42,62.97],[-116.86,63.08],[-117.87,63.06],[-118.77,63.23],[-118.71,63.62],[-118.31,63.72],[-117.83,63.74],[-117.94,64.43],[-118.38,64.66],[-118.66,64.65],[-118.78,64.87]]]}},{"type":"Feature","id":"6204","properties":{"id":"6204","name":"Qikiqtaaluk","regionAbbrev":"NU","pruid":"62","cdtype":"REG"},"geometry":{"type":"MultiPolygon","coordinates":[[[[-97.98,73.08],[-97.98,73.09],[-97.99,73.08],[-97.98,73.08]]],[[[-80.03,56.09],[-80.02,56.09],[-80.03,56.1],[-80.03,56.09]]],[[[-64.82,60.49],[-64.81,60.5],[-64.82,60.5],[-64.82,60.49]]],[[[-77.61,63.93],[-77.6,63.94],[-77.61,63.94],[-77.61,63.93]]],[[[-79.64,56.82],[-79.64,56.81],[-79.63,56.81],[-79.64,56.82]]],[[[-72.18,63.67],[-72.19,63.67],[-72.19,63.66],[-72.18,63.67]]],[[[-66.76,62.94],[-66.77,62.94],[-66.76,62.93],[-66.76,62.94]]],[[[-67,65.47],[-67,65.48],[-67.01,65.47],[-67,65.47]]],[[[-67.69,66.4],[-67.69,66.41],[-67.7,66.41],[-67.69,66.4]]],[[[-78.91,58.78],[-78.91,58.77],[-78.9,58.77],[-78.91,58.78]]],[[[-79.82,57.5],[-79.82,57.51],[-79.83,57.51],[-79.82,57.5]]],[[[-98.02,73.06],[-98.03,73.05],[-98.01,73.06],[-98.02,73.06]]],[[[-64.92,61.91],[-64.93,61.9],[-64.91,61.9],[-64.92,61.91]]],[[[-73.8,64.24],[-73.85,64.24],[-73.82,64.22],[-73.8,64.24]]],[[[-67.53,66.35],[-67.6,66.34],[-67.49,66.33],[-67.53,66.35]]],[[[-78.88,76.11],[-79.76,75.88],[-79.42,75.8],[-78.88,76.11]]],[[[-96.29,75.65],[-96.95,75.52],[-96.82,75.36],[-95.9,75.57],[-96.29,75.65]]],[[[-71.86,71.07],[-72.25,70.91],[-71.97,70.82],[-71.43,70.92],[-71.86,71.07]]],[[[-102.14,76],[-103.07,75.9],[-102.57,75.78],[-102.14,76]]],[[[-98.3,72.95],[-97.16,72.8],[-97.21,72.95],[-97.83,73.05],[-98.3,72.95]]],[[[-75.25,68.73],[-75.39,68.51],[-74.74,68.48],[-75.25,68.73]]],[[[-76.71,69.43],[-77.33,69.42],[-77.22,69.14],[-76.64,69.3],[-76.71,69.43]]],[[[-102.07,77.91],[-102.52,77.79],[-101.81,77.67],[-101.26,77.86],[-102.07,77.91]]],[[[-70.78,62.84],[-70.71,62.55],[-70.17,62.58],[-70.36,62.73],[-70.78,62.84]]],[[[-76.63,63.4],[-76.6,63.51],[-77.03,63.68],[-77.3,63.69],[-77.42,63.6],[-76.96,63.4],[-76.63,63.4]]],[[[-67.99,60.57],[-68.24,60.58],[-68.42,60.21],[-67.97,60.29],[-67.83,60.46],[-67.99,60.57]]],[[[-79.33,69.71],[-79.47,69.81],[-80.48,69.68],[-79.91,69.53],[-79.33,69.71]]],[[[-100.07,80.07],[-99.35,79.76],[-98.63,79.79],[-98.86,80.09],[-100.07,80.07]]],[[[-97.74,74.13],[-98.78,74.04],[-98.77,73.81],[-98.16,73.88],[-97.74,74.13]]],[[[-64.7,61.66],[-65.16,61.69],[-65.47,61.61],[-65.16,61.45],[-64.67,61.46],[-64.7,61.66]]],[[[-78.28,69.38],[-78.72,69.35],[-78.95,69.11],[-78.81,68.92],[-78.21,69.3],[-78.28,69.38]]],[[[-104.24,76.68],[-104.67,76.56],[-104.32,76.33],[-103.5,76.32],[-102.99,76.45],[-104.24,76.68]]],[[[-86.63,68.3],[-86.99,68.08],[-86.9,67.83],[-86.57,67.73],[-86.35,67.95],[-86.41,68.2],[-86.63,68.3]]],[[[-103.09,76.32],[-104.27,76.23],[-104.1,76.06],[-103.36,76.04],[-102.5,76.22],[-103.09,76.32]]],[[[-104.21,75.45],[-104.91,75.13],[-104.21,75.02],[-103.59,75.17],[-104.21,75.45]]],[[[-77.95,63.47],[-78.53,63.43],[-77.95,63.09],[-77.5,63.19],[-77.52,63.31],[-77.95,63.47]]],[[[-105.95,77.77],[-105.77,77.47],[-105.3,77.23],[-104.44,77.32],[-105.2,77.63],[-105.95,77.77]]],[[[-90.88,77.66],[-91.22,77.39],[-90.37,77.2],[-89.63,77.33],[-90.2,77.61],[-90.88,77.66]]],[[[-74.33,68.18],[-74.77,67.98],[-74.31,67.76],[-73.43,67.76],[-73.4,67.96],[-74.25,68.06],[-74.33,68.18]]],[[[-79.25,56.63],[-79.54,56.27],[-80.02,55.89],[-79.49,55.86],[-78.95,56.35],[-79.25,56.63]]],[[[-93.92,77.74],[-95.45,77.81],[-96.26,77.69],[-95.83,77.46],[-93.79,77.44],[-93.4,77.63],[-93.92,77.74]]],[[[-81.11,53.18],[-81.82,53.18],[-82.05,53.01],[-80.71,52.67],[-80.76,52.93],[-81.11,53.18]]],[[[-79.6,62.42],[-79.96,62.36],[-80.27,62],[-79.85,61.58],[-79.68,61.61],[-79.26,62.24],[-79.6,62.42]]],[[[-98.13,78.82],[-98.08,78.31],[-96.85,78.11],[-96.85,77.79],[-95.41,77.97],[-94.9,78.11],[-95.44,78.23],[-94.83,78.36],[-95.55,78.51],[-96.28,78.52],[-96.53,78.68],[-98.13,78.82]]],[[[-94.89,75.64],[-95.72,75.53],[-96.44,75.21],[-96.63,74.99],[-95.71,74.82],[-95.27,74.81],[-94.64,74.63],[-93.72,74.64],[-93.44,74.73],[-93.64,75.05],[-93.5,75.28],[-94.31,75.59],[-94.89,75.64]]],[[[-98.43,72.97],[-97.82,73.29],[-97.17,73.36],[-96.93,73.7],[-97.19,73.86],[-99.12,73.75],[-99.82,73.87],[-100.98,73.82],[-100.85,73.66],[-101.62,73.5],[-100.78,73.28],[-100.47,73.24],[-98.43,72.97]]],[[[-75.76,68.34],[-76.27,68.34],[-76.75,68.22],[-77.27,67.76],[-77.22,67.45],[-77,67.24],[-75.89,67.25],[-75.17,67.44],[-75.04,67.6],[-75.14,67.94],[-75.02,68.17],[-75.76,68.34]]],[[[-78.1,73.66],[-79.52,73.64],[-80.02,73.74],[-80.84,73.75],[-80.76,73.28],[-80.13,73.22],[-80,72.87],[-79.14,72.75],[-78.2,72.9],[-76.5,72.82],[-76.05,72.87],[-76.25,73.09],[-76.94,73.33],[-77.19,73.51],[-78.1,73.66]]],[[[-105.41,79.33],[-105.61,79.03],[-104.11,78.98],[-103.3,78.73],[-103.48,78.5],[-104.72,78.58],[-104.81,78.36],[-103.95,78.24],[-102.78,78.4],[-100.75,78.1],[-100.59,77.87],[-99.91,77.78],[-99.17,77.84],[-98.92,78.06],[-99.8,78.3],[-99.48,78.59],[-100.96,78.94],[-103.72,79.36],[-105.41,79.33]]],[[[-109.83,74.88],[-108.58,75.05],[-108.33,74.92],[-107.66,74.98],[-107.19,74.91],[-106,75.07],[-105.36,75.72],[-105.46,75.89],[-106.59,76.07],[-107.04,75.9],[-107.73,75.89],[-108.03,76.28],[-108.62,76.52],[-108.43,76.75],[-109.28,76.8],[-109.84,76.51],[-109.83,76.25],[-109.29,76.11],[-109.83,75.93],[-109.83,75.86],[-108.81,75.69],[-109.05,75.55],[-109.83,75.53],[-109.83,74.88]]],[[[-99.39,75],[-97.97,75.03],[-97.56,75.16],[-98.13,75.31],[-97.44,75.5],[-97.48,76.18],[-97.67,76.49],[-99.03,76.6],[-100.26,76.64],[-100.99,76.5],[-100.43,76.22],[-101.13,76.24],[-101.28,76.41],[-101.9,76.45],[-102.17,76.24],[-101.66,75.98],[-102.34,75.84],[-102.71,75.63],[-102.61,75.5],[-101.48,75.61],[-99.78,75.67],[-100.71,75.43],[-100.37,75.27],[-100.36,75.03],[-99.39,75]]],[[[-93.87,72.26],[-93.45,72.47],[-93.95,72.71],[-93.31,72.82],[-92.37,72.71],[-91.81,72.87],[-90.92,73.48],[-90.16,73.9],[-91.53,74.03],[-92.26,74.02],[-92.6,74.12],[-93.49,74.18],[-94.42,74.12],[-95.3,73.99],[-95.66,73.73],[-95.67,72.81],[-95.13,72.47],[-93.87,72.26]]],[[[-93.52,81.38],[-94.37,81.27],[-92.99,81.16],[-93.81,81.03],[-94.88,81.06],[-95.45,80.9],[-94.52,80.6],[-95.96,80.58],[-96.74,80.09],[-95.73,79.54],[-95.12,79.28],[-94.01,79.26],[-92.95,79.39],[-92.67,79.25],[-94.3,78.98],[-93.3,78.58],[-92.03,78.2],[-90.34,78.14],[-88.83,78.15],[-88.53,78.4],[-87.61,78.64],[-86.5,79.06],[-84.88,79.27],[-85.7,79.62],[-87.14,79.64],[-86.94,79.92],[-87.56,80.17],[-87.6,80.41],[-90.12,80.55],[-91.13,80.77],[-91.8,81.16],[-93.52,81.38]]],[[[-95.69,77.07],[-96.4,77.04],[-96.89,76.89],[-96.01,76.59],[-95.83,76.39],[-95.05,76.22],[-94.72,76.32],[-93.7,76.25],[-93.09,76.31],[-92.67,76.01],[-92.11,75.86],[-91.95,75.59],[-92.42,75.44],[-92.51,75.22],[-92.04,74.96],[-92.05,74.78],[-91.11,74.63],[-89.58,74.54],[-88.42,74.74],[-88.56,74.5],[-87.65,74.46],[-85.25,74.49],[-83.59,74.54],[-81.76,74.47],[-81.23,74.59],[-80.21,74.6],[-79.58,75.02],[-79.57,75.46],[-81.09,75.76],[-82.35,75.84],[-83.25,75.73],[-83.95,75.8],[-86.16,75.51],[-87.31,75.62],[-88.19,75.53],[-89.67,75.89],[-89.94,76.01],[-89.29,76.3],[-90.47,76.47],[-91.44,76.69],[-92.39,76.6],[-93.12,76.62],[-93.72,76.92],[-95.69,77.07]]],[[[-82.01,66.91],[-81.46,66.99],[-81.19,67.45],[-81.38,67.6],[-82.08,67.91],[-82.34,68.16],[-82.32,68.36],[-82.64,68.43],[-82.68,68.72],[-82.17,68.57],[-81.94,68.41],[-81.24,68.64],[-81.31,69.19],[-82.12,69.29],[-82.65,69.63],[-83.47,69.69],[-84.45,69.86],[-85.39,69.73],[-85.52,69.49],[-85.31,69.16],[-84.5,69.01],[-84.77,68.74],[-85.61,68.74],[-85.68,68.41],[-86.09,68.01],[-86.51,67.69],[-86.59,67.41],[-87.07,67.35],[-87.25,67.1],[-87.47,67.36],[-88.12,67.68],[-88.41,67.99],[-87.79,68.31],[-87.93,68.73],[-88.22,68.92],[-89.01,69.25],[-88.99,67],[-84.6,66.98],[-83.98,66.62],[-83.47,66.39],[-82.58,66.56],[-82.11,66.71],[-82.01,66.91]]],[[[-69.63,83.08],[-71.58,83.1],[-74.41,83.03],[-76.87,83.09],[-77.82,82.93],[-79.78,82.95],[-80.36,82.79],[-82.14,82.67],[-82.99,82.22],[-84.35,82.36],[-86.85,82.2],[-89.75,81.9],[-90.57,81.88],[-91.91,81.63],[-89.93,81.33],[-90.28,81.17],[-89.42,80.9],[-88.18,80.68],[-86.03,80.53],[-83.08,80.54],[-80.94,80.66],[-78.97,80.88],[-78.19,80.8],[-79.99,80.61],[-80.06,80.46],[-83.2,80.33],[-81.67,79.9],[-82.08,79.85],[-83.77,80.25],[-86.49,80.3],[-86.45,79.78],[-85.14,79.65],[-84.49,79.42],[-84.32,79.19],[-85.07,78.92],[-86.85,78.74],[-87.52,78.4],[-87.53,78.14],[-86.28,78.08],[-85.69,77.93],[-84.79,77.52],[-85.4,77.39],[-85.94,77.71],[-86.42,77.84],[-87.28,77.9],[-88.04,77.82],[-88.23,77.66],[-87.62,77.49],[-87.73,77.36],[-86.87,77.27],[-87.46,77.13],[-88.38,77.1],[-89.53,76.85],[-89.67,76.57],[-89.23,76.43],[-87.7,76.34],[-87.45,76.46],[-84.93,76.28],[-84.14,76.48],[-82.78,76.38],[-81.25,76.5],[-80.75,76.42],[-81.05,76.13],[-79.33,76.31],[-78.39,76.46],[-77.73,76.82],[-78.09,77.02],[-79.01,77.1],[-79.28,77.22],[-80.06,77.2],[-81.1,77.29],[-81.8,77.17],[-82.21,77.3],[-81.66,77.53],[-80.75,77.33],[-79.18,77.29],[-78.3,77.38],[-77.96,77.78],[-78.48,77.97],[-76.8,77.92],[-75.87,77.96],[-75.35,78.3],[-75.46,78.51],[-74.57,78.59],[-74.71,78.82],[-75.68,78.89],[-75.5,79.05],[-74.5,79.23],[-75.09,79.37],[-71.46,79.72],[-69.54,80.36],[-68.97,80.61],[-66.78,81.01],[-66.06,81.22],[-64.67,81.39],[-66.6,81.52],[-65.3,81.76],[-64.4,81.71],[-62.8,81.93],[-61.21,82.22],[-61.53,82.47],[-65.73,82.85],[-66.32,82.93],[-69.63,83.08]]],[[[-67.12,69.74],[-67.25,69.97],[-67.6,70.18],[-68.16,70.32],[-68.66,69.95],[-69.09,69.93],[-68.29,70.52],[-69.89,70.88],[-70.52,70.93],[-70.82,71.12],[-71.29,70.91],[-72.17,70.78],[-72.34,70.89],[-72.08,71.08],[-71.49,71.07],[-71.15,71.26],[-71.55,71.5],[-72.54,71.66],[-73.04,71.28],[-73.57,71.39],[-73.61,71.72],[-73.97,71.76],[-74.78,71.68],[-74.24,71.82],[-74.24,72.08],[-75,72.13],[-75.16,72.5],[-76.65,72.64],[-76.75,72.73],[-77.59,72.76],[-78.18,72.65],[-78.94,72.28],[-79.34,72.41],[-80.17,72.33],[-79.91,72.19],[-80.99,72.2],[-80.5,72.38],[-80.22,72.73],[-80.64,72.93],[-80.58,73.15],[-81.19,73.26],[-81.2,73.53],[-81.6,73.73],[-82.85,73.74],[-85.13,73.31],[-85.54,73.03],[-85.71,72.65],[-85.51,72.46],[-85.59,71.79],[-84.85,71.63],[-84.65,71.58],[-84.81,71.18],[-85.37,71.19],[-86.23,71.01],[-85.94,71.19],[-85.42,71.25],[-84.93,71.34],[-86.12,71.79],[-86.46,72.2],[-86.23,72.42],[-86.75,72.71],[-85.93,73.36],[-84.83,73.74],[-84.99,73.79],[-86.56,73.86],[-87.45,73.76],[-88.28,73.57],[-88.96,73.29],[-89.56,72.8],[-89.96,72.35],[-89.89,72.19],[-90.11,71.93],[-89.77,71.77],[-90.03,71.6],[-89.86,71.35],[-87.86,71.19],[-86.99,71],[-88.05,70.94],[-88.47,71.03],[-89.15,71.03],[-89.42,70.91],[-88.85,70.53],[-87.61,70.29],[-86.98,70.29],[-85.88,70.09],[-84.94,70.07],[-83.65,69.96],[-83.07,70.02],[-82.45,69.85],[-81.76,69.87],[-81.23,70.02],[-79.94,70.03],[-79.68,69.86],[-78.79,69.89],[-78.65,69.98],[-78.92,70.31],[-78.37,70.21],[-77.67,70.2],[-77.68,69.82],[-76.77,69.75],[-76.65,69.56],[-75.59,69.24],[-75.6,69.07],[-76,69],[-76.65,69.01],[-76.61,68.68],[-76.33,68.69],[-75.58,68.89],[-74.6,68.81],[-74.72,68.74],[-74.23,68.52],[-73.78,68.63],[-73.97,68.42],[-73.77,68.32],[-73,68.24],[-72.84,67.84],[-72.18,67.27],[-72.34,67.11],[-72.82,67.02],[-73.02,66.72],[-74.46,66.16],[-74.02,65.84],[-73.65,65.72],[-73.45,65.45],[-74.14,65.54],[-74.54,65.33],[-75.11,65.26],[-76.02,65.26],[-76.79,65.43],[-77.47,65.38],[-77.31,65.18],[-77.64,65.14],[-78.14,64.96],[-78.19,64.57],[-77.84,64.41],[-77.13,64.3],[-75.61,64.44],[-75.77,64.56],[-74.77,64.38],[-74.52,64.42],[-74.5,64.47],[-74.05,64.5],[-73.46,64.62],[-73.23,64.3],[-72.89,64.03],[-72.4,63.81],[-72.17,63.87],[-72.18,63.67],[-71.56,63.65],[-71.34,63.5],[-71.82,63.37],[-71.4,63.05],[-70.94,63],[-70.16,62.74],[-69.66,62.74],[-69.34,62.52],[-68.8,62.34],[-68.12,62.21],[-67.78,62.18],[-67.36,62.16],[-67.03,62.03],[-66.78,62.05],[-66.39,61.88],[-65.95,61.88],[-66.1,62.25],[-66.52,62.34],[-66.54,62.56],[-66.99,62.65],[-67.05,62.79],[-67.61,63.09],[-68.16,63.21],[-68.76,63.56],[-68.98,63.76],[-68.41,63.73],[-67.62,63.4],[-67.67,63.64],[-66.76,63.1],[-65.91,62.93],[-65.12,62.56],[-64.85,62.87],[-64.6,62.92],[-65.12,63.58],[-64.46,63.43],[-64.5,63.68],[-64.97,63.81],[-64.61,63.97],[-65.36,64.22],[-65.13,64.34],[-65.77,64.87],[-66.48,64.92],[-66.81,65.05],[-67.07,65.39],[-67.46,65.51],[-67.26,65.65],[-67.86,65.69],[-67.81,65.76],[-68.17,65.95],[-68,66.08],[-67.66,65.9],[-67.14,66.02],[-67.74,66.25],[-67.99,66.51],[-67.23,66.4],[-66.45,66.28],[-66.54,66.24],[-66.35,66.22],[-66.45,66.28],[-66.25,66.24],[-65.87,65.94],[-65.36,65.91],[-65.5,65.75],[-65.16,65.43],[-64.62,65.19],[-63.52,65.04],[-63.24,65.63],[-62.79,65.58],[-62.15,66.03],[-62.17,66.31],[-61.54,66.33],[-61.53,66.53],[-61.26,66.62],[-61.52,66.8],[-62.24,66.93],[-62.76,66.93],[-62.81,66.81],[-62.83,66.96],[-63.43,66.91],[-63.23,66.96],[-63.29,67.11],[-63.95,67.27],[-64.07,67.57],[-64.73,67.98],[-65.08,68.04],[-65.8,67.97],[-66.76,68.24],[-67.34,68.5],[-68.1,68.64],[-68.62,68.79],[-67.72,69.02],[-68.08,69.22],[-66.77,69.14],[-66.68,69.27],[-67.23,69.47],[-68,69.47],[-68.32,69.63],[-67.91,69.78],[-67.12,69.74]]]]}},{"type":"Feature","id":"6205","properties":{"id":"6205","name":"Kivalliq","regionAbbrev":"NU","pruid":"62","cdtype":"REG"},"geometry":{"type":"MultiPolygon","coordinates":[[[[-89.33,63.97],[-89.33,63.98],[-89.34,63.98],[-89.33,63.97]]],[[[-89.92,64.12],[-89.92,64.13],[-89.93,64.13],[-89.92,64.12]]],[[[-89.34,64.02],[-89.35,64.01],[-89.34,64.01],[-89.34,64.02]]],[[[-89.34,63.97],[-89.33,63.97],[-89.34,63.98],[-89.34,63.97]]],[[[-89.94,63.9],[-89.95,63.91],[-89.95,63.9],[-89.94,63.9]]],[[[-90.02,63.77],[-90.03,63.77],[-90.02,63.76],[-90.02,63.77]]],[[[-89.77,64.07],[-89.78,64.07],[-89.77,64.06],[-89.77,64.07]]],[[[-89.92,64.13],[-89.93,64.13],[-89.91,64.12],[-89.92,64.13]]],[[[-89.78,64.08],[-89.78,64.07],[-89.77,64.07],[-89.78,64.08]]],[[[-85.08,66.03],[-85.1,65.75],[-84.69,65.83],[-85.08,66.03]]],[[[-84.39,66.14],[-83.93,65.73],[-83.68,65.93],[-84.39,66.14]]],[[[-82.18,62.99],[-82.72,62.94],[-83.01,62.84],[-83.34,62.92],[-83.96,62.43],[-83.75,62.31],[-83.07,62.19],[-81.96,62.71],[-81.87,62.92],[-82.18,62.99]]],[[[-85.5,65.92],[-85.97,65.73],[-86.14,65.42],[-86.13,64.92],[-86.39,64.55],[-86.36,64.3],[-86.18,64.08],[-86.9,63.91],[-87.21,63.71],[-86.93,63.55],[-86.58,63.66],[-86.26,63.63],[-85.69,63.72],[-85.61,63.18],[-85.21,63.11],[-84.58,63.29],[-84.29,63.62],[-83.76,63.77],[-83.53,64.1],[-83.14,63.97],[-82.53,63.95],[-82.06,63.69],[-81.05,63.45],[-80.57,63.63],[-80.67,63.88],[-81.39,64.09],[-81.73,64.27],[-81.82,64.54],[-82.35,64.76],[-82.53,64.73],[-83.19,64.93],[-83.4,65.14],[-84.11,65.2],[-84.13,65.34],[-84.71,65.35],[-85.28,65.54],[-85.03,65.63],[-85.5,65.92]]],[[[-89.69,65.86],[-88.55,65.59],[-88.02,65.34],[-87.35,65.32],[-86.97,65.54],[-86.52,65.66],[-86.4,65.9],[-85.96,66.03],[-85.86,66.16],[-86.63,66.32],[-86.77,66.54],[-85.79,66.5],[-85.43,66.6],[-84.93,66.23],[-84.33,66.15],[-83.66,66.2],[-84.88,66.89],[-85.05,66.85],[-85.2,66.87],[-84.99,66.96],[-85.06,67],[-92.01,67],[-104.99,67],[-105.02,64.48],[-102,64.19],[-102,60],[-94.82,60],[-94.65,60.38],[-94.7,60.52],[-94.38,60.8],[-94.42,60.81],[-94.38,60.8],[-94.42,60.81],[-93.98,61.1],[-94.1,61.31],[-93.83,61.55],[-93.53,61.68],[-93.61,61.88],[-93.28,61.89],[-93.03,62.16],[-92.54,62.2],[-92.66,62.39],[-92.07,62.38],[-92.54,62.45],[-92.23,62.59],[-92.06,62.8],[-91.39,62.83],[-90.62,63.08],[-90.67,63.36],[-91,63.47],[-91.38,63.47],[-91.63,63.59],[-91.73,63.71],[-92.39,63.54],[-92.61,63.54],[-92.12,63.64],[-92.1,63.79],[-91.41,63.72],[-91.34,63.64],[-90.71,63.58],[-90.6,63.68],[-90.56,63.66],[-90.25,63.6],[-89.96,63.8],[-89.83,64.02],[-89.91,64.1],[-89.78,64.19],[-89.14,63.95],[-88.76,63.98],[-88.11,64.15],[-87.81,64.51],[-87.55,64.57],[-86.98,65.04],[-87.01,65.24],[-89.04,65.32],[-89.68,65.72],[-89.69,65.86]]],[[[-91.29,63.79],[-91.36,63.76],[-91.41,63.72],[-91.29,63.79]]]]}},{"type":"Feature","id":"6208","properties":{"id":"6208","name":"Kitikmeot","regionAbbrev":"NU","pruid":"62","cdtype":"REG"},"geometry":{"type":"MultiPolygon","coordinates":[[[[-104.62,68.26],[-104.62,68.25],[-104.61,68.26],[-104.62,68.26]]],[[[-99.95,67.84],[-99.95,67.85],[-99.96,67.85],[-99.95,67.84]]],[[[-105.25,68.38],[-105.26,68.39],[-105.26,68.38],[-105.25,68.38]]],[[[-104.62,68.26],[-104.63,68.26],[-104.62,68.25],[-104.62,68.26]]],[[[-95.78,67.39],[-95.79,67.4],[-95.79,67.39],[-95.78,67.39]]],[[[-99.83,67.83],[-99.83,67.84],[-99.84,67.84],[-99.83,67.83]]],[[[-99.8,67.82],[-99.81,67.82],[-99.8,67.81],[-99.8,67.82]]],[[[-105.41,68.45],[-105.42,68.45],[-105.41,68.44],[-105.41,68.45]]],[[[-101.78,67.74],[-101.79,67.75],[-101.8,67.74],[-101.78,67.74]]],[[[-97.87,67.72],[-97.88,67.71],[-97.86,67.72],[-97.87,67.72]]],[[[-93.68,69.52],[-93.7,69.51],[-93.68,69.51],[-93.68,69.52]]],[[[-105.28,68.4],[-105.29,68.39],[-105.28,68.39],[-105.28,68.4]]],[[[-99.96,67.85],[-99.97,67.84],[-99.95,67.84],[-99.96,67.85]]],[[[-103.04,67.93],[-103.05,67.92],[-103.04,67.92],[-103.04,67.93]]],[[[-96.08,67.5],[-96.09,67.49],[-96.07,67.49],[-96.08,67.5]]],[[[-99.94,67.83],[-99.96,67.84],[-99.97,67.84],[-99.94,67.83]]],[[[-98.52,67.8],[-98.53,67.79],[-98.51,67.79],[-98.52,67.8]]],[[[-99.77,67.86],[-99.78,67.84],[-99.74,67.84],[-99.77,67.86]]],[[[-105.26,68.38],[-105.27,68.35],[-105.22,68.35],[-105.26,68.38]]],[[[-101.98,68.83],[-102.33,68.7],[-101.81,68.56],[-101.7,68.79],[-101.98,68.83]]],[[[-93.87,72.26],[-95.12,72.46],[-95.18,71.97],[-94.06,72.07],[-93.87,72.26]]],[[[-106.02,73.73],[-106.67,73.68],[-106.77,73.47],[-106.04,73.28],[-105.92,73.14],[-105.33,72.93],[-104.7,73.18],[-104.45,73.55],[-104.63,73.63],[-106.02,73.73]]],[[[-99.17,68.83],[-98.83,68.84],[-97.48,68.56],[-97.09,68.61],[-96.54,68.45],[-96.26,68.47],[-95.65,68.84],[-96.02,69.24],[-97.38,69.76],[-97.95,69.9],[-98.53,69.59],[-98.71,69.19],[-99.41,69.15],[-99.54,69.01],[-99.17,68.83]]],[[[-100.47,73.24],[-100.16,73.1],[-100.17,72.79],[-101.03,72.69],[-101.89,73.06],[-102.52,73.02],[-102.75,72.77],[-101.95,72.47],[-101.78,72.3],[-101.21,72.35],[-100.61,72.19],[-100.06,71.87],[-99.83,71.85],[-99.22,71.35],[-98.71,71.28],[-98.04,71.53],[-97.08,71.7],[-96.46,71.94],[-96.5,72.24],[-96.27,72.42],[-96.57,72.7],[-97.03,72.77],[-98.3,72.95],[-98.43,72.97],[-100.47,73.24]]],[[[-105.29,72.81],[-106.76,73.3],[-107.09,73.24],[-108,73.35],[-108.26,73.12],[-107.83,72.58],[-107.76,72.15],[-107.4,71.98],[-107.76,71.6],[-108.27,71.79],[-108.37,72.16],[-108.64,72.33],[-108.58,72.55],[-109.36,72.75],[-109.84,72.73],[-109.84,72.71],[-109.84,72.67],[-109.84,72.54],[-109.85,72.46],[-109.85,72.44],[-109.86,70],[-112.83,70],[-117.02,70],[-116.47,69.7],[-116.5,69.41],[-115.94,69.3],[-115.16,69.25],[-114.24,69.29],[-113.28,69.18],[-113.67,68.82],[-113.35,68.6],[-113.01,68.51],[-111.66,68.55],[-110.52,68.63],[-109.7,68.64],[-109.03,68.73],[-108.54,68.94],[-107.36,69.01],[-106.92,69.22],[-106.96,69.36],[-106.59,69.5],[-106.24,69.29],[-105.44,69.09],[-105.12,68.9],[-102.91,68.8],[-102.39,68.96],[-101.79,69],[-101.71,69.16],[-101.91,69.41],[-102.53,69.55],[-102.46,69.8],[-101.31,69.68],[-100.91,69.7],[-100.85,69.88],[-101,70.2],[-101.51,70.11],[-102.61,70.5],[-103.08,70.51],[-104.01,70.79],[-104.49,71.03],[-104.27,71.36],[-104.3,71.6],[-104.75,71.85],[-104.82,71.9],[-104.95,72.19],[-105.45,72.7],[-105.29,72.81]]],[[[-92.26,70.2],[-91.51,70.18],[-92,70.41],[-92.29,70.64],[-92.65,70.67],[-92.9,70.91],[-92.95,71.35],[-93.79,71.65],[-93.68,71.77],[-94.46,71.83],[-94.65,72],[-95.17,71.96],[-95.28,71.76],[-95.92,71.55],[-96.43,71.2],[-96.58,70.79],[-96.06,70.59],[-96.49,70.37],[-96.48,70.1],[-96.19,69.87],[-95.62,69.8],[-95.09,69.61],[-94.71,69.61],[-94.28,69.44],[-93.89,69.44],[-93.52,69.54],[-93.23,69.4],[-93.99,69.16],[-94.52,68.89],[-94.07,68.76],[-93.89,69],[-93.56,68.86],[-93.75,68.62],[-94.19,68.37],[-94.16,68.28],[-94.85,68],[-95.08,68.09],[-95.5,67.93],[-95.7,67.73],[-95.32,67.56],[-95.5,67.36],[-96.07,67.49],[-96.25,67.46],[-96.44,67.52],[-96.11,67.76],[-95.99,68.12],[-96.92,68.28],[-97.31,68.51],[-97.59,68.5],[-98.56,68.16],[-98.05,67.92],[-97.63,68.02],[-97.36,67.87],[-97.21,67.95],[-97.02,67.67],[-97.54,67.6],[-98.01,67.77],[-98.24,67.87],[-98.58,68.09],[-98.73,67.75],[-99.27,67.76],[-99.75,67.84],[-100.54,67.81],[-101.53,67.67],[-101.84,67.73],[-101.79,67.75],[-102.21,67.7],[-102.94,67.92],[-103.07,67.89],[-103.56,68.05],[-104.47,68.02],[-104.55,68.15],[-104.57,68.25],[-105.06,68.27],[-105.33,68.38],[-105.27,68.46],[-105.77,68.88],[-106.18,68.95],[-107.28,68.7],[-108.36,68.6],[-108.81,68.26],[-107.9,68.28],[-106.97,68.37],[-106.94,68.36],[-106.56,68.53],[-105.62,68.64],[-105.79,68.47],[-106.62,68.18],[-106.7,68.1],[-107.67,68.05],[-108.02,67.78],[-107.57,67.5],[-107.52,67.21],[-108.07,66.82],[-107.85,67.04],[-107.96,67.28],[-108.66,67.64],[-109.65,67.8],[-110.04,68.01],[-110.96,67.77],[-111.53,67.71],[-111.91,67.76],[-112.99,67.67],[-114.31,67.73],[-114.99,67.79],[-115.56,67.92],[-115.23,68.03],[-115.02,68.29],[-114,68.24],[-113.89,68.4],[-114.54,68.73],[-115.6,68.98],[-116.39,68.89],[-117.16,68.9],[-117.98,69.02],[-118.7,69.23],[-120,69.35],[-120.72,69.57],[-120.61,68.62],[-120.63,67.78],[-118.59,67.2],[-117.07,66.93],[-112.58,65.45],[-110.54,65.45],[-108.84,64.73],[-105.02,64.48],[-104.99,67],[-88.99,67],[-89.01,69.25],[-89.33,69.24],[-89.75,68.96],[-89.89,68.44],[-90.46,68.54],[-90.45,68.77],[-90.41,68.84],[-90.86,69.25],[-90.64,69.54],[-90.69,69.55],[-91.79,69.5],[-92.51,69.71],[-91.93,70.02],[-92.26,70.2]]]]}}]}